ISO-10303-21;
HEADER;
/* Generated by software containing ST-Developer
 * from STEP Tools, Inc. (www.steptools.com) 
 */

FILE_DESCRIPTION(
/* description */ (''),
/* implementation_level */ '2;1');

FILE_NAME(
/* name */ 'Top_enclosure_db.step',
/* time_stamp */ '2025-05-07T16:27:49-05:00',
/* author */ (''),
/* organization */ (''),
/* preprocessor_version */ 'ST-DEVELOPER v20.1',
/* originating_system */ 'Autodesk Translation Framework v14.4.0.0',
/* authorisation */ '');

FILE_SCHEMA (('AUTOMOTIVE_DESIGN { 1 0 10303 214 3 1 1 }'));
ENDSEC;

DATA;
#10=MECHANICAL_DESIGN_GEOMETRIC_PRESENTATION_REPRESENTATION('',(#13),#5472);
#11=SHAPE_REPRESENTATION_RELATIONSHIP('SRR','None',#5479,#12);
#12=ADVANCED_BREP_SHAPE_REPRESENTATION('',(#14),#5471);
#13=STYLED_ITEM('',(#5488),#14);
#14=MANIFOLD_SOLID_BREP('Body1',#2887);
#15=CONICAL_SURFACE('',#2954,0.85,1.02974425867665);
#16=FACE_BOUND('',#395,.T.);
#17=FACE_BOUND('',#397,.T.);
#18=FACE_BOUND('',#398,.T.);
#19=FACE_BOUND('',#399,.T.);
#20=FACE_BOUND('',#400,.T.);
#21=FACE_BOUND('',#401,.T.);
#22=FACE_BOUND('',#402,.T.);
#23=FACE_BOUND('',#403,.T.);
#24=FACE_BOUND('',#404,.T.);
#25=FACE_BOUND('',#405,.T.);
#26=FACE_BOUND('',#406,.T.);
#27=FACE_BOUND('',#407,.T.);
#28=FACE_BOUND('',#408,.T.);
#29=FACE_BOUND('',#409,.T.);
#30=FACE_BOUND('',#410,.T.);
#31=FACE_BOUND('',#411,.T.);
#32=FACE_BOUND('',#412,.T.);
#33=FACE_BOUND('',#413,.T.);
#34=FACE_BOUND('',#417,.T.);
#35=FACE_BOUND('',#422,.T.);
#36=FACE_BOUND('',#424,.T.);
#37=FACE_BOUND('',#428,.T.);
#38=FACE_BOUND('',#447,.T.);
#39=FACE_BOUND('',#448,.T.);
#40=FACE_BOUND('',#449,.T.);
#41=FACE_BOUND('',#450,.T.);
#42=FACE_BOUND('',#451,.T.);
#43=FACE_BOUND('',#452,.T.);
#44=FACE_BOUND('',#453,.T.);
#45=FACE_BOUND('',#454,.T.);
#46=FACE_BOUND('',#455,.T.);
#47=FACE_BOUND('',#456,.T.);
#48=FACE_BOUND('',#457,.T.);
#49=FACE_BOUND('',#458,.T.);
#50=FACE_BOUND('',#459,.T.);
#51=CIRCLE('',#2922,2.);
#52=CIRCLE('',#2923,2.);
#53=CIRCLE('',#2925,3.00000001490116);
#54=CIRCLE('',#2926,3.00000001490116);
#55=CIRCLE('',#2929,3.00000001490115);
#56=CIRCLE('',#2930,3.00000001490116);
#57=CIRCLE('',#2931,3.00000001490115);
#58=CIRCLE('',#2933,1.99999999999999);
#59=CIRCLE('',#2934,1.99999999999999);
#60=CIRCLE('',#2936,3.00000001490115);
#61=CIRCLE('',#2940,1.99999999999999);
#62=CIRCLE('',#2941,1.99999999999999);
#63=CIRCLE('',#2943,3.00000001490115);
#64=CIRCLE('',#2946,1.7);
#65=CIRCLE('',#2948,2.);
#66=CIRCLE('',#2949,2.);
#67=CIRCLE('',#2951,3.00000001490116);
#68=CYLINDRICAL_SURFACE('',#2921,2.);
#69=CYLINDRICAL_SURFACE('',#2924,3.00000001490116);
#70=CYLINDRICAL_SURFACE('',#2932,1.99999999999999);
#71=CYLINDRICAL_SURFACE('',#2935,3.00000001490115);
#72=CYLINDRICAL_SURFACE('',#2939,1.99999999999999);
#73=CYLINDRICAL_SURFACE('',#2942,3.00000001490115);
#74=CYLINDRICAL_SURFACE('',#2947,2.);
#75=CYLINDRICAL_SURFACE('',#2950,3.00000001490116);
#76=B_SPLINE_SURFACE_WITH_KNOTS('',2,1,((#5006,#5007),(#5008,#5009),(#5010,
#5011)),.UNSPECIFIED.,.F.,.F.,.F.,(3,3),(2,2),(0.,1.),(0.,2.5),
 .UNSPECIFIED.);
#77=PLANE('',#2901);
#78=PLANE('',#2902);
#79=PLANE('',#2903);
#80=PLANE('',#2904);
#81=PLANE('',#2905);
#82=PLANE('',#2906);
#83=PLANE('',#2907);
#84=PLANE('',#2908);
#85=PLANE('',#2909);
#86=PLANE('',#2910);
#87=PLANE('',#2911);
#88=PLANE('',#2912);
#89=PLANE('',#2913);
#90=PLANE('',#2914);
#91=PLANE('',#2915);
#92=PLANE('',#2916);
#93=PLANE('',#2917);
#94=PLANE('',#2918);
#95=PLANE('',#2919);
#96=PLANE('',#2920);
#97=PLANE('',#2927);
#98=PLANE('',#2928);
#99=PLANE('',#2937);
#100=PLANE('',#2938);
#101=PLANE('',#2944);
#102=PLANE('',#2945);
#103=PLANE('',#2952);
#104=PLANE('',#2953);
#105=PLANE('',#2955);
#106=PLANE('',#2956);
#107=PLANE('',#2957);
#108=PLANE('',#2958);
#109=PLANE('',#2959);
#110=PLANE('',#2960);
#111=PLANE('',#2961);
#112=PLANE('',#2962);
#113=PLANE('',#2963);
#114=PLANE('',#2964);
#115=PLANE('',#2965);
#116=PLANE('',#2966);
#117=PLANE('',#2967);
#118=PLANE('',#2968);
#119=PLANE('',#2969);
#120=PLANE('',#2970);
#121=FACE_OUTER_BOUND('',#273,.T.);
#122=FACE_OUTER_BOUND('',#274,.T.);
#123=FACE_OUTER_BOUND('',#275,.T.);
#124=FACE_OUTER_BOUND('',#276,.T.);
#125=FACE_OUTER_BOUND('',#277,.T.);
#126=FACE_OUTER_BOUND('',#278,.T.);
#127=FACE_OUTER_BOUND('',#279,.T.);
#128=FACE_OUTER_BOUND('',#280,.T.);
#129=FACE_OUTER_BOUND('',#281,.T.);
#130=FACE_OUTER_BOUND('',#282,.T.);
#131=FACE_OUTER_BOUND('',#283,.T.);
#132=FACE_OUTER_BOUND('',#284,.T.);
#133=FACE_OUTER_BOUND('',#285,.T.);
#134=FACE_OUTER_BOUND('',#286,.T.);
#135=FACE_OUTER_BOUND('',#287,.T.);
#136=FACE_OUTER_BOUND('',#288,.T.);
#137=FACE_OUTER_BOUND('',#289,.T.);
#138=FACE_OUTER_BOUND('',#290,.T.);
#139=FACE_OUTER_BOUND('',#291,.T.);
#140=FACE_OUTER_BOUND('',#292,.T.);
#141=FACE_OUTER_BOUND('',#293,.T.);
#142=FACE_OUTER_BOUND('',#294,.T.);
#143=FACE_OUTER_BOUND('',#295,.T.);
#144=FACE_OUTER_BOUND('',#296,.T.);
#145=FACE_OUTER_BOUND('',#297,.T.);
#146=FACE_OUTER_BOUND('',#298,.T.);
#147=FACE_OUTER_BOUND('',#299,.T.);
#148=FACE_OUTER_BOUND('',#300,.T.);
#149=FACE_OUTER_BOUND('',#301,.T.);
#150=FACE_OUTER_BOUND('',#302,.T.);
#151=FACE_OUTER_BOUND('',#303,.T.);
#152=FACE_OUTER_BOUND('',#304,.T.);
#153=FACE_OUTER_BOUND('',#305,.T.);
#154=FACE_OUTER_BOUND('',#306,.T.);
#155=FACE_OUTER_BOUND('',#307,.T.);
#156=FACE_OUTER_BOUND('',#308,.T.);
#157=FACE_OUTER_BOUND('',#309,.T.);
#158=FACE_OUTER_BOUND('',#310,.T.);
#159=FACE_OUTER_BOUND('',#311,.T.);
#160=FACE_OUTER_BOUND('',#312,.T.);
#161=FACE_OUTER_BOUND('',#313,.T.);
#162=FACE_OUTER_BOUND('',#314,.T.);
#163=FACE_OUTER_BOUND('',#315,.T.);
#164=FACE_OUTER_BOUND('',#316,.T.);
#165=FACE_OUTER_BOUND('',#317,.T.);
#166=FACE_OUTER_BOUND('',#318,.T.);
#167=FACE_OUTER_BOUND('',#319,.T.);
#168=FACE_OUTER_BOUND('',#320,.T.);
#169=FACE_OUTER_BOUND('',#321,.T.);
#170=FACE_OUTER_BOUND('',#322,.T.);
#171=FACE_OUTER_BOUND('',#323,.T.);
#172=FACE_OUTER_BOUND('',#324,.T.);
#173=FACE_OUTER_BOUND('',#325,.T.);
#174=FACE_OUTER_BOUND('',#326,.T.);
#175=FACE_OUTER_BOUND('',#327,.T.);
#176=FACE_OUTER_BOUND('',#328,.T.);
#177=FACE_OUTER_BOUND('',#329,.T.);
#178=FACE_OUTER_BOUND('',#330,.T.);
#179=FACE_OUTER_BOUND('',#331,.T.);
#180=FACE_OUTER_BOUND('',#332,.T.);
#181=FACE_OUTER_BOUND('',#333,.T.);
#182=FACE_OUTER_BOUND('',#334,.T.);
#183=FACE_OUTER_BOUND('',#335,.T.);
#184=FACE_OUTER_BOUND('',#336,.T.);
#185=FACE_OUTER_BOUND('',#337,.T.);
#186=FACE_OUTER_BOUND('',#338,.T.);
#187=FACE_OUTER_BOUND('',#339,.T.);
#188=FACE_OUTER_BOUND('',#340,.T.);
#189=FACE_OUTER_BOUND('',#341,.T.);
#190=FACE_OUTER_BOUND('',#342,.T.);
#191=FACE_OUTER_BOUND('',#343,.T.);
#192=FACE_OUTER_BOUND('',#344,.T.);
#193=FACE_OUTER_BOUND('',#345,.T.);
#194=FACE_OUTER_BOUND('',#346,.T.);
#195=FACE_OUTER_BOUND('',#347,.T.);
#196=FACE_OUTER_BOUND('',#348,.T.);
#197=FACE_OUTER_BOUND('',#349,.T.);
#198=FACE_OUTER_BOUND('',#350,.T.);
#199=FACE_OUTER_BOUND('',#351,.T.);
#200=FACE_OUTER_BOUND('',#352,.T.);
#201=FACE_OUTER_BOUND('',#353,.T.);
#202=FACE_OUTER_BOUND('',#354,.T.);
#203=FACE_OUTER_BOUND('',#355,.T.);
#204=FACE_OUTER_BOUND('',#356,.T.);
#205=FACE_OUTER_BOUND('',#357,.T.);
#206=FACE_OUTER_BOUND('',#358,.T.);
#207=FACE_OUTER_BOUND('',#359,.T.);
#208=FACE_OUTER_BOUND('',#360,.T.);
#209=FACE_OUTER_BOUND('',#361,.T.);
#210=FACE_OUTER_BOUND('',#362,.T.);
#211=FACE_OUTER_BOUND('',#363,.T.);
#212=FACE_OUTER_BOUND('',#364,.T.);
#213=FACE_OUTER_BOUND('',#365,.T.);
#214=FACE_OUTER_BOUND('',#366,.T.);
#215=FACE_OUTER_BOUND('',#367,.T.);
#216=FACE_OUTER_BOUND('',#368,.T.);
#217=FACE_OUTER_BOUND('',#369,.T.);
#218=FACE_OUTER_BOUND('',#370,.T.);
#219=FACE_OUTER_BOUND('',#371,.T.);
#220=FACE_OUTER_BOUND('',#372,.T.);
#221=FACE_OUTER_BOUND('',#373,.T.);
#222=FACE_OUTER_BOUND('',#374,.T.);
#223=FACE_OUTER_BOUND('',#375,.T.);
#224=FACE_OUTER_BOUND('',#376,.T.);
#225=FACE_OUTER_BOUND('',#377,.T.);
#226=FACE_OUTER_BOUND('',#378,.T.);
#227=FACE_OUTER_BOUND('',#379,.T.);
#228=FACE_OUTER_BOUND('',#380,.T.);
#229=FACE_OUTER_BOUND('',#381,.T.);
#230=FACE_OUTER_BOUND('',#382,.T.);
#231=FACE_OUTER_BOUND('',#383,.T.);
#232=FACE_OUTER_BOUND('',#384,.T.);
#233=FACE_OUTER_BOUND('',#385,.T.);
#234=FACE_OUTER_BOUND('',#386,.T.);
#235=FACE_OUTER_BOUND('',#387,.T.);
#236=FACE_OUTER_BOUND('',#388,.T.);
#237=FACE_OUTER_BOUND('',#389,.T.);
#238=FACE_OUTER_BOUND('',#390,.T.);
#239=FACE_OUTER_BOUND('',#391,.T.);
#240=FACE_OUTER_BOUND('',#392,.T.);
#241=FACE_OUTER_BOUND('',#393,.T.);
#242=FACE_OUTER_BOUND('',#394,.T.);
#243=FACE_OUTER_BOUND('',#396,.T.);
#244=FACE_OUTER_BOUND('',#414,.T.);
#245=FACE_OUTER_BOUND('',#415,.T.);
#246=FACE_OUTER_BOUND('',#416,.T.);
#247=FACE_OUTER_BOUND('',#418,.T.);
#248=FACE_OUTER_BOUND('',#419,.T.);
#249=FACE_OUTER_BOUND('',#420,.T.);
#250=FACE_OUTER_BOUND('',#421,.T.);
#251=FACE_OUTER_BOUND('',#423,.T.);
#252=FACE_OUTER_BOUND('',#425,.T.);
#253=FACE_OUTER_BOUND('',#426,.T.);
#254=FACE_OUTER_BOUND('',#427,.T.);
#255=FACE_OUTER_BOUND('',#429,.T.);
#256=FACE_OUTER_BOUND('',#430,.T.);
#257=FACE_OUTER_BOUND('',#431,.T.);
#258=FACE_OUTER_BOUND('',#432,.T.);
#259=FACE_OUTER_BOUND('',#433,.T.);
#260=FACE_OUTER_BOUND('',#434,.T.);
#261=FACE_OUTER_BOUND('',#435,.T.);
#262=FACE_OUTER_BOUND('',#436,.T.);
#263=FACE_OUTER_BOUND('',#437,.T.);
#264=FACE_OUTER_BOUND('',#438,.T.);
#265=FACE_OUTER_BOUND('',#439,.T.);
#266=FACE_OUTER_BOUND('',#440,.T.);
#267=FACE_OUTER_BOUND('',#441,.T.);
#268=FACE_OUTER_BOUND('',#442,.T.);
#269=FACE_OUTER_BOUND('',#443,.T.);
#270=FACE_OUTER_BOUND('',#444,.T.);
#271=FACE_OUTER_BOUND('',#445,.T.);
#272=FACE_OUTER_BOUND('',#446,.T.);
#273=EDGE_LOOP('',(#1787,#1788,#1789,#1790));
#274=EDGE_LOOP('',(#1791,#1792,#1793,#1794));
#275=EDGE_LOOP('',(#1795,#1796,#1797,#1798));
#276=EDGE_LOOP('',(#1799,#1800,#1801,#1802));
#277=EDGE_LOOP('',(#1803,#1804,#1805,#1806));
#278=EDGE_LOOP('',(#1807,#1808,#1809,#1810));
#279=EDGE_LOOP('',(#1811,#1812,#1813,#1814));
#280=EDGE_LOOP('',(#1815,#1816,#1817,#1818));
#281=EDGE_LOOP('',(#1819,#1820,#1821,#1822));
#282=EDGE_LOOP('',(#1823,#1824,#1825,#1826));
#283=EDGE_LOOP('',(#1827,#1828,#1829,#1830));
#284=EDGE_LOOP('',(#1831,#1832,#1833,#1834));
#285=EDGE_LOOP('',(#1835,#1836,#1837,#1838));
#286=EDGE_LOOP('',(#1839,#1840,#1841,#1842));
#287=EDGE_LOOP('',(#1843,#1844,#1845,#1846));
#288=EDGE_LOOP('',(#1847,#1848,#1849,#1850));
#289=EDGE_LOOP('',(#1851,#1852,#1853,#1854));
#290=EDGE_LOOP('',(#1855,#1856,#1857,#1858));
#291=EDGE_LOOP('',(#1859,#1860,#1861,#1862));
#292=EDGE_LOOP('',(#1863,#1864,#1865,#1866));
#293=EDGE_LOOP('',(#1867,#1868,#1869,#1870));
#294=EDGE_LOOP('',(#1871,#1872,#1873,#1874));
#295=EDGE_LOOP('',(#1875,#1876,#1877,#1878));
#296=EDGE_LOOP('',(#1879,#1880,#1881,#1882));
#297=EDGE_LOOP('',(#1883,#1884,#1885,#1886));
#298=EDGE_LOOP('',(#1887,#1888,#1889,#1890));
#299=EDGE_LOOP('',(#1891,#1892,#1893,#1894));
#300=EDGE_LOOP('',(#1895,#1896,#1897,#1898));
#301=EDGE_LOOP('',(#1899,#1900,#1901,#1902));
#302=EDGE_LOOP('',(#1903,#1904,#1905,#1906));
#303=EDGE_LOOP('',(#1907,#1908,#1909,#1910));
#304=EDGE_LOOP('',(#1911,#1912,#1913,#1914));
#305=EDGE_LOOP('',(#1915,#1916,#1917,#1918));
#306=EDGE_LOOP('',(#1919,#1920,#1921,#1922));
#307=EDGE_LOOP('',(#1923,#1924,#1925,#1926));
#308=EDGE_LOOP('',(#1927,#1928,#1929,#1930));
#309=EDGE_LOOP('',(#1931,#1932,#1933,#1934));
#310=EDGE_LOOP('',(#1935,#1936,#1937,#1938));
#311=EDGE_LOOP('',(#1939,#1940,#1941,#1942));
#312=EDGE_LOOP('',(#1943,#1944,#1945,#1946));
#313=EDGE_LOOP('',(#1947,#1948,#1949,#1950));
#314=EDGE_LOOP('',(#1951,#1952,#1953,#1954));
#315=EDGE_LOOP('',(#1955,#1956,#1957,#1958));
#316=EDGE_LOOP('',(#1959,#1960,#1961,#1962));
#317=EDGE_LOOP('',(#1963,#1964,#1965,#1966));
#318=EDGE_LOOP('',(#1967,#1968,#1969,#1970));
#319=EDGE_LOOP('',(#1971,#1972,#1973,#1974));
#320=EDGE_LOOP('',(#1975,#1976,#1977,#1978));
#321=EDGE_LOOP('',(#1979,#1980,#1981,#1982));
#322=EDGE_LOOP('',(#1983,#1984,#1985,#1986));
#323=EDGE_LOOP('',(#1987,#1988,#1989,#1990));
#324=EDGE_LOOP('',(#1991,#1992,#1993,#1994));
#325=EDGE_LOOP('',(#1995,#1996,#1997,#1998));
#326=EDGE_LOOP('',(#1999,#2000,#2001,#2002));
#327=EDGE_LOOP('',(#2003,#2004,#2005,#2006));
#328=EDGE_LOOP('',(#2007,#2008,#2009,#2010));
#329=EDGE_LOOP('',(#2011,#2012,#2013,#2014));
#330=EDGE_LOOP('',(#2015,#2016,#2017,#2018));
#331=EDGE_LOOP('',(#2019,#2020,#2021,#2022));
#332=EDGE_LOOP('',(#2023,#2024,#2025,#2026));
#333=EDGE_LOOP('',(#2027,#2028,#2029,#2030));
#334=EDGE_LOOP('',(#2031,#2032,#2033,#2034));
#335=EDGE_LOOP('',(#2035,#2036,#2037,#2038));
#336=EDGE_LOOP('',(#2039,#2040,#2041,#2042));
#337=EDGE_LOOP('',(#2043,#2044,#2045,#2046));
#338=EDGE_LOOP('',(#2047,#2048,#2049,#2050));
#339=EDGE_LOOP('',(#2051,#2052,#2053,#2054));
#340=EDGE_LOOP('',(#2055,#2056,#2057,#2058));
#341=EDGE_LOOP('',(#2059,#2060,#2061,#2062));
#342=EDGE_LOOP('',(#2063,#2064,#2065,#2066));
#343=EDGE_LOOP('',(#2067,#2068,#2069,#2070));
#344=EDGE_LOOP('',(#2071,#2072,#2073,#2074));
#345=EDGE_LOOP('',(#2075,#2076,#2077,#2078));
#346=EDGE_LOOP('',(#2079,#2080,#2081,#2082));
#347=EDGE_LOOP('',(#2083,#2084,#2085,#2086));
#348=EDGE_LOOP('',(#2087,#2088,#2089,#2090));
#349=EDGE_LOOP('',(#2091,#2092,#2093,#2094));
#350=EDGE_LOOP('',(#2095,#2096,#2097,#2098));
#351=EDGE_LOOP('',(#2099,#2100,#2101,#2102));
#352=EDGE_LOOP('',(#2103,#2104,#2105,#2106));
#353=EDGE_LOOP('',(#2107,#2108,#2109,#2110));
#354=EDGE_LOOP('',(#2111,#2112,#2113,#2114));
#355=EDGE_LOOP('',(#2115,#2116,#2117,#2118));
#356=EDGE_LOOP('',(#2119,#2120,#2121,#2122));
#357=EDGE_LOOP('',(#2123,#2124,#2125,#2126));
#358=EDGE_LOOP('',(#2127,#2128,#2129,#2130));
#359=EDGE_LOOP('',(#2131,#2132,#2133,#2134));
#360=EDGE_LOOP('',(#2135,#2136,#2137,#2138));
#361=EDGE_LOOP('',(#2139,#2140,#2141,#2142));
#362=EDGE_LOOP('',(#2143,#2144,#2145,#2146));
#363=EDGE_LOOP('',(#2147,#2148,#2149,#2150));
#364=EDGE_LOOP('',(#2151,#2152,#2153,#2154));
#365=EDGE_LOOP('',(#2155,#2156,#2157,#2158));
#366=EDGE_LOOP('',(#2159,#2160,#2161,#2162));
#367=EDGE_LOOP('',(#2163,#2164,#2165,#2166));
#368=EDGE_LOOP('',(#2167,#2168,#2169,#2170));
#369=EDGE_LOOP('',(#2171,#2172,#2173,#2174));
#370=EDGE_LOOP('',(#2175,#2176,#2177,#2178));
#371=EDGE_LOOP('',(#2179,#2180,#2181,#2182));
#372=EDGE_LOOP('',(#2183,#2184,#2185,#2186));
#373=EDGE_LOOP('',(#2187,#2188,#2189,#2190));
#374=EDGE_LOOP('',(#2191,#2192,#2193,#2194));
#375=EDGE_LOOP('',(#2195,#2196,#2197,#2198));
#376=EDGE_LOOP('',(#2199,#2200,#2201,#2202));
#377=EDGE_LOOP('',(#2203,#2204,#2205,#2206));
#378=EDGE_LOOP('',(#2207,#2208,#2209,#2210));
#379=EDGE_LOOP('',(#2211,#2212,#2213,#2214));
#380=EDGE_LOOP('',(#2215,#2216,#2217,#2218));
#381=EDGE_LOOP('',(#2219,#2220,#2221,#2222));
#382=EDGE_LOOP('',(#2223,#2224,#2225,#2226));
#383=EDGE_LOOP('',(#2227,#2228,#2229,#2230));
#384=EDGE_LOOP('',(#2231,#2232,#2233,#2234));
#385=EDGE_LOOP('',(#2235,#2236,#2237,#2238));
#386=EDGE_LOOP('',(#2239,#2240,#2241,#2242));
#387=EDGE_LOOP('',(#2243,#2244,#2245,#2246));
#388=EDGE_LOOP('',(#2247,#2248,#2249,#2250));
#389=EDGE_LOOP('',(#2251,#2252,#2253,#2254));
#390=EDGE_LOOP('',(#2255,#2256,#2257,#2258,#2259,#2260));
#391=EDGE_LOOP('',(#2261,#2262,#2263,#2264,#2265,#2266,#2267,#2268,#2269,
#2270));
#392=EDGE_LOOP('',(#2271,#2272,#2273,#2274));
#393=EDGE_LOOP('',(#2275,#2276,#2277,#2278));
#394=EDGE_LOOP('',(#2279));
#395=EDGE_LOOP('',(#2280));
#396=EDGE_LOOP('',(#2281,#2282,#2283,#2284,#2285,#2286,#2287,#2288));
#397=EDGE_LOOP('',(#2289,#2290,#2291,#2292,#2293));
#398=EDGE_LOOP('',(#2294,#2295,#2296,#2297,#2298,#2299));
#399=EDGE_LOOP('',(#2300,#2301,#2302,#2303,#2304,#2305,#2306));
#400=EDGE_LOOP('',(#2307,#2308,#2309,#2310,#2311,#2312,#2313,#2314,#2315,
#2316,#2317,#2318,#2319));
#401=EDGE_LOOP('',(#2320,#2321,#2322,#2323,#2324,#2325,#2326,#2327,#2328,
#2329,#2330));
#402=EDGE_LOOP('',(#2331,#2332,#2333,#2334,#2335,#2336,#2337,#2338,#2339,
#2340,#2341));
#403=EDGE_LOOP('',(#2342,#2343,#2344,#2345,#2346,#2347));
#404=EDGE_LOOP('',(#2348,#2349,#2350,#2351,#2352,#2353,#2354,#2355,#2356,
#2357,#2358));
#405=EDGE_LOOP('',(#2359,#2360,#2361,#2362,#2363,#2364,#2365,#2366,#2367));
#406=EDGE_LOOP('',(#2368,#2369,#2370,#2371,#2372,#2373,#2374,#2375,#2376,
#2377,#2378,#2379,#2380));
#407=EDGE_LOOP('',(#2381,#2382,#2383,#2384,#2385,#2386,#2387));
#408=EDGE_LOOP('',(#2388,#2389,#2390,#2391,#2392,#2393));
#409=EDGE_LOOP('',(#2394,#2395,#2396,#2397,#2398,#2399,#2400,#2401,#2402,
#2403,#2404,#2405));
#410=EDGE_LOOP('',(#2406));
#411=EDGE_LOOP('',(#2407));
#412=EDGE_LOOP('',(#2408));
#413=EDGE_LOOP('',(#2409));
#414=EDGE_LOOP('',(#2410,#2411,#2412,#2413));
#415=EDGE_LOOP('',(#2414,#2415,#2416,#2417));
#416=EDGE_LOOP('',(#2418));
#417=EDGE_LOOP('',(#2419));
#418=EDGE_LOOP('',(#2420));
#419=EDGE_LOOP('',(#2421,#2422,#2423,#2424));
#420=EDGE_LOOP('',(#2425,#2426,#2427,#2428));
#421=EDGE_LOOP('',(#2429));
#422=EDGE_LOOP('',(#2430));
#423=EDGE_LOOP('',(#2431));
#424=EDGE_LOOP('',(#2432));
#425=EDGE_LOOP('',(#2433,#2434,#2435,#2436));
#426=EDGE_LOOP('',(#2437,#2438,#2439,#2440));
#427=EDGE_LOOP('',(#2441));
#428=EDGE_LOOP('',(#2442));
#429=EDGE_LOOP('',(#2443));
#430=EDGE_LOOP('',(#2444,#2445,#2446));
#431=EDGE_LOOP('',(#2447,#2448,#2449,#2450));
#432=EDGE_LOOP('',(#2451,#2452,#2453,#2454));
#433=EDGE_LOOP('',(#2455));
#434=EDGE_LOOP('',(#2456,#2457,#2458,#2459));
#435=EDGE_LOOP('',(#2460,#2461,#2462,#2463));
#436=EDGE_LOOP('',(#2464,#2465,#2466,#2467));
#437=EDGE_LOOP('',(#2468,#2469,#2470,#2471));
#438=EDGE_LOOP('',(#2472,#2473,#2474,#2475,#2476,#2477,#2478,#2479));
#439=EDGE_LOOP('',(#2480,#2481,#2482,#2483));
#440=EDGE_LOOP('',(#2484,#2485,#2486,#2487));
#441=EDGE_LOOP('',(#2488,#2489,#2490,#2491));
#442=EDGE_LOOP('',(#2492,#2493,#2494,#2495,#2496,#2497,#2498,#2499));
#443=EDGE_LOOP('',(#2500,#2501,#2502,#2503));
#444=EDGE_LOOP('',(#2504,#2505,#2506,#2507));
#445=EDGE_LOOP('',(#2508,#2509,#2510,#2511,#2512,#2513,#2514,#2515));
#446=EDGE_LOOP('',(#2516,#2517,#2518,#2519));
#447=EDGE_LOOP('',(#2520,#2521,#2522,#2523,#2524));
#448=EDGE_LOOP('',(#2525,#2526,#2527,#2528,#2529,#2530));
#449=EDGE_LOOP('',(#2531,#2532,#2533,#2534,#2535,#2536,#2537));
#450=EDGE_LOOP('',(#2538,#2539,#2540,#2541,#2542,#2543,#2544,#2545,#2546,
#2547,#2548,#2549,#2550));
#451=EDGE_LOOP('',(#2551,#2552,#2553,#2554,#2555,#2556,#2557,#2558,#2559,
#2560,#2561));
#452=EDGE_LOOP('',(#2562,#2563,#2564,#2565,#2566,#2567,#2568,#2569,#2570,
#2571,#2572));
#453=EDGE_LOOP('',(#2573,#2574,#2575,#2576,#2577,#2578));
#454=EDGE_LOOP('',(#2579,#2580,#2581,#2582,#2583,#2584,#2585,#2586,#2587,
#2588,#2589));
#455=EDGE_LOOP('',(#2590,#2591,#2592,#2593,#2594,#2595,#2596,#2597,#2598));
#456=EDGE_LOOP('',(#2599,#2600,#2601,#2602,#2603,#2604,#2605,#2606,#2607,
#2608,#2609,#2610,#2611));
#457=EDGE_LOOP('',(#2612,#2613,#2614,#2615,#2616,#2617,#2618));
#458=EDGE_LOOP('',(#2619,#2620,#2621,#2622,#2623,#2624));
#459=EDGE_LOOP('',(#2625,#2626,#2627,#2628,#2629,#2630,#2631,#2632,#2633,
#2634,#2635,#2636));
#460=(
BOUNDED_CURVE()
B_SPLINE_CURVE(3,(#3341,#3342,#3343,#3344),.UNSPECIFIED.,.F.,.F.)
B_SPLINE_CURVE_WITH_KNOTS((4,4),(0.,1.),.UNSPECIFIED.)
CURVE()
GEOMETRIC_REPRESENTATION_ITEM()
RATIONAL_B_SPLINE_CURVE((1.,1.,1.,1.))
REPRESENTATION_ITEM('')
);
#461=(
BOUNDED_CURVE()
B_SPLINE_CURVE(3,(#3360,#3361,#3362,#3363),.UNSPECIFIED.,.F.,.F.)
B_SPLINE_CURVE_WITH_KNOTS((4,4),(0.,1.),.UNSPECIFIED.)
CURVE()
GEOMETRIC_REPRESENTATION_ITEM()
RATIONAL_B_SPLINE_CURVE((1.,1.,1.,1.))
REPRESENTATION_ITEM('')
);
#462=(
BOUNDED_CURVE()
B_SPLINE_CURVE(3,(#3379,#3380,#3381,#3382),.UNSPECIFIED.,.F.,.F.)
B_SPLINE_CURVE_WITH_KNOTS((4,4),(0.,1.),.UNSPECIFIED.)
CURVE()
GEOMETRIC_REPRESENTATION_ITEM()
RATIONAL_B_SPLINE_CURVE((1.,1.,1.,1.))
REPRESENTATION_ITEM('')
);
#463=(
BOUNDED_CURVE()
B_SPLINE_CURVE(3,(#3398,#3399,#3400,#3401),.UNSPECIFIED.,.F.,.F.)
B_SPLINE_CURVE_WITH_KNOTS((4,4),(0.,1.),.UNSPECIFIED.)
CURVE()
GEOMETRIC_REPRESENTATION_ITEM()
RATIONAL_B_SPLINE_CURVE((1.,1.,1.,1.))
REPRESENTATION_ITEM('')
);
#464=(
BOUNDED_CURVE()
B_SPLINE_CURVE(3,(#3415,#3416,#3417,#3418),.UNSPECIFIED.,.F.,.F.)
B_SPLINE_CURVE_WITH_KNOTS((4,4),(0.,1.),.UNSPECIFIED.)
CURVE()
GEOMETRIC_REPRESENTATION_ITEM()
RATIONAL_B_SPLINE_CURVE((1.,1.,1.,1.))
REPRESENTATION_ITEM('')
);
#465=(
BOUNDED_CURVE()
B_SPLINE_CURVE(3,(#3436,#3437,#3438,#3439),.UNSPECIFIED.,.F.,.F.)
B_SPLINE_CURVE_WITH_KNOTS((4,4),(0.,1.),.UNSPECIFIED.)
CURVE()
GEOMETRIC_REPRESENTATION_ITEM()
RATIONAL_B_SPLINE_CURVE((1.,1.,1.,1.))
REPRESENTATION_ITEM('')
);
#466=(
BOUNDED_CURVE()
B_SPLINE_CURVE(3,(#3455,#3456,#3457,#3458),.UNSPECIFIED.,.F.,.F.)
B_SPLINE_CURVE_WITH_KNOTS((4,4),(0.,1.),.UNSPECIFIED.)
CURVE()
GEOMETRIC_REPRESENTATION_ITEM()
RATIONAL_B_SPLINE_CURVE((1.,1.,1.,1.))
REPRESENTATION_ITEM('')
);
#467=(
BOUNDED_CURVE()
B_SPLINE_CURVE(3,(#3474,#3475,#3476,#3477),.UNSPECIFIED.,.F.,.F.)
B_SPLINE_CURVE_WITH_KNOTS((4,4),(0.,1.),.UNSPECIFIED.)
CURVE()
GEOMETRIC_REPRESENTATION_ITEM()
RATIONAL_B_SPLINE_CURVE((1.,1.,1.,1.))
REPRESENTATION_ITEM('')
);
#468=(
BOUNDED_CURVE()
B_SPLINE_CURVE(3,(#3493,#3494,#3495,#3496),.UNSPECIFIED.,.F.,.F.)
B_SPLINE_CURVE_WITH_KNOTS((4,4),(0.,1.),.UNSPECIFIED.)
CURVE()
GEOMETRIC_REPRESENTATION_ITEM()
RATIONAL_B_SPLINE_CURVE((1.,1.,1.,1.))
REPRESENTATION_ITEM('')
);
#469=(
BOUNDED_CURVE()
B_SPLINE_CURVE(3,(#3512,#3513,#3514,#3515),.UNSPECIFIED.,.F.,.F.)
B_SPLINE_CURVE_WITH_KNOTS((4,4),(0.,1.),.UNSPECIFIED.)
CURVE()
GEOMETRIC_REPRESENTATION_ITEM()
RATIONAL_B_SPLINE_CURVE((1.,1.,1.,1.))
REPRESENTATION_ITEM('')
);
#470=(
BOUNDED_CURVE()
B_SPLINE_CURVE(3,(#3529,#3530,#3531,#3532),.UNSPECIFIED.,.F.,.F.)
B_SPLINE_CURVE_WITH_KNOTS((4,4),(0.,1.),.UNSPECIFIED.)
CURVE()
GEOMETRIC_REPRESENTATION_ITEM()
RATIONAL_B_SPLINE_CURVE((1.,1.,1.,1.))
REPRESENTATION_ITEM('')
);
#471=(
BOUNDED_CURVE()
B_SPLINE_CURVE(3,(#3550,#3551,#3552,#3553),.UNSPECIFIED.,.F.,.F.)
B_SPLINE_CURVE_WITH_KNOTS((4,4),(0.,1.),.UNSPECIFIED.)
CURVE()
GEOMETRIC_REPRESENTATION_ITEM()
RATIONAL_B_SPLINE_CURVE((1.,1.,1.,1.))
REPRESENTATION_ITEM('')
);
#472=(
BOUNDED_CURVE()
B_SPLINE_CURVE(3,(#3569,#3570,#3571,#3572),.UNSPECIFIED.,.F.,.F.)
B_SPLINE_CURVE_WITH_KNOTS((4,4),(0.,1.),.UNSPECIFIED.)
CURVE()
GEOMETRIC_REPRESENTATION_ITEM()
RATIONAL_B_SPLINE_CURVE((1.,1.,1.,1.))
REPRESENTATION_ITEM('')
);
#473=(
BOUNDED_CURVE()
B_SPLINE_CURVE(3,(#3588,#3589,#3590,#3591),.UNSPECIFIED.,.F.,.F.)
B_SPLINE_CURVE_WITH_KNOTS((4,4),(0.,1.),.UNSPECIFIED.)
CURVE()
GEOMETRIC_REPRESENTATION_ITEM()
RATIONAL_B_SPLINE_CURVE((1.,1.,1.,1.))
REPRESENTATION_ITEM('')
);
#474=(
BOUNDED_CURVE()
B_SPLINE_CURVE(3,(#3607,#3608,#3609,#3610),.UNSPECIFIED.,.F.,.F.)
B_SPLINE_CURVE_WITH_KNOTS((4,4),(0.,1.),.UNSPECIFIED.)
CURVE()
GEOMETRIC_REPRESENTATION_ITEM()
RATIONAL_B_SPLINE_CURVE((1.,1.,1.,1.))
REPRESENTATION_ITEM('')
);
#475=(
BOUNDED_CURVE()
B_SPLINE_CURVE(3,(#3626,#3627,#3628,#3629),.UNSPECIFIED.,.F.,.F.)
B_SPLINE_CURVE_WITH_KNOTS((4,4),(0.,1.),.UNSPECIFIED.)
CURVE()
GEOMETRIC_REPRESENTATION_ITEM()
RATIONAL_B_SPLINE_CURVE((1.,1.,1.,1.))
REPRESENTATION_ITEM('')
);
#476=(
BOUNDED_CURVE()
B_SPLINE_CURVE(3,(#3657,#3658,#3659,#3660),.UNSPECIFIED.,.F.,.F.)
B_SPLINE_CURVE_WITH_KNOTS((4,4),(0.,1.),.UNSPECIFIED.)
CURVE()
GEOMETRIC_REPRESENTATION_ITEM()
RATIONAL_B_SPLINE_CURVE((1.,1.,1.,1.))
REPRESENTATION_ITEM('')
);
#477=(
BOUNDED_CURVE()
B_SPLINE_CURVE(3,(#3676,#3677,#3678,#3679),.UNSPECIFIED.,.F.,.F.)
B_SPLINE_CURVE_WITH_KNOTS((4,4),(0.,1.),.UNSPECIFIED.)
CURVE()
GEOMETRIC_REPRESENTATION_ITEM()
RATIONAL_B_SPLINE_CURVE((1.,1.,1.,1.))
REPRESENTATION_ITEM('')
);
#478=(
BOUNDED_CURVE()
B_SPLINE_CURVE(3,(#3695,#3696,#3697,#3698),.UNSPECIFIED.,.F.,.F.)
B_SPLINE_CURVE_WITH_KNOTS((4,4),(0.,1.),.UNSPECIFIED.)
CURVE()
GEOMETRIC_REPRESENTATION_ITEM()
RATIONAL_B_SPLINE_CURVE((1.,1.,1.,1.))
REPRESENTATION_ITEM('')
);
#479=(
BOUNDED_CURVE()
B_SPLINE_CURVE(3,(#3714,#3715,#3716,#3717),.UNSPECIFIED.,.F.,.F.)
B_SPLINE_CURVE_WITH_KNOTS((4,4),(0.,1.),.UNSPECIFIED.)
CURVE()
GEOMETRIC_REPRESENTATION_ITEM()
RATIONAL_B_SPLINE_CURVE((1.,1.,1.,1.))
REPRESENTATION_ITEM('')
);
#480=(
BOUNDED_CURVE()
B_SPLINE_CURVE(3,(#3733,#3734,#3735,#3736),.UNSPECIFIED.,.F.,.F.)
B_SPLINE_CURVE_WITH_KNOTS((4,4),(0.,1.),.UNSPECIFIED.)
CURVE()
GEOMETRIC_REPRESENTATION_ITEM()
RATIONAL_B_SPLINE_CURVE((1.,1.,1.,1.))
REPRESENTATION_ITEM('')
);
#481=(
BOUNDED_CURVE()
B_SPLINE_CURVE(3,(#3752,#3753,#3754,#3755),.UNSPECIFIED.,.F.,.F.)
B_SPLINE_CURVE_WITH_KNOTS((4,4),(0.,1.),.UNSPECIFIED.)
CURVE()
GEOMETRIC_REPRESENTATION_ITEM()
RATIONAL_B_SPLINE_CURVE((1.,1.,1.,1.))
REPRESENTATION_ITEM('')
);
#482=(
BOUNDED_CURVE()
B_SPLINE_CURVE(3,(#3771,#3772,#3773,#3774),.UNSPECIFIED.,.F.,.F.)
B_SPLINE_CURVE_WITH_KNOTS((4,4),(0.,1.),.UNSPECIFIED.)
CURVE()
GEOMETRIC_REPRESENTATION_ITEM()
RATIONAL_B_SPLINE_CURVE((1.,1.,1.,1.))
REPRESENTATION_ITEM('')
);
#483=(
BOUNDED_CURVE()
B_SPLINE_CURVE(3,(#3790,#3791,#3792,#3793),.UNSPECIFIED.,.F.,.F.)
B_SPLINE_CURVE_WITH_KNOTS((4,4),(0.,1.),.UNSPECIFIED.)
CURVE()
GEOMETRIC_REPRESENTATION_ITEM()
RATIONAL_B_SPLINE_CURVE((1.,1.,1.,1.))
REPRESENTATION_ITEM('')
);
#484=(
BOUNDED_CURVE()
B_SPLINE_CURVE(3,(#3809,#3810,#3811,#3812),.UNSPECIFIED.,.F.,.F.)
B_SPLINE_CURVE_WITH_KNOTS((4,4),(0.,1.),.UNSPECIFIED.)
CURVE()
GEOMETRIC_REPRESENTATION_ITEM()
RATIONAL_B_SPLINE_CURVE((1.,1.,1.,1.))
REPRESENTATION_ITEM('')
);
#485=(
BOUNDED_CURVE()
B_SPLINE_CURVE(3,(#3828,#3829,#3830,#3831),.UNSPECIFIED.,.F.,.F.)
B_SPLINE_CURVE_WITH_KNOTS((4,4),(0.,1.),.UNSPECIFIED.)
CURVE()
GEOMETRIC_REPRESENTATION_ITEM()
RATIONAL_B_SPLINE_CURVE((1.,1.,1.,1.))
REPRESENTATION_ITEM('')
);
#486=(
BOUNDED_CURVE()
B_SPLINE_CURVE(3,(#3847,#3848,#3849,#3850),.UNSPECIFIED.,.F.,.F.)
B_SPLINE_CURVE_WITH_KNOTS((4,4),(0.,1.),.UNSPECIFIED.)
CURVE()
GEOMETRIC_REPRESENTATION_ITEM()
RATIONAL_B_SPLINE_CURVE((1.,1.,1.,1.))
REPRESENTATION_ITEM('')
);
#487=(
BOUNDED_CURVE()
B_SPLINE_CURVE(3,(#3878,#3879,#3880,#3881),.UNSPECIFIED.,.F.,.F.)
B_SPLINE_CURVE_WITH_KNOTS((4,4),(0.,1.),.UNSPECIFIED.)
CURVE()
GEOMETRIC_REPRESENTATION_ITEM()
RATIONAL_B_SPLINE_CURVE((1.,1.,1.,1.))
REPRESENTATION_ITEM('')
);
#488=(
BOUNDED_CURVE()
B_SPLINE_CURVE(3,(#3897,#3898,#3899,#3900),.UNSPECIFIED.,.F.,.F.)
B_SPLINE_CURVE_WITH_KNOTS((4,4),(0.,1.),.UNSPECIFIED.)
CURVE()
GEOMETRIC_REPRESENTATION_ITEM()
RATIONAL_B_SPLINE_CURVE((1.,1.,1.,1.))
REPRESENTATION_ITEM('')
);
#489=(
BOUNDED_CURVE()
B_SPLINE_CURVE(3,(#3916,#3917,#3918,#3919),.UNSPECIFIED.,.F.,.F.)
B_SPLINE_CURVE_WITH_KNOTS((4,4),(0.,1.),.UNSPECIFIED.)
CURVE()
GEOMETRIC_REPRESENTATION_ITEM()
RATIONAL_B_SPLINE_CURVE((1.,1.,1.,1.))
REPRESENTATION_ITEM('')
);
#490=(
BOUNDED_CURVE()
B_SPLINE_CURVE(3,(#3935,#3936,#3937,#3938),.UNSPECIFIED.,.F.,.F.)
B_SPLINE_CURVE_WITH_KNOTS((4,4),(0.,1.),.UNSPECIFIED.)
CURVE()
GEOMETRIC_REPRESENTATION_ITEM()
RATIONAL_B_SPLINE_CURVE((1.,1.,1.,1.))
REPRESENTATION_ITEM('')
);
#491=(
BOUNDED_CURVE()
B_SPLINE_CURVE(3,(#3954,#3955,#3956,#3957),.UNSPECIFIED.,.F.,.F.)
B_SPLINE_CURVE_WITH_KNOTS((4,4),(0.,1.),.UNSPECIFIED.)
CURVE()
GEOMETRIC_REPRESENTATION_ITEM()
RATIONAL_B_SPLINE_CURVE((1.,1.,1.,1.))
REPRESENTATION_ITEM('')
);
#492=(
BOUNDED_CURVE()
B_SPLINE_CURVE(3,(#3973,#3974,#3975,#3976),.UNSPECIFIED.,.F.,.F.)
B_SPLINE_CURVE_WITH_KNOTS((4,4),(0.,1.),.UNSPECIFIED.)
CURVE()
GEOMETRIC_REPRESENTATION_ITEM()
RATIONAL_B_SPLINE_CURVE((1.,1.,1.,1.))
REPRESENTATION_ITEM('')
);
#493=(
BOUNDED_CURVE()
B_SPLINE_CURVE(3,(#3992,#3993,#3994,#3995),.UNSPECIFIED.,.F.,.F.)
B_SPLINE_CURVE_WITH_KNOTS((4,4),(0.,1.),.UNSPECIFIED.)
CURVE()
GEOMETRIC_REPRESENTATION_ITEM()
RATIONAL_B_SPLINE_CURVE((1.,1.,1.,1.))
REPRESENTATION_ITEM('')
);
#494=(
BOUNDED_CURVE()
B_SPLINE_CURVE(3,(#4011,#4012,#4013,#4014),.UNSPECIFIED.,.F.,.F.)
B_SPLINE_CURVE_WITH_KNOTS((4,4),(0.,1.),.UNSPECIFIED.)
CURVE()
GEOMETRIC_REPRESENTATION_ITEM()
RATIONAL_B_SPLINE_CURVE((1.,1.,1.,1.))
REPRESENTATION_ITEM('')
);
#495=(
BOUNDED_CURVE()
B_SPLINE_CURVE(3,(#4030,#4031,#4032,#4033),.UNSPECIFIED.,.F.,.F.)
B_SPLINE_CURVE_WITH_KNOTS((4,4),(0.,1.),.UNSPECIFIED.)
CURVE()
GEOMETRIC_REPRESENTATION_ITEM()
RATIONAL_B_SPLINE_CURVE((1.,1.,1.,1.))
REPRESENTATION_ITEM('')
);
#496=(
BOUNDED_CURVE()
B_SPLINE_CURVE(3,(#4049,#4050,#4051,#4052),.UNSPECIFIED.,.F.,.F.)
B_SPLINE_CURVE_WITH_KNOTS((4,4),(0.,1.),.UNSPECIFIED.)
CURVE()
GEOMETRIC_REPRESENTATION_ITEM()
RATIONAL_B_SPLINE_CURVE((1.,1.,1.,1.))
REPRESENTATION_ITEM('')
);
#497=(
BOUNDED_CURVE()
B_SPLINE_CURVE(3,(#4066,#4067,#4068,#4069),.UNSPECIFIED.,.F.,.F.)
B_SPLINE_CURVE_WITH_KNOTS((4,4),(0.,1.),.UNSPECIFIED.)
CURVE()
GEOMETRIC_REPRESENTATION_ITEM()
RATIONAL_B_SPLINE_CURVE((1.,1.,1.,1.))
REPRESENTATION_ITEM('')
);
#498=(
BOUNDED_CURVE()
B_SPLINE_CURVE(3,(#4087,#4088,#4089,#4090),.UNSPECIFIED.,.F.,.F.)
B_SPLINE_CURVE_WITH_KNOTS((4,4),(0.,1.),.UNSPECIFIED.)
CURVE()
GEOMETRIC_REPRESENTATION_ITEM()
RATIONAL_B_SPLINE_CURVE((1.,1.,1.,1.))
REPRESENTATION_ITEM('')
);
#499=(
BOUNDED_CURVE()
B_SPLINE_CURVE(3,(#4118,#4119,#4120,#4121),.UNSPECIFIED.,.F.,.F.)
B_SPLINE_CURVE_WITH_KNOTS((4,4),(0.,1.),.UNSPECIFIED.)
CURVE()
GEOMETRIC_REPRESENTATION_ITEM()
RATIONAL_B_SPLINE_CURVE((1.,1.,1.,1.))
REPRESENTATION_ITEM('')
);
#500=(
BOUNDED_CURVE()
B_SPLINE_CURVE(3,(#4149,#4150,#4151,#4152),.UNSPECIFIED.,.F.,.F.)
B_SPLINE_CURVE_WITH_KNOTS((4,4),(0.,1.),.UNSPECIFIED.)
CURVE()
GEOMETRIC_REPRESENTATION_ITEM()
RATIONAL_B_SPLINE_CURVE((1.,1.,1.,1.))
REPRESENTATION_ITEM('')
);
#501=(
BOUNDED_CURVE()
B_SPLINE_CURVE(3,(#4168,#4169,#4170,#4171),.UNSPECIFIED.,.F.,.F.)
B_SPLINE_CURVE_WITH_KNOTS((4,4),(0.,1.),.UNSPECIFIED.)
CURVE()
GEOMETRIC_REPRESENTATION_ITEM()
RATIONAL_B_SPLINE_CURVE((1.,1.,1.,1.))
REPRESENTATION_ITEM('')
);
#502=(
BOUNDED_CURVE()
B_SPLINE_CURVE(3,(#4187,#4188,#4189,#4190),.UNSPECIFIED.,.F.,.F.)
B_SPLINE_CURVE_WITH_KNOTS((4,4),(0.,1.),.UNSPECIFIED.)
CURVE()
GEOMETRIC_REPRESENTATION_ITEM()
RATIONAL_B_SPLINE_CURVE((1.,1.,1.,1.))
REPRESENTATION_ITEM('')
);
#503=(
BOUNDED_CURVE()
B_SPLINE_CURVE(3,(#4206,#4207,#4208,#4209),.UNSPECIFIED.,.F.,.F.)
B_SPLINE_CURVE_WITH_KNOTS((4,4),(0.,1.),.UNSPECIFIED.)
CURVE()
GEOMETRIC_REPRESENTATION_ITEM()
RATIONAL_B_SPLINE_CURVE((1.,1.,1.,1.))
REPRESENTATION_ITEM('')
);
#504=(
BOUNDED_CURVE()
B_SPLINE_CURVE(3,(#4223,#4224,#4225,#4226),.UNSPECIFIED.,.F.,.F.)
B_SPLINE_CURVE_WITH_KNOTS((4,4),(0.,1.),.UNSPECIFIED.)
CURVE()
GEOMETRIC_REPRESENTATION_ITEM()
RATIONAL_B_SPLINE_CURVE((1.,1.,1.,1.))
REPRESENTATION_ITEM('')
);
#505=(
BOUNDED_CURVE()
B_SPLINE_CURVE(3,(#4244,#4245,#4246,#4247),.UNSPECIFIED.,.F.,.F.)
B_SPLINE_CURVE_WITH_KNOTS((4,4),(0.,1.),.UNSPECIFIED.)
CURVE()
GEOMETRIC_REPRESENTATION_ITEM()
RATIONAL_B_SPLINE_CURVE((1.,1.,1.,1.))
REPRESENTATION_ITEM('')
);
#506=(
BOUNDED_CURVE()
B_SPLINE_CURVE(3,(#4263,#4264,#4265,#4266),.UNSPECIFIED.,.F.,.F.)
B_SPLINE_CURVE_WITH_KNOTS((4,4),(0.,1.),.UNSPECIFIED.)
CURVE()
GEOMETRIC_REPRESENTATION_ITEM()
RATIONAL_B_SPLINE_CURVE((1.,1.,1.,1.))
REPRESENTATION_ITEM('')
);
#507=(
BOUNDED_CURVE()
B_SPLINE_CURVE(3,(#4282,#4283,#4284,#4285),.UNSPECIFIED.,.F.,.F.)
B_SPLINE_CURVE_WITH_KNOTS((4,4),(0.,1.),.UNSPECIFIED.)
CURVE()
GEOMETRIC_REPRESENTATION_ITEM()
RATIONAL_B_SPLINE_CURVE((1.,1.,1.,1.))
REPRESENTATION_ITEM('')
);
#508=(
BOUNDED_CURVE()
B_SPLINE_CURVE(3,(#4301,#4302,#4303,#4304),.UNSPECIFIED.,.F.,.F.)
B_SPLINE_CURVE_WITH_KNOTS((4,4),(0.,1.),.UNSPECIFIED.)
CURVE()
GEOMETRIC_REPRESENTATION_ITEM()
RATIONAL_B_SPLINE_CURVE((1.,1.,1.,1.))
REPRESENTATION_ITEM('')
);
#509=(
BOUNDED_CURVE()
B_SPLINE_CURVE(3,(#4320,#4321,#4322,#4323),.UNSPECIFIED.,.F.,.F.)
B_SPLINE_CURVE_WITH_KNOTS((4,4),(0.,1.),.UNSPECIFIED.)
CURVE()
GEOMETRIC_REPRESENTATION_ITEM()
RATIONAL_B_SPLINE_CURVE((1.,1.,1.,1.))
REPRESENTATION_ITEM('')
);
#510=(
BOUNDED_CURVE()
B_SPLINE_CURVE(3,(#4337,#4338,#4339,#4340),.UNSPECIFIED.,.F.,.F.)
B_SPLINE_CURVE_WITH_KNOTS((4,4),(0.,1.),.UNSPECIFIED.)
CURVE()
GEOMETRIC_REPRESENTATION_ITEM()
RATIONAL_B_SPLINE_CURVE((1.,1.,1.,1.))
REPRESENTATION_ITEM('')
);
#511=(
BOUNDED_CURVE()
B_SPLINE_CURVE(3,(#4358,#4359,#4360,#4361),.UNSPECIFIED.,.F.,.F.)
B_SPLINE_CURVE_WITH_KNOTS((4,4),(0.,1.),.UNSPECIFIED.)
CURVE()
GEOMETRIC_REPRESENTATION_ITEM()
RATIONAL_B_SPLINE_CURVE((1.,1.,1.,1.))
REPRESENTATION_ITEM('')
);
#512=(
BOUNDED_CURVE()
B_SPLINE_CURVE(3,(#4377,#4378,#4379,#4380),.UNSPECIFIED.,.F.,.F.)
B_SPLINE_CURVE_WITH_KNOTS((4,4),(0.,1.),.UNSPECIFIED.)
CURVE()
GEOMETRIC_REPRESENTATION_ITEM()
RATIONAL_B_SPLINE_CURVE((1.,1.,1.,1.))
REPRESENTATION_ITEM('')
);
#513=(
BOUNDED_CURVE()
B_SPLINE_CURVE(3,(#4396,#4397,#4398,#4399),.UNSPECIFIED.,.F.,.F.)
B_SPLINE_CURVE_WITH_KNOTS((4,4),(0.,1.),.UNSPECIFIED.)
CURVE()
GEOMETRIC_REPRESENTATION_ITEM()
RATIONAL_B_SPLINE_CURVE((1.,1.,1.,1.))
REPRESENTATION_ITEM('')
);
#514=(
BOUNDED_CURVE()
B_SPLINE_CURVE(3,(#4415,#4416,#4417,#4418),.UNSPECIFIED.,.F.,.F.)
B_SPLINE_CURVE_WITH_KNOTS((4,4),(0.,1.),.UNSPECIFIED.)
CURVE()
GEOMETRIC_REPRESENTATION_ITEM()
RATIONAL_B_SPLINE_CURVE((1.,1.,1.,1.))
REPRESENTATION_ITEM('')
);
#515=(
BOUNDED_CURVE()
B_SPLINE_CURVE(3,(#4434,#4435,#4436,#4437),.UNSPECIFIED.,.F.,.F.)
B_SPLINE_CURVE_WITH_KNOTS((4,4),(0.,1.),.UNSPECIFIED.)
CURVE()
GEOMETRIC_REPRESENTATION_ITEM()
RATIONAL_B_SPLINE_CURVE((1.,1.,1.,1.))
REPRESENTATION_ITEM('')
);
#516=(
BOUNDED_CURVE()
B_SPLINE_CURVE(3,(#4453,#4454,#4455,#4456),.UNSPECIFIED.,.F.,.F.)
B_SPLINE_CURVE_WITH_KNOTS((4,4),(0.,1.),.UNSPECIFIED.)
CURVE()
GEOMETRIC_REPRESENTATION_ITEM()
RATIONAL_B_SPLINE_CURVE((1.,1.,1.,1.))
REPRESENTATION_ITEM('')
);
#517=(
BOUNDED_CURVE()
B_SPLINE_CURVE(3,(#4484,#4485,#4486,#4487),.UNSPECIFIED.,.F.,.F.)
B_SPLINE_CURVE_WITH_KNOTS((4,4),(0.,1.),.UNSPECIFIED.)
CURVE()
GEOMETRIC_REPRESENTATION_ITEM()
RATIONAL_B_SPLINE_CURVE((1.,1.,1.,1.))
REPRESENTATION_ITEM('')
);
#518=(
BOUNDED_CURVE()
B_SPLINE_CURVE(3,(#4515,#4516,#4517,#4518),.UNSPECIFIED.,.F.,.F.)
B_SPLINE_CURVE_WITH_KNOTS((4,4),(-1.,0.),.UNSPECIFIED.)
CURVE()
GEOMETRIC_REPRESENTATION_ITEM()
RATIONAL_B_SPLINE_CURVE((1.,1.,1.,1.))
REPRESENTATION_ITEM('')
);
#519=(
BOUNDED_CURVE()
B_SPLINE_CURVE(3,(#4534,#4535,#4536,#4537),.UNSPECIFIED.,.F.,.F.)
B_SPLINE_CURVE_WITH_KNOTS((4,4),(-1.,0.),.UNSPECIFIED.)
CURVE()
GEOMETRIC_REPRESENTATION_ITEM()
RATIONAL_B_SPLINE_CURVE((1.,1.,1.,1.))
REPRESENTATION_ITEM('')
);
#520=(
BOUNDED_CURVE()
B_SPLINE_CURVE(3,(#4553,#4554,#4555,#4556),.UNSPECIFIED.,.F.,.F.)
B_SPLINE_CURVE_WITH_KNOTS((4,4),(-1.,0.),.UNSPECIFIED.)
CURVE()
GEOMETRIC_REPRESENTATION_ITEM()
RATIONAL_B_SPLINE_CURVE((1.,1.,1.,1.))
REPRESENTATION_ITEM('')
);
#521=(
BOUNDED_CURVE()
B_SPLINE_CURVE(3,(#4572,#4573,#4574,#4575),.UNSPECIFIED.,.F.,.F.)
B_SPLINE_CURVE_WITH_KNOTS((4,4),(-1.,0.),.UNSPECIFIED.)
CURVE()
GEOMETRIC_REPRESENTATION_ITEM()
RATIONAL_B_SPLINE_CURVE((1.,1.,1.,1.))
REPRESENTATION_ITEM('')
);
#522=(
BOUNDED_CURVE()
B_SPLINE_CURVE(3,(#4591,#4592,#4593,#4594),.UNSPECIFIED.,.F.,.F.)
B_SPLINE_CURVE_WITH_KNOTS((4,4),(-1.,0.),.UNSPECIFIED.)
CURVE()
GEOMETRIC_REPRESENTATION_ITEM()
RATIONAL_B_SPLINE_CURVE((1.,1.,1.,1.))
REPRESENTATION_ITEM('')
);
#523=(
BOUNDED_CURVE()
B_SPLINE_CURVE(3,(#4610,#4611,#4612,#4613),.UNSPECIFIED.,.F.,.F.)
B_SPLINE_CURVE_WITH_KNOTS((4,4),(-1.,0.),.UNSPECIFIED.)
CURVE()
GEOMETRIC_REPRESENTATION_ITEM()
RATIONAL_B_SPLINE_CURVE((1.,1.,1.,1.))
REPRESENTATION_ITEM('')
);
#524=(
BOUNDED_CURVE()
B_SPLINE_CURVE(3,(#4629,#4630,#4631,#4632),.UNSPECIFIED.,.F.,.F.)
B_SPLINE_CURVE_WITH_KNOTS((4,4),(-1.,0.),.UNSPECIFIED.)
CURVE()
GEOMETRIC_REPRESENTATION_ITEM()
RATIONAL_B_SPLINE_CURVE((1.,1.,1.,1.))
REPRESENTATION_ITEM('')
);
#525=(
BOUNDED_CURVE()
B_SPLINE_CURVE(3,(#4648,#4649,#4650,#4651),.UNSPECIFIED.,.F.,.F.)
B_SPLINE_CURVE_WITH_KNOTS((4,4),(-1.,0.),.UNSPECIFIED.)
CURVE()
GEOMETRIC_REPRESENTATION_ITEM()
RATIONAL_B_SPLINE_CURVE((1.,1.,1.,1.))
REPRESENTATION_ITEM('')
);
#526=(
BOUNDED_CURVE()
B_SPLINE_CURVE(3,(#4665,#4666,#4667,#4668),.UNSPECIFIED.,.F.,.F.)
B_SPLINE_CURVE_WITH_KNOTS((4,4),(-1.,0.),.UNSPECIFIED.)
CURVE()
GEOMETRIC_REPRESENTATION_ITEM()
RATIONAL_B_SPLINE_CURVE((1.,1.,1.,1.))
REPRESENTATION_ITEM('')
);
#527=(
BOUNDED_CURVE()
B_SPLINE_CURVE(3,(#4686,#4687,#4688,#4689),.UNSPECIFIED.,.F.,.F.)
B_SPLINE_CURVE_WITH_KNOTS((4,4),(0.,1.),.UNSPECIFIED.)
CURVE()
GEOMETRIC_REPRESENTATION_ITEM()
RATIONAL_B_SPLINE_CURVE((1.,1.,1.,1.))
REPRESENTATION_ITEM('')
);
#528=(
BOUNDED_CURVE()
B_SPLINE_CURVE(3,(#4705,#4706,#4707,#4708),.UNSPECIFIED.,.F.,.F.)
B_SPLINE_CURVE_WITH_KNOTS((4,4),(0.,1.),.UNSPECIFIED.)
CURVE()
GEOMETRIC_REPRESENTATION_ITEM()
RATIONAL_B_SPLINE_CURVE((1.,1.,1.,1.))
REPRESENTATION_ITEM('')
);
#529=(
BOUNDED_CURVE()
B_SPLINE_CURVE(3,(#4724,#4725,#4726,#4727),.UNSPECIFIED.,.F.,.F.)
B_SPLINE_CURVE_WITH_KNOTS((4,4),(0.,1.),.UNSPECIFIED.)
CURVE()
GEOMETRIC_REPRESENTATION_ITEM()
RATIONAL_B_SPLINE_CURVE((1.,1.,1.,1.))
REPRESENTATION_ITEM('')
);
#530=(
BOUNDED_CURVE()
B_SPLINE_CURVE(3,(#4743,#4744,#4745,#4746),.UNSPECIFIED.,.F.,.F.)
B_SPLINE_CURVE_WITH_KNOTS((4,4),(0.,1.),.UNSPECIFIED.)
CURVE()
GEOMETRIC_REPRESENTATION_ITEM()
RATIONAL_B_SPLINE_CURVE((1.,1.,1.,1.))
REPRESENTATION_ITEM('')
);
#531=(
BOUNDED_CURVE()
B_SPLINE_CURVE(3,(#4762,#4763,#4764,#4765),.UNSPECIFIED.,.F.,.F.)
B_SPLINE_CURVE_WITH_KNOTS((4,4),(0.,1.),.UNSPECIFIED.)
CURVE()
GEOMETRIC_REPRESENTATION_ITEM()
RATIONAL_B_SPLINE_CURVE((1.,1.,1.,1.))
REPRESENTATION_ITEM('')
);
#532=(
BOUNDED_CURVE()
B_SPLINE_CURVE(3,(#4793,#4794,#4795,#4796),.UNSPECIFIED.,.F.,.F.)
B_SPLINE_CURVE_WITH_KNOTS((4,4),(0.,1.),.UNSPECIFIED.)
CURVE()
GEOMETRIC_REPRESENTATION_ITEM()
RATIONAL_B_SPLINE_CURVE((1.,1.,1.,1.))
REPRESENTATION_ITEM('')
);
#533=(
BOUNDED_CURVE()
B_SPLINE_CURVE(3,(#4812,#4813,#4814,#4815),.UNSPECIFIED.,.F.,.F.)
B_SPLINE_CURVE_WITH_KNOTS((4,4),(0.,1.),.UNSPECIFIED.)
CURVE()
GEOMETRIC_REPRESENTATION_ITEM()
RATIONAL_B_SPLINE_CURVE((1.,1.,1.,1.))
REPRESENTATION_ITEM('')
);
#534=(
BOUNDED_CURVE()
B_SPLINE_CURVE(3,(#4831,#4832,#4833,#4834),.UNSPECIFIED.,.F.,.F.)
B_SPLINE_CURVE_WITH_KNOTS((4,4),(0.,1.),.UNSPECIFIED.)
CURVE()
GEOMETRIC_REPRESENTATION_ITEM()
RATIONAL_B_SPLINE_CURVE((1.,1.,1.,1.))
REPRESENTATION_ITEM('')
);
#535=(
BOUNDED_CURVE()
B_SPLINE_CURVE(3,(#4850,#4851,#4852,#4853),.UNSPECIFIED.,.F.,.F.)
B_SPLINE_CURVE_WITH_KNOTS((4,4),(0.,1.),.UNSPECIFIED.)
CURVE()
GEOMETRIC_REPRESENTATION_ITEM()
RATIONAL_B_SPLINE_CURVE((1.,1.,1.,1.))
REPRESENTATION_ITEM('')
);
#536=(
BOUNDED_CURVE()
B_SPLINE_CURVE(3,(#4869,#4870,#4871,#4872),.UNSPECIFIED.,.F.,.F.)
B_SPLINE_CURVE_WITH_KNOTS((4,4),(0.,1.),.UNSPECIFIED.)
CURVE()
GEOMETRIC_REPRESENTATION_ITEM()
RATIONAL_B_SPLINE_CURVE((1.,1.,1.,1.))
REPRESENTATION_ITEM('')
);
#537=(
BOUNDED_CURVE()
B_SPLINE_CURVE(3,(#4886,#4887,#4888,#4889),.UNSPECIFIED.,.F.,.F.)
B_SPLINE_CURVE_WITH_KNOTS((4,4),(0.,1.),.UNSPECIFIED.)
CURVE()
GEOMETRIC_REPRESENTATION_ITEM()
RATIONAL_B_SPLINE_CURVE((1.,1.,1.,1.))
REPRESENTATION_ITEM('')
);
#538=(
BOUNDED_CURVE()
B_SPLINE_CURVE(3,(#4907,#4908,#4909,#4910),.UNSPECIFIED.,.F.,.F.)
B_SPLINE_CURVE_WITH_KNOTS((4,4),(0.,1.),.UNSPECIFIED.)
CURVE()
GEOMETRIC_REPRESENTATION_ITEM()
RATIONAL_B_SPLINE_CURVE((1.,1.,1.,1.))
REPRESENTATION_ITEM('')
);
#539=(
BOUNDED_CURVE()
B_SPLINE_CURVE(3,(#4926,#4927,#4928,#4929),.UNSPECIFIED.,.F.,.F.)
B_SPLINE_CURVE_WITH_KNOTS((4,4),(0.,1.),.UNSPECIFIED.)
CURVE()
GEOMETRIC_REPRESENTATION_ITEM()
RATIONAL_B_SPLINE_CURVE((1.,1.,1.,1.))
REPRESENTATION_ITEM('')
);
#540=(
BOUNDED_CURVE()
B_SPLINE_CURVE(3,(#4945,#4946,#4947,#4948),.UNSPECIFIED.,.F.,.F.)
B_SPLINE_CURVE_WITH_KNOTS((4,4),(0.,1.),.UNSPECIFIED.)
CURVE()
GEOMETRIC_REPRESENTATION_ITEM()
RATIONAL_B_SPLINE_CURVE((1.,1.,1.,1.))
REPRESENTATION_ITEM('')
);
#541=(
BOUNDED_CURVE()
B_SPLINE_CURVE(3,(#4964,#4965,#4966,#4967),.UNSPECIFIED.,.F.,.F.)
B_SPLINE_CURVE_WITH_KNOTS((4,4),(0.,1.),.UNSPECIFIED.)
CURVE()
GEOMETRIC_REPRESENTATION_ITEM()
RATIONAL_B_SPLINE_CURVE((1.,1.,1.,1.))
REPRESENTATION_ITEM('')
);
#542=(
BOUNDED_CURVE()
B_SPLINE_CURVE(3,(#4983,#4984,#4985,#4986),.UNSPECIFIED.,.F.,.F.)
B_SPLINE_CURVE_WITH_KNOTS((4,4),(0.,1.),.UNSPECIFIED.)
CURVE()
GEOMETRIC_REPRESENTATION_ITEM()
RATIONAL_B_SPLINE_CURVE((1.,1.,1.,1.))
REPRESENTATION_ITEM('')
);
#543=(
BOUNDED_CURVE()
B_SPLINE_CURVE(3,(#5036,#5037,#5038,#5039),.UNSPECIFIED.,.F.,.F.)
B_SPLINE_CURVE_WITH_KNOTS((4,4),(0.,1.),.UNSPECIFIED.)
CURVE()
GEOMETRIC_REPRESENTATION_ITEM()
RATIONAL_B_SPLINE_CURVE((1.,1.,1.,1.))
REPRESENTATION_ITEM('')
);
#544=(
BOUNDED_CURVE()
B_SPLINE_CURVE(3,(#5055,#5056,#5057,#5058),.UNSPECIFIED.,.F.,.F.)
B_SPLINE_CURVE_WITH_KNOTS((4,4),(0.,1.),.UNSPECIFIED.)
CURVE()
GEOMETRIC_REPRESENTATION_ITEM()
RATIONAL_B_SPLINE_CURVE((1.,1.,1.,1.))
REPRESENTATION_ITEM('')
);
#545=(
BOUNDED_CURVE()
B_SPLINE_CURVE(3,(#5074,#5075,#5076,#5077),.UNSPECIFIED.,.F.,.F.)
B_SPLINE_CURVE_WITH_KNOTS((4,4),(0.,1.),.UNSPECIFIED.)
CURVE()
GEOMETRIC_REPRESENTATION_ITEM()
RATIONAL_B_SPLINE_CURVE((1.,1.,1.,1.))
REPRESENTATION_ITEM('')
);
#546=(
BOUNDED_CURVE()
B_SPLINE_CURVE(3,(#5099,#5100,#5101,#5102),.UNSPECIFIED.,.F.,.F.)
B_SPLINE_CURVE_WITH_KNOTS((4,4),(0.,1.),.UNSPECIFIED.)
CURVE()
GEOMETRIC_REPRESENTATION_ITEM()
RATIONAL_B_SPLINE_CURVE((1.,1.,1.,1.))
REPRESENTATION_ITEM('')
);
#547=(
BOUNDED_CURVE()
B_SPLINE_CURVE(3,(#5118,#5119,#5120,#5121),.UNSPECIFIED.,.F.,.F.)
B_SPLINE_CURVE_WITH_KNOTS((4,4),(0.,1.),.UNSPECIFIED.)
CURVE()
GEOMETRIC_REPRESENTATION_ITEM()
RATIONAL_B_SPLINE_CURVE((1.,1.,1.,1.))
REPRESENTATION_ITEM('')
);
#548=(
BOUNDED_CURVE()
B_SPLINE_CURVE(3,(#5137,#5138,#5139,#5140),.UNSPECIFIED.,.F.,.F.)
B_SPLINE_CURVE_WITH_KNOTS((4,4),(0.,1.),.UNSPECIFIED.)
CURVE()
GEOMETRIC_REPRESENTATION_ITEM()
RATIONAL_B_SPLINE_CURVE((1.,1.,1.,1.))
REPRESENTATION_ITEM('')
);
#549=(
BOUNDED_CURVE()
B_SPLINE_CURVE(3,(#5156,#5157,#5158,#5159),.UNSPECIFIED.,.F.,.F.)
B_SPLINE_CURVE_WITH_KNOTS((4,4),(0.,1.),.UNSPECIFIED.)
CURVE()
GEOMETRIC_REPRESENTATION_ITEM()
RATIONAL_B_SPLINE_CURVE((1.,1.,1.,1.))
REPRESENTATION_ITEM('')
);
#550=(
BOUNDED_CURVE()
B_SPLINE_CURVE(3,(#5175,#5176,#5177,#5178),.UNSPECIFIED.,.F.,.F.)
B_SPLINE_CURVE_WITH_KNOTS((4,4),(0.,1.),.UNSPECIFIED.)
CURVE()
GEOMETRIC_REPRESENTATION_ITEM()
RATIONAL_B_SPLINE_CURVE((1.,1.,1.,1.))
REPRESENTATION_ITEM('')
);
#551=(
BOUNDED_CURVE()
B_SPLINE_CURVE(3,(#5194,#5195,#5196,#5197),.UNSPECIFIED.,.F.,.F.)
B_SPLINE_CURVE_WITH_KNOTS((4,4),(0.,1.),.UNSPECIFIED.)
CURVE()
GEOMETRIC_REPRESENTATION_ITEM()
RATIONAL_B_SPLINE_CURVE((1.,1.,1.,1.))
REPRESENTATION_ITEM('')
);
#552=(
BOUNDED_CURVE()
B_SPLINE_CURVE(3,(#5213,#5214,#5215,#5216),.UNSPECIFIED.,.F.,.F.)
B_SPLINE_CURVE_WITH_KNOTS((4,4),(0.,1.),.UNSPECIFIED.)
CURVE()
GEOMETRIC_REPRESENTATION_ITEM()
RATIONAL_B_SPLINE_CURVE((1.,1.,1.,1.))
REPRESENTATION_ITEM('')
);
#553=(
BOUNDED_CURVE()
B_SPLINE_CURVE(3,(#5232,#5233,#5234,#5235),.UNSPECIFIED.,.F.,.F.)
B_SPLINE_CURVE_WITH_KNOTS((4,4),(0.,1.),.UNSPECIFIED.)
CURVE()
GEOMETRIC_REPRESENTATION_ITEM()
RATIONAL_B_SPLINE_CURVE((1.,1.,1.,1.))
REPRESENTATION_ITEM('')
);
#554=(
BOUNDED_CURVE()
B_SPLINE_CURVE(3,(#5251,#5252,#5253,#5254),.UNSPECIFIED.,.F.,.F.)
B_SPLINE_CURVE_WITH_KNOTS((4,4),(0.,1.),.UNSPECIFIED.)
CURVE()
GEOMETRIC_REPRESENTATION_ITEM()
RATIONAL_B_SPLINE_CURVE((1.,1.,1.,1.))
REPRESENTATION_ITEM('')
);
#555=(
BOUNDED_CURVE()
B_SPLINE_CURVE(3,(#5270,#5271,#5272,#5273),.UNSPECIFIED.,.F.,.F.)
B_SPLINE_CURVE_WITH_KNOTS((4,4),(0.,1.),.UNSPECIFIED.)
CURVE()
GEOMETRIC_REPRESENTATION_ITEM()
RATIONAL_B_SPLINE_CURVE((1.,1.,1.,1.))
REPRESENTATION_ITEM('')
);
#556=(
BOUNDED_CURVE()
B_SPLINE_CURVE(3,(#5289,#5290,#5291,#5292),.UNSPECIFIED.,.F.,.F.)
B_SPLINE_CURVE_WITH_KNOTS((4,4),(0.,1.),.UNSPECIFIED.)
CURVE()
GEOMETRIC_REPRESENTATION_ITEM()
RATIONAL_B_SPLINE_CURVE((1.,1.,1.,1.))
REPRESENTATION_ITEM('')
);
#557=(
BOUNDED_CURVE()
B_SPLINE_CURVE(3,(#5306,#5307,#5308,#5309),.UNSPECIFIED.,.F.,.F.)
B_SPLINE_CURVE_WITH_KNOTS((4,4),(0.,1.),.UNSPECIFIED.)
CURVE()
GEOMETRIC_REPRESENTATION_ITEM()
RATIONAL_B_SPLINE_CURVE((1.,1.,1.,1.))
REPRESENTATION_ITEM('')
);
#558=LINE('',#3339,#768);
#559=LINE('',#3345,#769);
#560=LINE('',#3364,#770);
#561=LINE('',#3383,#771);
#562=LINE('',#3402,#772);
#563=LINE('',#3434,#773);
#564=LINE('',#3440,#774);
#565=LINE('',#3459,#775);
#566=LINE('',#3478,#776);
#567=LINE('',#3497,#777);
#568=LINE('',#3516,#778);
#569=LINE('',#3548,#779);
#570=LINE('',#3554,#780);
#571=LINE('',#3573,#781);
#572=LINE('',#3592,#782);
#573=LINE('',#3611,#783);
#574=LINE('',#3630,#784);
#575=LINE('',#3633,#785);
#576=LINE('',#3635,#786);
#577=LINE('',#3636,#787);
#578=LINE('',#3638,#788);
#579=LINE('',#3639,#789);
#580=LINE('',#3655,#790);
#581=LINE('',#3661,#791);
#582=LINE('',#3680,#792);
#583=LINE('',#3699,#793);
#584=LINE('',#3718,#794);
#585=LINE('',#3737,#795);
#586=LINE('',#3756,#796);
#587=LINE('',#3775,#797);
#588=LINE('',#3794,#798);
#589=LINE('',#3813,#799);
#590=LINE('',#3832,#800);
#591=LINE('',#3851,#801);
#592=LINE('',#3854,#802);
#593=LINE('',#3856,#803);
#594=LINE('',#3857,#804);
#595=LINE('',#3859,#805);
#596=LINE('',#3860,#806);
#597=LINE('',#3876,#807);
#598=LINE('',#3882,#808);
#599=LINE('',#3901,#809);
#600=LINE('',#3920,#810);
#601=LINE('',#3939,#811);
#602=LINE('',#3958,#812);
#603=LINE('',#3977,#813);
#604=LINE('',#3996,#814);
#605=LINE('',#4015,#815);
#606=LINE('',#4034,#816);
#607=LINE('',#4053,#817);
#608=LINE('',#4085,#818);
#609=LINE('',#4091,#819);
#610=LINE('',#4094,#820);
#611=LINE('',#4096,#821);
#612=LINE('',#4097,#822);
#613=LINE('',#4100,#823);
#614=LINE('',#4102,#824);
#615=LINE('',#4103,#825);
#616=LINE('',#4122,#826);
#617=LINE('',#4125,#827);
#618=LINE('',#4127,#828);
#619=LINE('',#4128,#829);
#620=LINE('',#4131,#830);
#621=LINE('',#4133,#831);
#622=LINE('',#4134,#832);
#623=LINE('',#4153,#833);
#624=LINE('',#4172,#834);
#625=LINE('',#4191,#835);
#626=LINE('',#4210,#836);
#627=LINE('',#4242,#837);
#628=LINE('',#4248,#838);
#629=LINE('',#4267,#839);
#630=LINE('',#4286,#840);
#631=LINE('',#4305,#841);
#632=LINE('',#4324,#842);
#633=LINE('',#4356,#843);
#634=LINE('',#4362,#844);
#635=LINE('',#4381,#845);
#636=LINE('',#4400,#846);
#637=LINE('',#4419,#847);
#638=LINE('',#4438,#848);
#639=LINE('',#4457,#849);
#640=LINE('',#4460,#850);
#641=LINE('',#4462,#851);
#642=LINE('',#4463,#852);
#643=LINE('',#4466,#853);
#644=LINE('',#4468,#854);
#645=LINE('',#4469,#855);
#646=LINE('',#4488,#856);
#647=LINE('',#4491,#857);
#648=LINE('',#4493,#858);
#649=LINE('',#4494,#859);
#650=LINE('',#4496,#860);
#651=LINE('',#4497,#861);
#652=LINE('',#4513,#862);
#653=LINE('',#4519,#863);
#654=LINE('',#4538,#864);
#655=LINE('',#4557,#865);
#656=LINE('',#4576,#866);
#657=LINE('',#4595,#867);
#658=LINE('',#4614,#868);
#659=LINE('',#4633,#869);
#660=LINE('',#4652,#870);
#661=LINE('',#4684,#871);
#662=LINE('',#4690,#872);
#663=LINE('',#4709,#873);
#664=LINE('',#4728,#874);
#665=LINE('',#4747,#875);
#666=LINE('',#4766,#876);
#667=LINE('',#4769,#877);
#668=LINE('',#4771,#878);
#669=LINE('',#4772,#879);
#670=LINE('',#4775,#880);
#671=LINE('',#4777,#881);
#672=LINE('',#4778,#882);
#673=LINE('',#4797,#883);
#674=LINE('',#4816,#884);
#675=LINE('',#4835,#885);
#676=LINE('',#4854,#886);
#677=LINE('',#4873,#887);
#678=LINE('',#4905,#888);
#679=LINE('',#4911,#889);
#680=LINE('',#4930,#890);
#681=LINE('',#4949,#891);
#682=LINE('',#4968,#892);
#683=LINE('',#4987,#893);
#684=LINE('',#4990,#894);
#685=LINE('',#4992,#895);
#686=LINE('',#4993,#896);
#687=LINE('',#4995,#897);
#688=LINE('',#4996,#898);
#689=LINE('',#5000,#899);
#690=LINE('',#5002,#900);
#691=LINE('',#5004,#901);
#692=LINE('',#5005,#902);
#693=LINE('',#5021,#903);
#694=LINE('',#5040,#904);
#695=LINE('',#5059,#905);
#696=LINE('',#5078,#906);
#697=LINE('',#5080,#907);
#698=LINE('',#5081,#908);
#699=LINE('',#5097,#909);
#700=LINE('',#5103,#910);
#701=LINE('',#5122,#911);
#702=LINE('',#5141,#912);
#703=LINE('',#5160,#913);
#704=LINE('',#5179,#914);
#705=LINE('',#5198,#915);
#706=LINE('',#5217,#916);
#707=LINE('',#5236,#917);
#708=LINE('',#5255,#918);
#709=LINE('',#5274,#919);
#710=LINE('',#5293,#920);
#711=LINE('',#5313,#921);
#712=LINE('',#5315,#922);
#713=LINE('',#5317,#923);
#714=LINE('',#5319,#924);
#715=LINE('',#5321,#925);
#716=LINE('',#5322,#926);
#717=LINE('',#5326,#927);
#718=LINE('',#5328,#928);
#719=LINE('',#5330,#929);
#720=LINE('',#5332,#930);
#721=LINE('',#5334,#931);
#722=LINE('',#5336,#932);
#723=LINE('',#5338,#933);
#724=LINE('',#5340,#934);
#725=LINE('',#5342,#935);
#726=LINE('',#5343,#936);
#727=LINE('',#5348,#937);
#728=LINE('',#5354,#938);
#729=LINE('',#5360,#939);
#730=LINE('',#5362,#940);
#731=LINE('',#5364,#941);
#732=LINE('',#5366,#942);
#733=LINE('',#5368,#943);
#734=LINE('',#5370,#944);
#735=LINE('',#5372,#945);
#736=LINE('',#5373,#946);
#737=LINE('',#5384,#947);
#738=LINE('',#5389,#948);
#739=LINE('',#5396,#949);
#740=LINE('',#5401,#950);
#741=LINE('',#5410,#951);
#742=LINE('',#5415,#952);
#743=LINE('',#5420,#953);
#744=LINE('',#5422,#954);
#745=LINE('',#5423,#955);
#746=LINE('',#5425,#956);
#747=LINE('',#5426,#957);
#748=LINE('',#5429,#958);
#749=LINE('',#5433,#959);
#750=LINE('',#5435,#960);
#751=LINE('',#5437,#961);
#752=LINE('',#5438,#962);
#753=LINE('',#5440,#963);
#754=LINE('',#5441,#964);
#755=LINE('',#5443,#965);
#756=LINE('',#5444,#966);
#757=LINE('',#5446,#967);
#758=LINE('',#5448,#968);
#759=LINE('',#5450,#969);
#760=LINE('',#5454,#970);
#761=LINE('',#5456,#971);
#762=LINE('',#5457,#972);
#763=LINE('',#5460,#973);
#764=LINE('',#5461,#974);
#765=LINE('',#5464,#975);
#766=LINE('',#5465,#976);
#767=LINE('',#5467,#977);
#768=VECTOR('',#2973,10.);
#769=VECTOR('',#2974,10.);
#770=VECTOR('',#2975,10.);
#771=VECTOR('',#2976,10.);
#772=VECTOR('',#2977,10.);
#773=VECTOR('',#2978,10.);
#774=VECTOR('',#2979,10.);
#775=VECTOR('',#2980,10.);
#776=VECTOR('',#2981,10.);
#777=VECTOR('',#2982,10.);
#778=VECTOR('',#2983,10.);
#779=VECTOR('',#2984,10.);
#780=VECTOR('',#2985,10.);
#781=VECTOR('',#2986,10.);
#782=VECTOR('',#2987,10.);
#783=VECTOR('',#2988,10.);
#784=VECTOR('',#2989,10.);
#785=VECTOR('',#2992,10.);
#786=VECTOR('',#2993,10.);
#787=VECTOR('',#2994,10.);
#788=VECTOR('',#2997,10.);
#789=VECTOR('',#2998,10.);
#790=VECTOR('',#2999,10.);
#791=VECTOR('',#3000,10.);
#792=VECTOR('',#3001,10.);
#793=VECTOR('',#3002,10.);
#794=VECTOR('',#3003,10.);
#795=VECTOR('',#3004,10.);
#796=VECTOR('',#3005,10.);
#797=VECTOR('',#3006,10.);
#798=VECTOR('',#3007,10.);
#799=VECTOR('',#3008,10.);
#800=VECTOR('',#3009,10.);
#801=VECTOR('',#3010,10.);
#802=VECTOR('',#3013,10.);
#803=VECTOR('',#3014,10.);
#804=VECTOR('',#3015,10.);
#805=VECTOR('',#3018,10.);
#806=VECTOR('',#3019,10.);
#807=VECTOR('',#3020,10.);
#808=VECTOR('',#3021,10.);
#809=VECTOR('',#3022,10.);
#810=VECTOR('',#3023,10.);
#811=VECTOR('',#3024,10.);
#812=VECTOR('',#3025,10.);
#813=VECTOR('',#3026,10.);
#814=VECTOR('',#3027,10.);
#815=VECTOR('',#3028,10.);
#816=VECTOR('',#3029,10.);
#817=VECTOR('',#3030,10.);
#818=VECTOR('',#3031,10.);
#819=VECTOR('',#3032,10.);
#820=VECTOR('',#3035,10.);
#821=VECTOR('',#3036,10.);
#822=VECTOR('',#3037,10.);
#823=VECTOR('',#3040,10.);
#824=VECTOR('',#3041,10.);
#825=VECTOR('',#3042,10.);
#826=VECTOR('',#3043,10.);
#827=VECTOR('',#3046,10.);
#828=VECTOR('',#3047,10.);
#829=VECTOR('',#3048,10.);
#830=VECTOR('',#3051,10.);
#831=VECTOR('',#3052,10.);
#832=VECTOR('',#3053,10.);
#833=VECTOR('',#3054,10.);
#834=VECTOR('',#3055,10.);
#835=VECTOR('',#3056,10.);
#836=VECTOR('',#3057,10.);
#837=VECTOR('',#3058,10.);
#838=VECTOR('',#3059,10.);
#839=VECTOR('',#3060,10.);
#840=VECTOR('',#3061,10.);
#841=VECTOR('',#3062,10.);
#842=VECTOR('',#3063,10.);
#843=VECTOR('',#3064,10.);
#844=VECTOR('',#3065,10.);
#845=VECTOR('',#3066,10.);
#846=VECTOR('',#3067,10.);
#847=VECTOR('',#3068,10.);
#848=VECTOR('',#3069,10.);
#849=VECTOR('',#3070,10.);
#850=VECTOR('',#3073,10.);
#851=VECTOR('',#3074,10.);
#852=VECTOR('',#3075,10.);
#853=VECTOR('',#3078,10.);
#854=VECTOR('',#3079,10.);
#855=VECTOR('',#3080,10.);
#856=VECTOR('',#3081,10.);
#857=VECTOR('',#3084,10.);
#858=VECTOR('',#3085,10.);
#859=VECTOR('',#3086,10.);
#860=VECTOR('',#3089,10.);
#861=VECTOR('',#3090,10.);
#862=VECTOR('',#3091,10.);
#863=VECTOR('',#3092,10.);
#864=VECTOR('',#3093,10.);
#865=VECTOR('',#3094,10.);
#866=VECTOR('',#3095,10.);
#867=VECTOR('',#3096,10.);
#868=VECTOR('',#3097,10.);
#869=VECTOR('',#3098,10.);
#870=VECTOR('',#3099,10.);
#871=VECTOR('',#3100,10.);
#872=VECTOR('',#3101,10.);
#873=VECTOR('',#3102,10.);
#874=VECTOR('',#3103,10.);
#875=VECTOR('',#3104,10.);
#876=VECTOR('',#3105,10.);
#877=VECTOR('',#3108,10.);
#878=VECTOR('',#3109,10.);
#879=VECTOR('',#3110,10.);
#880=VECTOR('',#3113,10.);
#881=VECTOR('',#3114,10.);
#882=VECTOR('',#3115,10.);
#883=VECTOR('',#3116,10.);
#884=VECTOR('',#3117,10.);
#885=VECTOR('',#3118,10.);
#886=VECTOR('',#3119,10.);
#887=VECTOR('',#3120,10.);
#888=VECTOR('',#3121,10.);
#889=VECTOR('',#3122,10.);
#890=VECTOR('',#3123,10.);
#891=VECTOR('',#3124,10.);
#892=VECTOR('',#3125,10.);
#893=VECTOR('',#3126,10.);
#894=VECTOR('',#3129,10.);
#895=VECTOR('',#3130,10.);
#896=VECTOR('',#3131,10.);
#897=VECTOR('',#3134,10.);
#898=VECTOR('',#3135,10.);
#899=VECTOR('',#3138,10.);
#900=VECTOR('',#3139,10.);
#901=VECTOR('',#3140,10.);
#902=VECTOR('',#3141,10.);
#903=VECTOR('',#3142,10.);
#904=VECTOR('',#3143,10.);
#905=VECTOR('',#3144,10.);
#906=VECTOR('',#3145,10.);
#907=VECTOR('',#3148,10.);
#908=VECTOR('',#3149,10.);
#909=VECTOR('',#3150,10.);
#910=VECTOR('',#3151,10.);
#911=VECTOR('',#3152,10.);
#912=VECTOR('',#3153,10.);
#913=VECTOR('',#3154,10.);
#914=VECTOR('',#3155,10.);
#915=VECTOR('',#3156,10.);
#916=VECTOR('',#3157,10.);
#917=VECTOR('',#3158,10.);
#918=VECTOR('',#3159,10.);
#919=VECTOR('',#3160,10.);
#920=VECTOR('',#3161,10.);
#921=VECTOR('',#3164,10.);
#922=VECTOR('',#3165,10.);
#923=VECTOR('',#3166,10.);
#924=VECTOR('',#3167,10.);
#925=VECTOR('',#3168,10.);
#926=VECTOR('',#3169,10.);
#927=VECTOR('',#3172,10.);
#928=VECTOR('',#3173,10.);
#929=VECTOR('',#3174,10.);
#930=VECTOR('',#3175,10.);
#931=VECTOR('',#3176,10.);
#932=VECTOR('',#3177,10.);
#933=VECTOR('',#3178,10.);
#934=VECTOR('',#3179,10.);
#935=VECTOR('',#3180,10.);
#936=VECTOR('',#3181,10.);
#937=VECTOR('',#3186,2.);
#938=VECTOR('',#3193,3.00000001490116);
#939=VECTOR('',#3200,10.);
#940=VECTOR('',#3201,10.);
#941=VECTOR('',#3202,10.);
#942=VECTOR('',#3203,10.);
#943=VECTOR('',#3204,10.);
#944=VECTOR('',#3205,10.);
#945=VECTOR('',#3206,10.);
#946=VECTOR('',#3207,10.);
#947=VECTOR('',#3218,1.99999999999999);
#948=VECTOR('',#3225,3.00000001490115);
#949=VECTOR('',#3234,1.99999999999999);
#950=VECTOR('',#3241,3.00000001490115);
#951=VECTOR('',#3252,2.);
#952=VECTOR('',#3259,3.00000001490116);
#953=VECTOR('',#3266,0.85);
#954=VECTOR('',#3269,10.);
#955=VECTOR('',#3270,10.);
#956=VECTOR('',#3273,10.);
#957=VECTOR('',#3274,10.);
#958=VECTOR('',#3279,10.);
#959=VECTOR('',#3282,10.);
#960=VECTOR('',#3283,10.);
#961=VECTOR('',#3284,10.);
#962=VECTOR('',#3285,10.);
#963=VECTOR('',#3288,10.);
#964=VECTOR('',#3289,10.);
#965=VECTOR('',#3292,10.);
#966=VECTOR('',#3293,10.);
#967=VECTOR('',#3296,10.);
#968=VECTOR('',#3299,10.);
#969=VECTOR('',#3302,10.);
#970=VECTOR('',#3307,10.);
#971=VECTOR('',#3308,10.);
#972=VECTOR('',#3309,10.);
#973=VECTOR('',#3312,10.);
#974=VECTOR('',#3313,10.);
#975=VECTOR('',#3316,10.);
#976=VECTOR('',#3317,10.);
#977=VECTOR('',#3320,10.);
#978=B_SPLINE_CURVE_WITH_KNOTS('',3,(#3334,#3335,#3336,#3337),
 .UNSPECIFIED.,.F.,.F.,(4,4),(0.,0.180412208686728),.UNSPECIFIED.);
#979=B_SPLINE_CURVE_WITH_KNOTS('',3,(#3355,#3356,#3357,#3358),
 .UNSPECIFIED.,.F.,.F.,(4,4),(0.,0.12964683284127),.UNSPECIFIED.);
#980=B_SPLINE_CURVE_WITH_KNOTS('',3,(#3374,#3375,#3376,#3377),
 .UNSPECIFIED.,.F.,.F.,(4,4),(0.,0.0748931792357859),.UNSPECIFIED.);
#981=B_SPLINE_CURVE_WITH_KNOTS('',3,(#3393,#3394,#3395,#3396),
 .UNSPECIFIED.,.F.,.F.,(4,4),(0.,0.249485832560251),.UNSPECIFIED.);
#982=B_SPLINE_CURVE_WITH_KNOTS('',3,(#3411,#3412,#3413,#3414),
 .UNSPECIFIED.,.F.,.F.,(4,4),(0.,0.0306842043893517),.UNSPECIFIED.);
#983=B_SPLINE_CURVE_WITH_KNOTS('',3,(#3429,#3430,#3431,#3432),
 .UNSPECIFIED.,.F.,.F.,(4,4),(0.,0.078847166824498),.UNSPECIFIED.);
#984=B_SPLINE_CURVE_WITH_KNOTS('',3,(#3450,#3451,#3452,#3453),
 .UNSPECIFIED.,.F.,.F.,(4,4),(0.,0.0404281170802272),.UNSPECIFIED.);
#985=B_SPLINE_CURVE_WITH_KNOTS('',3,(#3469,#3470,#3471,#3472),
 .UNSPECIFIED.,.F.,.F.,(4,4),(0.,0.0824115909951461),.UNSPECIFIED.);
#986=B_SPLINE_CURVE_WITH_KNOTS('',3,(#3488,#3489,#3490,#3491),
 .UNSPECIFIED.,.F.,.F.,(4,4),(0.,0.0246794090424559),.UNSPECIFIED.);
#987=B_SPLINE_CURVE_WITH_KNOTS('',3,(#3507,#3508,#3509,#3510),
 .UNSPECIFIED.,.F.,.F.,(4,4),(0.,0.211132041362555),.UNSPECIFIED.);
#988=B_SPLINE_CURVE_WITH_KNOTS('',3,(#3525,#3526,#3527,#3528),
 .UNSPECIFIED.,.F.,.F.,(4,4),(0.,0.0748938309860144),.UNSPECIFIED.);
#989=B_SPLINE_CURVE_WITH_KNOTS('',3,(#3543,#3544,#3545,#3546),
 .UNSPECIFIED.,.F.,.F.,(4,4),(0.,0.143355077857388),.UNSPECIFIED.);
#990=B_SPLINE_CURVE_WITH_KNOTS('',3,(#3564,#3565,#3566,#3567),
 .UNSPECIFIED.,.F.,.F.,(4,4),(0.,0.0637923933211622),.UNSPECIFIED.);
#991=B_SPLINE_CURVE_WITH_KNOTS('',3,(#3583,#3584,#3585,#3586),
 .UNSPECIFIED.,.F.,.F.,(4,4),(0.,0.0520365413360796),.UNSPECIFIED.);
#992=B_SPLINE_CURVE_WITH_KNOTS('',3,(#3602,#3603,#3604,#3605),
 .UNSPECIFIED.,.F.,.F.,(4,4),(0.,0.406177721055321),.UNSPECIFIED.);
#993=B_SPLINE_CURVE_WITH_KNOTS('',3,(#3621,#3622,#3623,#3624),
 .UNSPECIFIED.,.F.,.F.,(4,4),(0.,0.138495225664041),.UNSPECIFIED.);
#994=B_SPLINE_CURVE_WITH_KNOTS('',3,(#3650,#3651,#3652,#3653),
 .UNSPECIFIED.,.F.,.F.,(4,4),(0.,0.312511912419148),.UNSPECIFIED.);
#995=B_SPLINE_CURVE_WITH_KNOTS('',3,(#3671,#3672,#3673,#3674),
 .UNSPECIFIED.,.F.,.F.,(4,4),(0.,0.362469869821047),.UNSPECIFIED.);
#996=B_SPLINE_CURVE_WITH_KNOTS('',3,(#3690,#3691,#3692,#3693),
 .UNSPECIFIED.,.F.,.F.,(4,4),(0.,0.171190278775656),.UNSPECIFIED.);
#997=B_SPLINE_CURVE_WITH_KNOTS('',3,(#3709,#3710,#3711,#3712),
 .UNSPECIFIED.,.F.,.F.,(4,4),(0.,0.384448314674099),.UNSPECIFIED.);
#998=B_SPLINE_CURVE_WITH_KNOTS('',3,(#3728,#3729,#3730,#3731),
 .UNSPECIFIED.,.F.,.F.,(4,4),(0.,0.163761113275283),.UNSPECIFIED.);
#999=B_SPLINE_CURVE_WITH_KNOTS('',3,(#3747,#3748,#3749,#3750),
 .UNSPECIFIED.,.F.,.F.,(4,4),(0.,0.227074281701957),.UNSPECIFIED.);
#1000=B_SPLINE_CURVE_WITH_KNOTS('',3,(#3766,#3767,#3768,#3769),
 .UNSPECIFIED.,.F.,.F.,(4,4),(0.,0.0203093372651327),.UNSPECIFIED.);
#1001=B_SPLINE_CURVE_WITH_KNOTS('',3,(#3785,#3786,#3787,#3788),
 .UNSPECIFIED.,.F.,.F.,(4,4),(0.,0.211575557311761),.UNSPECIFIED.);
#1002=B_SPLINE_CURVE_WITH_KNOTS('',3,(#3804,#3805,#3806,#3807),
 .UNSPECIFIED.,.F.,.F.,(4,4),(0.,0.129061991411356),.UNSPECIFIED.);
#1003=B_SPLINE_CURVE_WITH_KNOTS('',3,(#3823,#3824,#3825,#3826),
 .UNSPECIFIED.,.F.,.F.,(4,4),(0.,0.0207599990805993),.UNSPECIFIED.);
#1004=B_SPLINE_CURVE_WITH_KNOTS('',3,(#3842,#3843,#3844,#3845),
 .UNSPECIFIED.,.F.,.F.,(4,4),(0.,0.371789568101084),.UNSPECIFIED.);
#1005=B_SPLINE_CURVE_WITH_KNOTS('',3,(#3871,#3872,#3873,#3874),
 .UNSPECIFIED.,.F.,.F.,(4,4),(0.,0.0869161142998403),.UNSPECIFIED.);
#1006=B_SPLINE_CURVE_WITH_KNOTS('',3,(#3892,#3893,#3894,#3895),
 .UNSPECIFIED.,.F.,.F.,(4,4),(0.,0.297827840823235),.UNSPECIFIED.);
#1007=B_SPLINE_CURVE_WITH_KNOTS('',3,(#3911,#3912,#3913,#3914),
 .UNSPECIFIED.,.F.,.F.,(4,4),(0.,0.268782818734788),.UNSPECIFIED.);
#1008=B_SPLINE_CURVE_WITH_KNOTS('',3,(#3930,#3931,#3932,#3933),
 .UNSPECIFIED.,.F.,.F.,(4,4),(0.,0.175831845517037),.UNSPECIFIED.);
#1009=B_SPLINE_CURVE_WITH_KNOTS('',3,(#3949,#3950,#3951,#3952),
 .UNSPECIFIED.,.F.,.F.,(4,4),(0.,0.630338743337894),.UNSPECIFIED.);
#1010=B_SPLINE_CURVE_WITH_KNOTS('',3,(#3968,#3969,#3970,#3971),
 .UNSPECIFIED.,.F.,.F.,(4,4),(0.,0.106503925084777),.UNSPECIFIED.);
#1011=B_SPLINE_CURVE_WITH_KNOTS('',3,(#3987,#3988,#3989,#3990),
 .UNSPECIFIED.,.F.,.F.,(4,4),(0.,0.0189614677609738),.UNSPECIFIED.);
#1012=B_SPLINE_CURVE_WITH_KNOTS('',3,(#4006,#4007,#4008,#4009),
 .UNSPECIFIED.,.F.,.F.,(4,4),(0.,0.264043361673568),.UNSPECIFIED.);
#1013=B_SPLINE_CURVE_WITH_KNOTS('',3,(#4025,#4026,#4027,#4028),
 .UNSPECIFIED.,.F.,.F.,(4,4),(0.,0.0674447166962228),.UNSPECIFIED.);
#1014=B_SPLINE_CURVE_WITH_KNOTS('',3,(#4044,#4045,#4046,#4047),
 .UNSPECIFIED.,.F.,.F.,(4,4),(0.,0.0534085248558189),.UNSPECIFIED.);
#1015=B_SPLINE_CURVE_WITH_KNOTS('',3,(#4062,#4063,#4064,#4065),
 .UNSPECIFIED.,.F.,.F.,(4,4),(0.,0.208086392698442),.UNSPECIFIED.);
#1016=B_SPLINE_CURVE_WITH_KNOTS('',3,(#4080,#4081,#4082,#4083),
 .UNSPECIFIED.,.F.,.F.,(4,4),(0.,0.362832918330976),.UNSPECIFIED.);
#1017=B_SPLINE_CURVE_WITH_KNOTS('',3,(#4113,#4114,#4115,#4116),
 .UNSPECIFIED.,.F.,.F.,(4,4),(0.,0.208939442665729),.UNSPECIFIED.);
#1018=B_SPLINE_CURVE_WITH_KNOTS('',3,(#4144,#4145,#4146,#4147),
 .UNSPECIFIED.,.F.,.F.,(4,4),(0.,0.470811805696755),.UNSPECIFIED.);
#1019=B_SPLINE_CURVE_WITH_KNOTS('',3,(#4163,#4164,#4165,#4166),
 .UNSPECIFIED.,.F.,.F.,(4,4),(0.,0.265360934044303),.UNSPECIFIED.);
#1020=B_SPLINE_CURVE_WITH_KNOTS('',3,(#4182,#4183,#4184,#4185),
 .UNSPECIFIED.,.F.,.F.,(4,4),(0.,0.633549481726074),.UNSPECIFIED.);
#1021=B_SPLINE_CURVE_WITH_KNOTS('',3,(#4201,#4202,#4203,#4204),
 .UNSPECIFIED.,.F.,.F.,(4,4),(0.,0.11522110675386),.UNSPECIFIED.);
#1022=B_SPLINE_CURVE_WITH_KNOTS('',3,(#4219,#4220,#4221,#4222),
 .UNSPECIFIED.,.F.,.F.,(4,4),(0.,0.0164498635978486),.UNSPECIFIED.);
#1023=B_SPLINE_CURVE_WITH_KNOTS('',3,(#4237,#4238,#4239,#4240),
 .UNSPECIFIED.,.F.,.F.,(4,4),(0.,0.0542238003437679),.UNSPECIFIED.);
#1024=B_SPLINE_CURVE_WITH_KNOTS('',3,(#4258,#4259,#4260,#4261),
 .UNSPECIFIED.,.F.,.F.,(4,4),(0.,0.0375798727426961),.UNSPECIFIED.);
#1025=B_SPLINE_CURVE_WITH_KNOTS('',3,(#4277,#4278,#4279,#4280),
 .UNSPECIFIED.,.F.,.F.,(4,4),(0.,0.0469103956065656),.UNSPECIFIED.);
#1026=B_SPLINE_CURVE_WITH_KNOTS('',3,(#4296,#4297,#4298,#4299),
 .UNSPECIFIED.,.F.,.F.,(4,4),(0.,0.138068782410025),.UNSPECIFIED.);
#1027=B_SPLINE_CURVE_WITH_KNOTS('',3,(#4315,#4316,#4317,#4318),
 .UNSPECIFIED.,.F.,.F.,(4,4),(0.,0.0755335569503354),.UNSPECIFIED.);
#1028=B_SPLINE_CURVE_WITH_KNOTS('',3,(#4333,#4334,#4335,#4336),
 .UNSPECIFIED.,.F.,.F.,(4,4),(0.,0.0697853103681724),.UNSPECIFIED.);
#1029=B_SPLINE_CURVE_WITH_KNOTS('',3,(#4351,#4352,#4353,#4354),
 .UNSPECIFIED.,.F.,.F.,(4,4),(0.,0.361674786075761),.UNSPECIFIED.);
#1030=B_SPLINE_CURVE_WITH_KNOTS('',3,(#4372,#4373,#4374,#4375),
 .UNSPECIFIED.,.F.,.F.,(4,4),(0.,0.0632029251693213),.UNSPECIFIED.);
#1031=B_SPLINE_CURVE_WITH_KNOTS('',3,(#4391,#4392,#4393,#4394),
 .UNSPECIFIED.,.F.,.F.,(4,4),(0.,0.0459945097556547),.UNSPECIFIED.);
#1032=B_SPLINE_CURVE_WITH_KNOTS('',3,(#4410,#4411,#4412,#4413),
 .UNSPECIFIED.,.F.,.F.,(4,4),(0.,0.859216188081882),.UNSPECIFIED.);
#1033=B_SPLINE_CURVE_WITH_KNOTS('',3,(#4429,#4430,#4431,#4432),
 .UNSPECIFIED.,.F.,.F.,(4,4),(0.,0.186363740984205),.UNSPECIFIED.);
#1034=B_SPLINE_CURVE_WITH_KNOTS('',3,(#4448,#4449,#4450,#4451),
 .UNSPECIFIED.,.F.,.F.,(4,4),(0.,0.362186374207973),.UNSPECIFIED.);
#1035=B_SPLINE_CURVE_WITH_KNOTS('',3,(#4479,#4480,#4481,#4482),
 .UNSPECIFIED.,.F.,.F.,(4,4),(0.,0.209740900516328),.UNSPECIFIED.);
#1036=B_SPLINE_CURVE_WITH_KNOTS('',3,(#4508,#4509,#4510,#4511),
 .UNSPECIFIED.,.F.,.F.,(4,4),(0.,0.363288235880513),.UNSPECIFIED.);
#1037=B_SPLINE_CURVE_WITH_KNOTS('',3,(#4529,#4530,#4531,#4532),
 .UNSPECIFIED.,.F.,.F.,(4,4),(0.,0.327715236794942),.UNSPECIFIED.);
#1038=B_SPLINE_CURVE_WITH_KNOTS('',3,(#4548,#4549,#4550,#4551),
 .UNSPECIFIED.,.F.,.F.,(4,4),(0.,0.372916989930404),.UNSPECIFIED.);
#1039=B_SPLINE_CURVE_WITH_KNOTS('',3,(#4567,#4568,#4569,#4570),
 .UNSPECIFIED.,.F.,.F.,(4,4),(0.,0.418684061341657),.UNSPECIFIED.);
#1040=B_SPLINE_CURVE_WITH_KNOTS('',3,(#4586,#4587,#4588,#4589),
 .UNSPECIFIED.,.F.,.F.,(4,4),(0.,0.295066621147354),.UNSPECIFIED.);
#1041=B_SPLINE_CURVE_WITH_KNOTS('',3,(#4605,#4606,#4607,#4608),
 .UNSPECIFIED.,.F.,.F.,(4,4),(0.,0.240868822453269),.UNSPECIFIED.);
#1042=B_SPLINE_CURVE_WITH_KNOTS('',3,(#4624,#4625,#4626,#4627),
 .UNSPECIFIED.,.F.,.F.,(4,4),(0.,0.238661802816893),.UNSPECIFIED.);
#1043=B_SPLINE_CURVE_WITH_KNOTS('',3,(#4643,#4644,#4645,#4646),
 .UNSPECIFIED.,.F.,.F.,(4,4),(0.,0.244325837480147),.UNSPECIFIED.);
#1044=B_SPLINE_CURVE_WITH_KNOTS('',3,(#4661,#4662,#4663,#4664),
 .UNSPECIFIED.,.F.,.F.,(4,4),(0.,0.394972031776206),.UNSPECIFIED.);
#1045=B_SPLINE_CURVE_WITH_KNOTS('',3,(#4679,#4680,#4681,#4682),
 .UNSPECIFIED.,.F.,.F.,(4,4),(0.,1.03152228760558),.UNSPECIFIED.);
#1046=B_SPLINE_CURVE_WITH_KNOTS('',3,(#4700,#4701,#4702,#4703),
 .UNSPECIFIED.,.F.,.F.,(4,4),(0.,0.110374834620712),.UNSPECIFIED.);
#1047=B_SPLINE_CURVE_WITH_KNOTS('',3,(#4719,#4720,#4721,#4722),
 .UNSPECIFIED.,.F.,.F.,(4,4),(0.,0.128513037743799),.UNSPECIFIED.);
#1048=B_SPLINE_CURVE_WITH_KNOTS('',3,(#4738,#4739,#4740,#4741),
 .UNSPECIFIED.,.F.,.F.,(4,4),(0.,0.230085175337104),.UNSPECIFIED.);
#1049=B_SPLINE_CURVE_WITH_KNOTS('',3,(#4757,#4758,#4759,#4760),
 .UNSPECIFIED.,.F.,.F.,(4,4),(0.,0.156055647923392),.UNSPECIFIED.);
#1050=B_SPLINE_CURVE_WITH_KNOTS('',3,(#4788,#4789,#4790,#4791),
 .UNSPECIFIED.,.F.,.F.,(4,4),(0.,0.202730907394832),.UNSPECIFIED.);
#1051=B_SPLINE_CURVE_WITH_KNOTS('',3,(#4807,#4808,#4809,#4810),
 .UNSPECIFIED.,.F.,.F.,(4,4),(0.,0.1313296847954),.UNSPECIFIED.);
#1052=B_SPLINE_CURVE_WITH_KNOTS('',3,(#4826,#4827,#4828,#4829),
 .UNSPECIFIED.,.F.,.F.,(4,4),(0.,0.069342324068681),.UNSPECIFIED.);
#1053=B_SPLINE_CURVE_WITH_KNOTS('',3,(#4845,#4846,#4847,#4848),
 .UNSPECIFIED.,.F.,.F.,(4,4),(0.,0.217339997913958),.UNSPECIFIED.);
#1054=B_SPLINE_CURVE_WITH_KNOTS('',3,(#4864,#4865,#4866,#4867),
 .UNSPECIFIED.,.F.,.F.,(4,4),(0.,0.127082130104618),.UNSPECIFIED.);
#1055=B_SPLINE_CURVE_WITH_KNOTS('',3,(#4882,#4883,#4884,#4885),
 .UNSPECIFIED.,.F.,.F.,(4,4),(0.,0.0405857518781757),.UNSPECIFIED.);
#1056=B_SPLINE_CURVE_WITH_KNOTS('',3,(#4900,#4901,#4902,#4903),
 .UNSPECIFIED.,.F.,.F.,(4,4),(0.,0.0474775765950222),.UNSPECIFIED.);
#1057=B_SPLINE_CURVE_WITH_KNOTS('',3,(#4921,#4922,#4923,#4924),
 .UNSPECIFIED.,.F.,.F.,(4,4),(0.,0.10886877127518),.UNSPECIFIED.);
#1058=B_SPLINE_CURVE_WITH_KNOTS('',3,(#4940,#4941,#4942,#4943),
 .UNSPECIFIED.,.F.,.F.,(4,4),(0.,0.23785855142238),.UNSPECIFIED.);
#1059=B_SPLINE_CURVE_WITH_KNOTS('',3,(#4959,#4960,#4961,#4962),
 .UNSPECIFIED.,.F.,.F.,(4,4),(0.,0.0417196441974593),.UNSPECIFIED.);
#1060=B_SPLINE_CURVE_WITH_KNOTS('',3,(#4978,#4979,#4980,#4981),
 .UNSPECIFIED.,.F.,.F.,(4,4),(0.,0.20718893463593),.UNSPECIFIED.);
#1061=B_SPLINE_CURVE_WITH_KNOTS('',3,(#5013,#5014,#5015,#5016),
 .UNSPECIFIED.,.F.,.F.,(4,4),(0.,0.141566718684927),.UNSPECIFIED.);
#1062=B_SPLINE_CURVE_WITH_KNOTS('',2,(#5018,#5019,#5020),.UNSPECIFIED.,
 .F.,.F.,(3,3),(0.,1.),.UNSPECIFIED.);
#1063=B_SPLINE_CURVE_WITH_KNOTS('',3,(#5031,#5032,#5033,#5034),
 .UNSPECIFIED.,.F.,.F.,(4,4),(0.,0.0158378443552807),.UNSPECIFIED.);
#1064=B_SPLINE_CURVE_WITH_KNOTS('',3,(#5050,#5051,#5052,#5053),
 .UNSPECIFIED.,.F.,.F.,(4,4),(0.,0.085768426993761),.UNSPECIFIED.);
#1065=B_SPLINE_CURVE_WITH_KNOTS('',3,(#5069,#5070,#5071,#5072),
 .UNSPECIFIED.,.F.,.F.,(4,4),(0.,0.0526038025615171),.UNSPECIFIED.);
#1066=B_SPLINE_CURVE_WITH_KNOTS('',3,(#5092,#5093,#5094,#5095),
 .UNSPECIFIED.,.F.,.F.,(4,4),(0.,0.335780826474916),.UNSPECIFIED.);
#1067=B_SPLINE_CURVE_WITH_KNOTS('',3,(#5113,#5114,#5115,#5116),
 .UNSPECIFIED.,.F.,.F.,(4,4),(0.,0.21011483943056),.UNSPECIFIED.);
#1068=B_SPLINE_CURVE_WITH_KNOTS('',3,(#5132,#5133,#5134,#5135),
 .UNSPECIFIED.,.F.,.F.,(4,4),(0.,0.0261303308105273),.UNSPECIFIED.);
#1069=B_SPLINE_CURVE_WITH_KNOTS('',3,(#5151,#5152,#5153,#5154),
 .UNSPECIFIED.,.F.,.F.,(4,4),(0.,0.204163073926072),.UNSPECIFIED.);
#1070=B_SPLINE_CURVE_WITH_KNOTS('',3,(#5170,#5171,#5172,#5173),
 .UNSPECIFIED.,.F.,.F.,(4,4),(0.,0.155120115432926),.UNSPECIFIED.);
#1071=B_SPLINE_CURVE_WITH_KNOTS('',3,(#5189,#5190,#5191,#5192),
 .UNSPECIFIED.,.F.,.F.,(4,4),(0.,0.0355583639538414),.UNSPECIFIED.);
#1072=B_SPLINE_CURVE_WITH_KNOTS('',3,(#5208,#5209,#5210,#5211),
 .UNSPECIFIED.,.F.,.F.,(4,4),(0.,0.252865502267319),.UNSPECIFIED.);
#1073=B_SPLINE_CURVE_WITH_KNOTS('',3,(#5227,#5228,#5229,#5230),
 .UNSPECIFIED.,.F.,.F.,(4,4),(0.,0.0977684408004293),.UNSPECIFIED.);
#1074=B_SPLINE_CURVE_WITH_KNOTS('',3,(#5246,#5247,#5248,#5249),
 .UNSPECIFIED.,.F.,.F.,(4,4),(0.,0.0844130322989293),.UNSPECIFIED.);
#1075=B_SPLINE_CURVE_WITH_KNOTS('',3,(#5265,#5266,#5267,#5268),
 .UNSPECIFIED.,.F.,.F.,(4,4),(0.,0.48337427856612),.UNSPECIFIED.);
#1076=B_SPLINE_CURVE_WITH_KNOTS('',3,(#5284,#5285,#5286,#5287),
 .UNSPECIFIED.,.F.,.F.,(4,4),(0.,0.159601944229309),.UNSPECIFIED.);
#1077=B_SPLINE_CURVE_WITH_KNOTS('',3,(#5302,#5303,#5304,#5305),
 .UNSPECIFIED.,.F.,.F.,(4,4),(0.,0.279145865585597),.UNSPECIFIED.);
#1078=VERTEX_POINT('',#3332);
#1079=VERTEX_POINT('',#3333);
#1080=VERTEX_POINT('',#3338);
#1081=VERTEX_POINT('',#3340);
#1082=VERTEX_POINT('',#3354);
#1083=VERTEX_POINT('',#3359);
#1084=VERTEX_POINT('',#3373);
#1085=VERTEX_POINT('',#3378);
#1086=VERTEX_POINT('',#3392);
#1087=VERTEX_POINT('',#3397);
#1088=VERTEX_POINT('',#3427);
#1089=VERTEX_POINT('',#3428);
#1090=VERTEX_POINT('',#3433);
#1091=VERTEX_POINT('',#3435);
#1092=VERTEX_POINT('',#3449);
#1093=VERTEX_POINT('',#3454);
#1094=VERTEX_POINT('',#3468);
#1095=VERTEX_POINT('',#3473);
#1096=VERTEX_POINT('',#3487);
#1097=VERTEX_POINT('',#3492);
#1098=VERTEX_POINT('',#3506);
#1099=VERTEX_POINT('',#3511);
#1100=VERTEX_POINT('',#3541);
#1101=VERTEX_POINT('',#3542);
#1102=VERTEX_POINT('',#3547);
#1103=VERTEX_POINT('',#3549);
#1104=VERTEX_POINT('',#3563);
#1105=VERTEX_POINT('',#3568);
#1106=VERTEX_POINT('',#3582);
#1107=VERTEX_POINT('',#3587);
#1108=VERTEX_POINT('',#3601);
#1109=VERTEX_POINT('',#3606);
#1110=VERTEX_POINT('',#3620);
#1111=VERTEX_POINT('',#3625);
#1112=VERTEX_POINT('',#3632);
#1113=VERTEX_POINT('',#3634);
#1114=VERTEX_POINT('',#3648);
#1115=VERTEX_POINT('',#3649);
#1116=VERTEX_POINT('',#3654);
#1117=VERTEX_POINT('',#3656);
#1118=VERTEX_POINT('',#3670);
#1119=VERTEX_POINT('',#3675);
#1120=VERTEX_POINT('',#3689);
#1121=VERTEX_POINT('',#3694);
#1122=VERTEX_POINT('',#3708);
#1123=VERTEX_POINT('',#3713);
#1124=VERTEX_POINT('',#3727);
#1125=VERTEX_POINT('',#3732);
#1126=VERTEX_POINT('',#3746);
#1127=VERTEX_POINT('',#3751);
#1128=VERTEX_POINT('',#3765);
#1129=VERTEX_POINT('',#3770);
#1130=VERTEX_POINT('',#3784);
#1131=VERTEX_POINT('',#3789);
#1132=VERTEX_POINT('',#3803);
#1133=VERTEX_POINT('',#3808);
#1134=VERTEX_POINT('',#3822);
#1135=VERTEX_POINT('',#3827);
#1136=VERTEX_POINT('',#3841);
#1137=VERTEX_POINT('',#3846);
#1138=VERTEX_POINT('',#3853);
#1139=VERTEX_POINT('',#3855);
#1140=VERTEX_POINT('',#3869);
#1141=VERTEX_POINT('',#3870);
#1142=VERTEX_POINT('',#3875);
#1143=VERTEX_POINT('',#3877);
#1144=VERTEX_POINT('',#3891);
#1145=VERTEX_POINT('',#3896);
#1146=VERTEX_POINT('',#3910);
#1147=VERTEX_POINT('',#3915);
#1148=VERTEX_POINT('',#3929);
#1149=VERTEX_POINT('',#3934);
#1150=VERTEX_POINT('',#3948);
#1151=VERTEX_POINT('',#3953);
#1152=VERTEX_POINT('',#3967);
#1153=VERTEX_POINT('',#3972);
#1154=VERTEX_POINT('',#3986);
#1155=VERTEX_POINT('',#3991);
#1156=VERTEX_POINT('',#4005);
#1157=VERTEX_POINT('',#4010);
#1158=VERTEX_POINT('',#4024);
#1159=VERTEX_POINT('',#4029);
#1160=VERTEX_POINT('',#4043);
#1161=VERTEX_POINT('',#4048);
#1162=VERTEX_POINT('',#4078);
#1163=VERTEX_POINT('',#4079);
#1164=VERTEX_POINT('',#4084);
#1165=VERTEX_POINT('',#4086);
#1166=VERTEX_POINT('',#4093);
#1167=VERTEX_POINT('',#4095);
#1168=VERTEX_POINT('',#4099);
#1169=VERTEX_POINT('',#4101);
#1170=VERTEX_POINT('',#4112);
#1171=VERTEX_POINT('',#4117);
#1172=VERTEX_POINT('',#4124);
#1173=VERTEX_POINT('',#4126);
#1174=VERTEX_POINT('',#4130);
#1175=VERTEX_POINT('',#4132);
#1176=VERTEX_POINT('',#4143);
#1177=VERTEX_POINT('',#4148);
#1178=VERTEX_POINT('',#4162);
#1179=VERTEX_POINT('',#4167);
#1180=VERTEX_POINT('',#4181);
#1181=VERTEX_POINT('',#4186);
#1182=VERTEX_POINT('',#4200);
#1183=VERTEX_POINT('',#4205);
#1184=VERTEX_POINT('',#4235);
#1185=VERTEX_POINT('',#4236);
#1186=VERTEX_POINT('',#4241);
#1187=VERTEX_POINT('',#4243);
#1188=VERTEX_POINT('',#4257);
#1189=VERTEX_POINT('',#4262);
#1190=VERTEX_POINT('',#4276);
#1191=VERTEX_POINT('',#4281);
#1192=VERTEX_POINT('',#4295);
#1193=VERTEX_POINT('',#4300);
#1194=VERTEX_POINT('',#4314);
#1195=VERTEX_POINT('',#4319);
#1196=VERTEX_POINT('',#4349);
#1197=VERTEX_POINT('',#4350);
#1198=VERTEX_POINT('',#4355);
#1199=VERTEX_POINT('',#4357);
#1200=VERTEX_POINT('',#4371);
#1201=VERTEX_POINT('',#4376);
#1202=VERTEX_POINT('',#4390);
#1203=VERTEX_POINT('',#4395);
#1204=VERTEX_POINT('',#4409);
#1205=VERTEX_POINT('',#4414);
#1206=VERTEX_POINT('',#4428);
#1207=VERTEX_POINT('',#4433);
#1208=VERTEX_POINT('',#4447);
#1209=VERTEX_POINT('',#4452);
#1210=VERTEX_POINT('',#4459);
#1211=VERTEX_POINT('',#4461);
#1212=VERTEX_POINT('',#4465);
#1213=VERTEX_POINT('',#4467);
#1214=VERTEX_POINT('',#4478);
#1215=VERTEX_POINT('',#4483);
#1216=VERTEX_POINT('',#4490);
#1217=VERTEX_POINT('',#4492);
#1218=VERTEX_POINT('',#4506);
#1219=VERTEX_POINT('',#4507);
#1220=VERTEX_POINT('',#4512);
#1221=VERTEX_POINT('',#4514);
#1222=VERTEX_POINT('',#4528);
#1223=VERTEX_POINT('',#4533);
#1224=VERTEX_POINT('',#4547);
#1225=VERTEX_POINT('',#4552);
#1226=VERTEX_POINT('',#4566);
#1227=VERTEX_POINT('',#4571);
#1228=VERTEX_POINT('',#4585);
#1229=VERTEX_POINT('',#4590);
#1230=VERTEX_POINT('',#4604);
#1231=VERTEX_POINT('',#4609);
#1232=VERTEX_POINT('',#4623);
#1233=VERTEX_POINT('',#4628);
#1234=VERTEX_POINT('',#4642);
#1235=VERTEX_POINT('',#4647);
#1236=VERTEX_POINT('',#4677);
#1237=VERTEX_POINT('',#4678);
#1238=VERTEX_POINT('',#4683);
#1239=VERTEX_POINT('',#4685);
#1240=VERTEX_POINT('',#4699);
#1241=VERTEX_POINT('',#4704);
#1242=VERTEX_POINT('',#4718);
#1243=VERTEX_POINT('',#4723);
#1244=VERTEX_POINT('',#4737);
#1245=VERTEX_POINT('',#4742);
#1246=VERTEX_POINT('',#4756);
#1247=VERTEX_POINT('',#4761);
#1248=VERTEX_POINT('',#4768);
#1249=VERTEX_POINT('',#4770);
#1250=VERTEX_POINT('',#4774);
#1251=VERTEX_POINT('',#4776);
#1252=VERTEX_POINT('',#4787);
#1253=VERTEX_POINT('',#4792);
#1254=VERTEX_POINT('',#4806);
#1255=VERTEX_POINT('',#4811);
#1256=VERTEX_POINT('',#4825);
#1257=VERTEX_POINT('',#4830);
#1258=VERTEX_POINT('',#4844);
#1259=VERTEX_POINT('',#4849);
#1260=VERTEX_POINT('',#4863);
#1261=VERTEX_POINT('',#4868);
#1262=VERTEX_POINT('',#4898);
#1263=VERTEX_POINT('',#4899);
#1264=VERTEX_POINT('',#4904);
#1265=VERTEX_POINT('',#4906);
#1266=VERTEX_POINT('',#4920);
#1267=VERTEX_POINT('',#4925);
#1268=VERTEX_POINT('',#4939);
#1269=VERTEX_POINT('',#4944);
#1270=VERTEX_POINT('',#4958);
#1271=VERTEX_POINT('',#4963);
#1272=VERTEX_POINT('',#4977);
#1273=VERTEX_POINT('',#4982);
#1274=VERTEX_POINT('',#4989);
#1275=VERTEX_POINT('',#4991);
#1276=VERTEX_POINT('',#4998);
#1277=VERTEX_POINT('',#4999);
#1278=VERTEX_POINT('',#5001);
#1279=VERTEX_POINT('',#5003);
#1280=VERTEX_POINT('',#5012);
#1281=VERTEX_POINT('',#5017);
#1282=VERTEX_POINT('',#5030);
#1283=VERTEX_POINT('',#5035);
#1284=VERTEX_POINT('',#5049);
#1285=VERTEX_POINT('',#5054);
#1286=VERTEX_POINT('',#5068);
#1287=VERTEX_POINT('',#5073);
#1288=VERTEX_POINT('',#5090);
#1289=VERTEX_POINT('',#5091);
#1290=VERTEX_POINT('',#5096);
#1291=VERTEX_POINT('',#5098);
#1292=VERTEX_POINT('',#5112);
#1293=VERTEX_POINT('',#5117);
#1294=VERTEX_POINT('',#5131);
#1295=VERTEX_POINT('',#5136);
#1296=VERTEX_POINT('',#5150);
#1297=VERTEX_POINT('',#5155);
#1298=VERTEX_POINT('',#5169);
#1299=VERTEX_POINT('',#5174);
#1300=VERTEX_POINT('',#5188);
#1301=VERTEX_POINT('',#5193);
#1302=VERTEX_POINT('',#5207);
#1303=VERTEX_POINT('',#5212);
#1304=VERTEX_POINT('',#5226);
#1305=VERTEX_POINT('',#5231);
#1306=VERTEX_POINT('',#5245);
#1307=VERTEX_POINT('',#5250);
#1308=VERTEX_POINT('',#5264);
#1309=VERTEX_POINT('',#5269);
#1310=VERTEX_POINT('',#5283);
#1311=VERTEX_POINT('',#5288);
#1312=VERTEX_POINT('',#5311);
#1313=VERTEX_POINT('',#5312);
#1314=VERTEX_POINT('',#5314);
#1315=VERTEX_POINT('',#5316);
#1316=VERTEX_POINT('',#5318);
#1317=VERTEX_POINT('',#5320);
#1318=VERTEX_POINT('',#5324);
#1319=VERTEX_POINT('',#5325);
#1320=VERTEX_POINT('',#5327);
#1321=VERTEX_POINT('',#5329);
#1322=VERTEX_POINT('',#5331);
#1323=VERTEX_POINT('',#5333);
#1324=VERTEX_POINT('',#5335);
#1325=VERTEX_POINT('',#5337);
#1326=VERTEX_POINT('',#5339);
#1327=VERTEX_POINT('',#5341);
#1328=VERTEX_POINT('',#5345);
#1329=VERTEX_POINT('',#5347);
#1330=VERTEX_POINT('',#5351);
#1331=VERTEX_POINT('',#5353);
#1332=VERTEX_POINT('',#5358);
#1333=VERTEX_POINT('',#5359);
#1334=VERTEX_POINT('',#5361);
#1335=VERTEX_POINT('',#5363);
#1336=VERTEX_POINT('',#5365);
#1337=VERTEX_POINT('',#5367);
#1338=VERTEX_POINT('',#5369);
#1339=VERTEX_POINT('',#5371);
#1340=VERTEX_POINT('',#5374);
#1341=VERTEX_POINT('',#5376);
#1342=VERTEX_POINT('',#5378);
#1343=VERTEX_POINT('',#5381);
#1344=VERTEX_POINT('',#5383);
#1345=VERTEX_POINT('',#5387);
#1346=VERTEX_POINT('',#5393);
#1347=VERTEX_POINT('',#5395);
#1348=VERTEX_POINT('',#5399);
#1349=VERTEX_POINT('',#5404);
#1350=VERTEX_POINT('',#5407);
#1351=VERTEX_POINT('',#5409);
#1352=VERTEX_POINT('',#5413);
#1353=VERTEX_POINT('',#5419);
#1354=VERTEX_POINT('',#5431);
#1355=VERTEX_POINT('',#5432);
#1356=VERTEX_POINT('',#5434);
#1357=VERTEX_POINT('',#5436);
#1358=VERTEX_POINT('',#5453);
#1359=VERTEX_POINT('',#5455);
#1360=VERTEX_POINT('',#5459);
#1361=VERTEX_POINT('',#5463);
#1362=EDGE_CURVE('',#1078,#1079,#978,.T.);
#1363=EDGE_CURVE('',#1080,#1078,#558,.T.);
#1364=EDGE_CURVE('',#1081,#1080,#460,.T.);
#1365=EDGE_CURVE('',#1081,#1079,#559,.T.);
#1366=EDGE_CURVE('',#1079,#1082,#979,.T.);
#1367=EDGE_CURVE('',#1083,#1081,#461,.T.);
#1368=EDGE_CURVE('',#1083,#1082,#560,.T.);
#1369=EDGE_CURVE('',#1082,#1084,#980,.T.);
#1370=EDGE_CURVE('',#1085,#1083,#462,.T.);
#1371=EDGE_CURVE('',#1085,#1084,#561,.T.);
#1372=EDGE_CURVE('',#1084,#1086,#981,.T.);
#1373=EDGE_CURVE('',#1087,#1085,#463,.T.);
#1374=EDGE_CURVE('',#1087,#1086,#562,.T.);
#1375=EDGE_CURVE('',#1086,#1078,#982,.T.);
#1376=EDGE_CURVE('',#1080,#1087,#464,.T.);
#1377=EDGE_CURVE('',#1088,#1089,#983,.T.);
#1378=EDGE_CURVE('',#1090,#1088,#563,.T.);
#1379=EDGE_CURVE('',#1091,#1090,#465,.T.);
#1380=EDGE_CURVE('',#1091,#1089,#564,.T.);
#1381=EDGE_CURVE('',#1089,#1092,#984,.T.);
#1382=EDGE_CURVE('',#1093,#1091,#466,.T.);
#1383=EDGE_CURVE('',#1093,#1092,#565,.T.);
#1384=EDGE_CURVE('',#1092,#1094,#985,.T.);
#1385=EDGE_CURVE('',#1095,#1093,#467,.T.);
#1386=EDGE_CURVE('',#1095,#1094,#566,.T.);
#1387=EDGE_CURVE('',#1094,#1096,#986,.T.);
#1388=EDGE_CURVE('',#1097,#1095,#468,.T.);
#1389=EDGE_CURVE('',#1097,#1096,#567,.T.);
#1390=EDGE_CURVE('',#1096,#1098,#987,.T.);
#1391=EDGE_CURVE('',#1099,#1097,#469,.T.);
#1392=EDGE_CURVE('',#1099,#1098,#568,.T.);
#1393=EDGE_CURVE('',#1098,#1088,#988,.T.);
#1394=EDGE_CURVE('',#1090,#1099,#470,.T.);
#1395=EDGE_CURVE('',#1100,#1101,#989,.T.);
#1396=EDGE_CURVE('',#1102,#1100,#569,.T.);
#1397=EDGE_CURVE('',#1103,#1102,#471,.T.);
#1398=EDGE_CURVE('',#1103,#1101,#570,.T.);
#1399=EDGE_CURVE('',#1101,#1104,#990,.T.);
#1400=EDGE_CURVE('',#1105,#1103,#472,.T.);
#1401=EDGE_CURVE('',#1105,#1104,#571,.T.);
#1402=EDGE_CURVE('',#1104,#1106,#991,.T.);
#1403=EDGE_CURVE('',#1107,#1105,#473,.T.);
#1404=EDGE_CURVE('',#1107,#1106,#572,.T.);
#1405=EDGE_CURVE('',#1106,#1108,#992,.T.);
#1406=EDGE_CURVE('',#1109,#1107,#474,.T.);
#1407=EDGE_CURVE('',#1109,#1108,#573,.T.);
#1408=EDGE_CURVE('',#1108,#1110,#993,.T.);
#1409=EDGE_CURVE('',#1111,#1109,#475,.T.);
#1410=EDGE_CURVE('',#1111,#1110,#574,.T.);
#1411=EDGE_CURVE('',#1110,#1112,#575,.T.);
#1412=EDGE_CURVE('',#1113,#1111,#576,.T.);
#1413=EDGE_CURVE('',#1113,#1112,#577,.T.);
#1414=EDGE_CURVE('',#1112,#1100,#578,.T.);
#1415=EDGE_CURVE('',#1102,#1113,#579,.T.);
#1416=EDGE_CURVE('',#1114,#1115,#994,.T.);
#1417=EDGE_CURVE('',#1116,#1114,#580,.T.);
#1418=EDGE_CURVE('',#1117,#1116,#476,.T.);
#1419=EDGE_CURVE('',#1117,#1115,#581,.T.);
#1420=EDGE_CURVE('',#1115,#1118,#995,.T.);
#1421=EDGE_CURVE('',#1119,#1117,#477,.T.);
#1422=EDGE_CURVE('',#1119,#1118,#582,.T.);
#1423=EDGE_CURVE('',#1118,#1120,#996,.T.);
#1424=EDGE_CURVE('',#1121,#1119,#478,.T.);
#1425=EDGE_CURVE('',#1121,#1120,#583,.T.);
#1426=EDGE_CURVE('',#1120,#1122,#997,.T.);
#1427=EDGE_CURVE('',#1123,#1121,#479,.T.);
#1428=EDGE_CURVE('',#1123,#1122,#584,.T.);
#1429=EDGE_CURVE('',#1122,#1124,#998,.T.);
#1430=EDGE_CURVE('',#1125,#1123,#480,.T.);
#1431=EDGE_CURVE('',#1125,#1124,#585,.T.);
#1432=EDGE_CURVE('',#1124,#1126,#999,.T.);
#1433=EDGE_CURVE('',#1127,#1125,#481,.T.);
#1434=EDGE_CURVE('',#1127,#1126,#586,.T.);
#1435=EDGE_CURVE('',#1126,#1128,#1000,.T.);
#1436=EDGE_CURVE('',#1129,#1127,#482,.T.);
#1437=EDGE_CURVE('',#1129,#1128,#587,.T.);
#1438=EDGE_CURVE('',#1128,#1130,#1001,.T.);
#1439=EDGE_CURVE('',#1131,#1129,#483,.T.);
#1440=EDGE_CURVE('',#1131,#1130,#588,.T.);
#1441=EDGE_CURVE('',#1130,#1132,#1002,.T.);
#1442=EDGE_CURVE('',#1133,#1131,#484,.T.);
#1443=EDGE_CURVE('',#1133,#1132,#589,.T.);
#1444=EDGE_CURVE('',#1132,#1134,#1003,.T.);
#1445=EDGE_CURVE('',#1135,#1133,#485,.T.);
#1446=EDGE_CURVE('',#1135,#1134,#590,.T.);
#1447=EDGE_CURVE('',#1134,#1136,#1004,.T.);
#1448=EDGE_CURVE('',#1137,#1135,#486,.T.);
#1449=EDGE_CURVE('',#1137,#1136,#591,.T.);
#1450=EDGE_CURVE('',#1136,#1138,#592,.T.);
#1451=EDGE_CURVE('',#1139,#1137,#593,.T.);
#1452=EDGE_CURVE('',#1139,#1138,#594,.T.);
#1453=EDGE_CURVE('',#1138,#1114,#595,.T.);
#1454=EDGE_CURVE('',#1116,#1139,#596,.T.);
#1455=EDGE_CURVE('',#1140,#1141,#1005,.T.);
#1456=EDGE_CURVE('',#1142,#1140,#597,.T.);
#1457=EDGE_CURVE('',#1143,#1142,#487,.T.);
#1458=EDGE_CURVE('',#1143,#1141,#598,.T.);
#1459=EDGE_CURVE('',#1141,#1144,#1006,.T.);
#1460=EDGE_CURVE('',#1145,#1143,#488,.T.);
#1461=EDGE_CURVE('',#1145,#1144,#599,.T.);
#1462=EDGE_CURVE('',#1144,#1146,#1007,.T.);
#1463=EDGE_CURVE('',#1147,#1145,#489,.T.);
#1464=EDGE_CURVE('',#1147,#1146,#600,.T.);
#1465=EDGE_CURVE('',#1146,#1148,#1008,.T.);
#1466=EDGE_CURVE('',#1149,#1147,#490,.T.);
#1467=EDGE_CURVE('',#1149,#1148,#601,.T.);
#1468=EDGE_CURVE('',#1148,#1150,#1009,.T.);
#1469=EDGE_CURVE('',#1151,#1149,#491,.T.);
#1470=EDGE_CURVE('',#1151,#1150,#602,.T.);
#1471=EDGE_CURVE('',#1150,#1152,#1010,.T.);
#1472=EDGE_CURVE('',#1153,#1151,#492,.T.);
#1473=EDGE_CURVE('',#1153,#1152,#603,.T.);
#1474=EDGE_CURVE('',#1152,#1154,#1011,.T.);
#1475=EDGE_CURVE('',#1155,#1153,#493,.T.);
#1476=EDGE_CURVE('',#1155,#1154,#604,.T.);
#1477=EDGE_CURVE('',#1154,#1156,#1012,.T.);
#1478=EDGE_CURVE('',#1157,#1155,#494,.T.);
#1479=EDGE_CURVE('',#1157,#1156,#605,.T.);
#1480=EDGE_CURVE('',#1156,#1158,#1013,.T.);
#1481=EDGE_CURVE('',#1159,#1157,#495,.T.);
#1482=EDGE_CURVE('',#1159,#1158,#606,.T.);
#1483=EDGE_CURVE('',#1158,#1160,#1014,.T.);
#1484=EDGE_CURVE('',#1161,#1159,#496,.T.);
#1485=EDGE_CURVE('',#1161,#1160,#607,.T.);
#1486=EDGE_CURVE('',#1160,#1140,#1015,.T.);
#1487=EDGE_CURVE('',#1142,#1161,#497,.T.);
#1488=EDGE_CURVE('',#1162,#1163,#1016,.T.);
#1489=EDGE_CURVE('',#1164,#1162,#608,.T.);
#1490=EDGE_CURVE('',#1165,#1164,#498,.T.);
#1491=EDGE_CURVE('',#1165,#1163,#609,.T.);
#1492=EDGE_CURVE('',#1163,#1166,#610,.T.);
#1493=EDGE_CURVE('',#1167,#1165,#611,.T.);
#1494=EDGE_CURVE('',#1167,#1166,#612,.T.);
#1495=EDGE_CURVE('',#1166,#1168,#613,.T.);
#1496=EDGE_CURVE('',#1169,#1167,#614,.T.);
#1497=EDGE_CURVE('',#1169,#1168,#615,.T.);
#1498=EDGE_CURVE('',#1168,#1170,#1017,.T.);
#1499=EDGE_CURVE('',#1171,#1169,#499,.T.);
#1500=EDGE_CURVE('',#1171,#1170,#616,.T.);
#1501=EDGE_CURVE('',#1170,#1172,#617,.T.);
#1502=EDGE_CURVE('',#1173,#1171,#618,.T.);
#1503=EDGE_CURVE('',#1173,#1172,#619,.T.);
#1504=EDGE_CURVE('',#1172,#1174,#620,.T.);
#1505=EDGE_CURVE('',#1175,#1173,#621,.T.);
#1506=EDGE_CURVE('',#1175,#1174,#622,.T.);
#1507=EDGE_CURVE('',#1174,#1176,#1018,.T.);
#1508=EDGE_CURVE('',#1177,#1175,#500,.T.);
#1509=EDGE_CURVE('',#1177,#1176,#623,.T.);
#1510=EDGE_CURVE('',#1176,#1178,#1019,.T.);
#1511=EDGE_CURVE('',#1179,#1177,#501,.T.);
#1512=EDGE_CURVE('',#1179,#1178,#624,.T.);
#1513=EDGE_CURVE('',#1178,#1180,#1020,.T.);
#1514=EDGE_CURVE('',#1181,#1179,#502,.T.);
#1515=EDGE_CURVE('',#1181,#1180,#625,.T.);
#1516=EDGE_CURVE('',#1180,#1182,#1021,.T.);
#1517=EDGE_CURVE('',#1183,#1181,#503,.T.);
#1518=EDGE_CURVE('',#1183,#1182,#626,.T.);
#1519=EDGE_CURVE('',#1182,#1162,#1022,.T.);
#1520=EDGE_CURVE('',#1164,#1183,#504,.T.);
#1521=EDGE_CURVE('',#1184,#1185,#1023,.T.);
#1522=EDGE_CURVE('',#1186,#1184,#627,.T.);
#1523=EDGE_CURVE('',#1187,#1186,#505,.T.);
#1524=EDGE_CURVE('',#1187,#1185,#628,.T.);
#1525=EDGE_CURVE('',#1185,#1188,#1024,.T.);
#1526=EDGE_CURVE('',#1189,#1187,#506,.T.);
#1527=EDGE_CURVE('',#1189,#1188,#629,.T.);
#1528=EDGE_CURVE('',#1188,#1190,#1025,.T.);
#1529=EDGE_CURVE('',#1191,#1189,#507,.T.);
#1530=EDGE_CURVE('',#1191,#1190,#630,.T.);
#1531=EDGE_CURVE('',#1190,#1192,#1026,.T.);
#1532=EDGE_CURVE('',#1193,#1191,#508,.T.);
#1533=EDGE_CURVE('',#1193,#1192,#631,.T.);
#1534=EDGE_CURVE('',#1192,#1194,#1027,.T.);
#1535=EDGE_CURVE('',#1195,#1193,#509,.T.);
#1536=EDGE_CURVE('',#1195,#1194,#632,.T.);
#1537=EDGE_CURVE('',#1194,#1184,#1028,.T.);
#1538=EDGE_CURVE('',#1186,#1195,#510,.T.);
#1539=EDGE_CURVE('',#1196,#1197,#1029,.T.);
#1540=EDGE_CURVE('',#1198,#1196,#633,.T.);
#1541=EDGE_CURVE('',#1199,#1198,#511,.T.);
#1542=EDGE_CURVE('',#1199,#1197,#634,.T.);
#1543=EDGE_CURVE('',#1197,#1200,#1030,.T.);
#1544=EDGE_CURVE('',#1201,#1199,#512,.T.);
#1545=EDGE_CURVE('',#1201,#1200,#635,.T.);
#1546=EDGE_CURVE('',#1200,#1202,#1031,.T.);
#1547=EDGE_CURVE('',#1203,#1201,#513,.T.);
#1548=EDGE_CURVE('',#1203,#1202,#636,.T.);
#1549=EDGE_CURVE('',#1202,#1204,#1032,.T.);
#1550=EDGE_CURVE('',#1205,#1203,#514,.T.);
#1551=EDGE_CURVE('',#1205,#1204,#637,.T.);
#1552=EDGE_CURVE('',#1204,#1206,#1033,.T.);
#1553=EDGE_CURVE('',#1207,#1205,#515,.T.);
#1554=EDGE_CURVE('',#1207,#1206,#638,.T.);
#1555=EDGE_CURVE('',#1206,#1208,#1034,.T.);
#1556=EDGE_CURVE('',#1209,#1207,#516,.T.);
#1557=EDGE_CURVE('',#1209,#1208,#639,.T.);
#1558=EDGE_CURVE('',#1208,#1210,#640,.T.);
#1559=EDGE_CURVE('',#1211,#1209,#641,.T.);
#1560=EDGE_CURVE('',#1211,#1210,#642,.T.);
#1561=EDGE_CURVE('',#1210,#1212,#643,.T.);
#1562=EDGE_CURVE('',#1213,#1211,#644,.T.);
#1563=EDGE_CURVE('',#1213,#1212,#645,.T.);
#1564=EDGE_CURVE('',#1212,#1214,#1035,.T.);
#1565=EDGE_CURVE('',#1215,#1213,#517,.T.);
#1566=EDGE_CURVE('',#1215,#1214,#646,.T.);
#1567=EDGE_CURVE('',#1214,#1216,#647,.T.);
#1568=EDGE_CURVE('',#1217,#1215,#648,.T.);
#1569=EDGE_CURVE('',#1217,#1216,#649,.T.);
#1570=EDGE_CURVE('',#1216,#1196,#650,.T.);
#1571=EDGE_CURVE('',#1198,#1217,#651,.T.);
#1572=EDGE_CURVE('',#1218,#1219,#1036,.T.);
#1573=EDGE_CURVE('',#1220,#1218,#652,.T.);
#1574=EDGE_CURVE('',#1221,#1220,#518,.T.);
#1575=EDGE_CURVE('',#1221,#1219,#653,.T.);
#1576=EDGE_CURVE('',#1219,#1222,#1037,.T.);
#1577=EDGE_CURVE('',#1223,#1221,#519,.T.);
#1578=EDGE_CURVE('',#1223,#1222,#654,.T.);
#1579=EDGE_CURVE('',#1222,#1224,#1038,.T.);
#1580=EDGE_CURVE('',#1225,#1223,#520,.T.);
#1581=EDGE_CURVE('',#1225,#1224,#655,.T.);
#1582=EDGE_CURVE('',#1224,#1226,#1039,.T.);
#1583=EDGE_CURVE('',#1227,#1225,#521,.T.);
#1584=EDGE_CURVE('',#1227,#1226,#656,.T.);
#1585=EDGE_CURVE('',#1226,#1228,#1040,.T.);
#1586=EDGE_CURVE('',#1229,#1227,#522,.T.);
#1587=EDGE_CURVE('',#1229,#1228,#657,.T.);
#1588=EDGE_CURVE('',#1228,#1230,#1041,.T.);
#1589=EDGE_CURVE('',#1231,#1229,#523,.T.);
#1590=EDGE_CURVE('',#1231,#1230,#658,.T.);
#1591=EDGE_CURVE('',#1230,#1232,#1042,.T.);
#1592=EDGE_CURVE('',#1233,#1231,#524,.T.);
#1593=EDGE_CURVE('',#1233,#1232,#659,.T.);
#1594=EDGE_CURVE('',#1232,#1234,#1043,.T.);
#1595=EDGE_CURVE('',#1235,#1233,#525,.T.);
#1596=EDGE_CURVE('',#1235,#1234,#660,.T.);
#1597=EDGE_CURVE('',#1234,#1218,#1044,.T.);
#1598=EDGE_CURVE('',#1220,#1235,#526,.T.);
#1599=EDGE_CURVE('',#1236,#1237,#1045,.T.);
#1600=EDGE_CURVE('',#1238,#1236,#661,.T.);
#1601=EDGE_CURVE('',#1239,#1238,#527,.T.);
#1602=EDGE_CURVE('',#1239,#1237,#662,.T.);
#1603=EDGE_CURVE('',#1237,#1240,#1046,.T.);
#1604=EDGE_CURVE('',#1241,#1239,#528,.T.);
#1605=EDGE_CURVE('',#1241,#1240,#663,.T.);
#1606=EDGE_CURVE('',#1240,#1242,#1047,.T.);
#1607=EDGE_CURVE('',#1243,#1241,#529,.T.);
#1608=EDGE_CURVE('',#1243,#1242,#664,.T.);
#1609=EDGE_CURVE('',#1242,#1244,#1048,.T.);
#1610=EDGE_CURVE('',#1245,#1243,#530,.T.);
#1611=EDGE_CURVE('',#1245,#1244,#665,.T.);
#1612=EDGE_CURVE('',#1244,#1246,#1049,.T.);
#1613=EDGE_CURVE('',#1247,#1245,#531,.T.);
#1614=EDGE_CURVE('',#1247,#1246,#666,.T.);
#1615=EDGE_CURVE('',#1246,#1248,#667,.T.);
#1616=EDGE_CURVE('',#1249,#1247,#668,.T.);
#1617=EDGE_CURVE('',#1249,#1248,#669,.T.);
#1618=EDGE_CURVE('',#1248,#1250,#670,.T.);
#1619=EDGE_CURVE('',#1251,#1249,#671,.T.);
#1620=EDGE_CURVE('',#1251,#1250,#672,.T.);
#1621=EDGE_CURVE('',#1250,#1252,#1050,.T.);
#1622=EDGE_CURVE('',#1253,#1251,#532,.T.);
#1623=EDGE_CURVE('',#1253,#1252,#673,.T.);
#1624=EDGE_CURVE('',#1252,#1254,#1051,.T.);
#1625=EDGE_CURVE('',#1255,#1253,#533,.T.);
#1626=EDGE_CURVE('',#1255,#1254,#674,.T.);
#1627=EDGE_CURVE('',#1254,#1256,#1052,.T.);
#1628=EDGE_CURVE('',#1257,#1255,#534,.T.);
#1629=EDGE_CURVE('',#1257,#1256,#675,.T.);
#1630=EDGE_CURVE('',#1256,#1258,#1053,.T.);
#1631=EDGE_CURVE('',#1259,#1257,#535,.T.);
#1632=EDGE_CURVE('',#1259,#1258,#676,.T.);
#1633=EDGE_CURVE('',#1258,#1260,#1054,.T.);
#1634=EDGE_CURVE('',#1261,#1259,#536,.T.);
#1635=EDGE_CURVE('',#1261,#1260,#677,.T.);
#1636=EDGE_CURVE('',#1260,#1236,#1055,.T.);
#1637=EDGE_CURVE('',#1238,#1261,#537,.T.);
#1638=EDGE_CURVE('',#1262,#1263,#1056,.T.);
#1639=EDGE_CURVE('',#1264,#1262,#678,.T.);
#1640=EDGE_CURVE('',#1265,#1264,#538,.T.);
#1641=EDGE_CURVE('',#1265,#1263,#679,.T.);
#1642=EDGE_CURVE('',#1263,#1266,#1057,.T.);
#1643=EDGE_CURVE('',#1267,#1265,#539,.T.);
#1644=EDGE_CURVE('',#1267,#1266,#680,.T.);
#1645=EDGE_CURVE('',#1266,#1268,#1058,.T.);
#1646=EDGE_CURVE('',#1269,#1267,#540,.T.);
#1647=EDGE_CURVE('',#1269,#1268,#681,.T.);
#1648=EDGE_CURVE('',#1268,#1270,#1059,.T.);
#1649=EDGE_CURVE('',#1271,#1269,#541,.T.);
#1650=EDGE_CURVE('',#1271,#1270,#682,.T.);
#1651=EDGE_CURVE('',#1270,#1272,#1060,.T.);
#1652=EDGE_CURVE('',#1273,#1271,#542,.T.);
#1653=EDGE_CURVE('',#1273,#1272,#683,.T.);
#1654=EDGE_CURVE('',#1272,#1274,#684,.T.);
#1655=EDGE_CURVE('',#1275,#1273,#685,.T.);
#1656=EDGE_CURVE('',#1275,#1274,#686,.T.);
#1657=EDGE_CURVE('',#1274,#1262,#687,.T.);
#1658=EDGE_CURVE('',#1264,#1275,#688,.T.);
#1659=EDGE_CURVE('',#1276,#1277,#689,.T.);
#1660=EDGE_CURVE('',#1278,#1276,#690,.T.);
#1661=EDGE_CURVE('',#1279,#1278,#691,.T.);
#1662=EDGE_CURVE('',#1279,#1277,#692,.T.);
#1663=EDGE_CURVE('',#1277,#1280,#1061,.T.);
#1664=EDGE_CURVE('',#1281,#1279,#1062,.T.);
#1665=EDGE_CURVE('',#1281,#1280,#693,.T.);
#1666=EDGE_CURVE('',#1280,#1282,#1063,.T.);
#1667=EDGE_CURVE('',#1283,#1281,#543,.T.);
#1668=EDGE_CURVE('',#1283,#1282,#694,.T.);
#1669=EDGE_CURVE('',#1282,#1284,#1064,.T.);
#1670=EDGE_CURVE('',#1285,#1283,#544,.T.);
#1671=EDGE_CURVE('',#1285,#1284,#695,.T.);
#1672=EDGE_CURVE('',#1284,#1286,#1065,.T.);
#1673=EDGE_CURVE('',#1287,#1285,#545,.T.);
#1674=EDGE_CURVE('',#1287,#1286,#696,.T.);
#1675=EDGE_CURVE('',#1286,#1276,#697,.T.);
#1676=EDGE_CURVE('',#1278,#1287,#698,.T.);
#1677=EDGE_CURVE('',#1288,#1289,#1066,.T.);
#1678=EDGE_CURVE('',#1290,#1288,#699,.T.);
#1679=EDGE_CURVE('',#1291,#1290,#546,.T.);
#1680=EDGE_CURVE('',#1291,#1289,#700,.T.);
#1681=EDGE_CURVE('',#1289,#1292,#1067,.T.);
#1682=EDGE_CURVE('',#1293,#1291,#547,.T.);
#1683=EDGE_CURVE('',#1293,#1292,#701,.T.);
#1684=EDGE_CURVE('',#1292,#1294,#1068,.T.);
#1685=EDGE_CURVE('',#1295,#1293,#548,.T.);
#1686=EDGE_CURVE('',#1295,#1294,#702,.T.);
#1687=EDGE_CURVE('',#1294,#1296,#1069,.T.);
#1688=EDGE_CURVE('',#1297,#1295,#549,.T.);
#1689=EDGE_CURVE('',#1297,#1296,#703,.T.);
#1690=EDGE_CURVE('',#1296,#1298,#1070,.T.);
#1691=EDGE_CURVE('',#1299,#1297,#550,.T.);
#1692=EDGE_CURVE('',#1299,#1298,#704,.T.);
#1693=EDGE_CURVE('',#1298,#1300,#1071,.T.);
#1694=EDGE_CURVE('',#1301,#1299,#551,.T.);
#1695=EDGE_CURVE('',#1301,#1300,#705,.T.);
#1696=EDGE_CURVE('',#1300,#1302,#1072,.T.);
#1697=EDGE_CURVE('',#1303,#1301,#552,.T.);
#1698=EDGE_CURVE('',#1303,#1302,#706,.T.);
#1699=EDGE_CURVE('',#1302,#1304,#1073,.T.);
#1700=EDGE_CURVE('',#1305,#1303,#553,.T.);
#1701=EDGE_CURVE('',#1305,#1304,#707,.T.);
#1702=EDGE_CURVE('',#1304,#1306,#1074,.T.);
#1703=EDGE_CURVE('',#1307,#1305,#554,.T.);
#1704=EDGE_CURVE('',#1307,#1306,#708,.T.);
#1705=EDGE_CURVE('',#1306,#1308,#1075,.T.);
#1706=EDGE_CURVE('',#1309,#1307,#555,.T.);
#1707=EDGE_CURVE('',#1309,#1308,#709,.T.);
#1708=EDGE_CURVE('',#1308,#1310,#1076,.T.);
#1709=EDGE_CURVE('',#1311,#1309,#556,.T.);
#1710=EDGE_CURVE('',#1311,#1310,#710,.T.);
#1711=EDGE_CURVE('',#1310,#1288,#1077,.T.);
#1712=EDGE_CURVE('',#1290,#1311,#557,.T.);
#1713=EDGE_CURVE('',#1312,#1313,#711,.T.);
#1714=EDGE_CURVE('',#1313,#1314,#712,.T.);
#1715=EDGE_CURVE('',#1314,#1315,#713,.T.);
#1716=EDGE_CURVE('',#1315,#1316,#714,.T.);
#1717=EDGE_CURVE('',#1316,#1317,#715,.T.);
#1718=EDGE_CURVE('',#1317,#1312,#716,.T.);
#1719=EDGE_CURVE('',#1318,#1319,#717,.T.);
#1720=EDGE_CURVE('',#1319,#1320,#718,.T.);
#1721=EDGE_CURVE('',#1320,#1321,#719,.T.);
#1722=EDGE_CURVE('',#1321,#1322,#720,.T.);
#1723=EDGE_CURVE('',#1322,#1323,#721,.T.);
#1724=EDGE_CURVE('',#1323,#1324,#722,.T.);
#1725=EDGE_CURVE('',#1324,#1325,#723,.T.);
#1726=EDGE_CURVE('',#1325,#1326,#724,.T.);
#1727=EDGE_CURVE('',#1326,#1327,#725,.T.);
#1728=EDGE_CURVE('',#1327,#1318,#726,.T.);
#1729=EDGE_CURVE('',#1328,#1328,#51,.T.);
#1730=EDGE_CURVE('',#1328,#1329,#727,.T.);
#1731=EDGE_CURVE('',#1329,#1329,#52,.T.);
#1732=EDGE_CURVE('',#1330,#1330,#53,.T.);
#1733=EDGE_CURVE('',#1330,#1331,#728,.T.);
#1734=EDGE_CURVE('',#1331,#1331,#54,.T.);
#1735=EDGE_CURVE('',#1332,#1333,#729,.T.);
#1736=EDGE_CURVE('',#1334,#1332,#730,.T.);
#1737=EDGE_CURVE('',#1335,#1334,#731,.T.);
#1738=EDGE_CURVE('',#1336,#1335,#732,.T.);
#1739=EDGE_CURVE('',#1337,#1336,#733,.T.);
#1740=EDGE_CURVE('',#1338,#1337,#734,.T.);
#1741=EDGE_CURVE('',#1339,#1338,#735,.T.);
#1742=EDGE_CURVE('',#1339,#1333,#736,.T.);
#1743=EDGE_CURVE('',#1340,#1340,#55,.T.);
#1744=EDGE_CURVE('',#1341,#1341,#56,.T.);
#1745=EDGE_CURVE('',#1342,#1342,#57,.T.);
#1746=EDGE_CURVE('',#1343,#1343,#58,.T.);
#1747=EDGE_CURVE('',#1343,#1344,#737,.T.);
#1748=EDGE_CURVE('',#1344,#1344,#59,.T.);
#1749=EDGE_CURVE('',#1345,#1345,#60,.T.);
#1750=EDGE_CURVE('',#1345,#1340,#738,.T.);
#1751=EDGE_CURVE('',#1346,#1346,#61,.T.);
#1752=EDGE_CURVE('',#1346,#1347,#739,.T.);
#1753=EDGE_CURVE('',#1347,#1347,#62,.T.);
#1754=EDGE_CURVE('',#1348,#1348,#63,.T.);
#1755=EDGE_CURVE('',#1348,#1342,#740,.T.);
#1756=EDGE_CURVE('',#1349,#1349,#64,.T.);
#1757=EDGE_CURVE('',#1350,#1350,#65,.T.);
#1758=EDGE_CURVE('',#1350,#1351,#741,.T.);
#1759=EDGE_CURVE('',#1351,#1351,#66,.T.);
#1760=EDGE_CURVE('',#1352,#1352,#67,.T.);
#1761=EDGE_CURVE('',#1352,#1341,#742,.T.);
#1762=EDGE_CURVE('',#1349,#1353,#743,.T.);
#1763=EDGE_CURVE('',#1333,#1312,#744,.T.);
#1764=EDGE_CURVE('',#1313,#1339,#745,.T.);
#1765=EDGE_CURVE('',#1319,#1337,#746,.T.);
#1766=EDGE_CURVE('',#1338,#1318,#747,.T.);
#1767=EDGE_CURVE('',#1317,#1332,#748,.T.);
#1768=EDGE_CURVE('',#1354,#1355,#749,.T.);
#1769=EDGE_CURVE('',#1356,#1354,#750,.T.);
#1770=EDGE_CURVE('',#1357,#1356,#751,.T.);
#1771=EDGE_CURVE('',#1357,#1355,#752,.T.);
#1772=EDGE_CURVE('',#1355,#1323,#753,.T.);
#1773=EDGE_CURVE('',#1324,#1357,#754,.T.);
#1774=EDGE_CURVE('',#1316,#1354,#755,.T.);
#1775=EDGE_CURVE('',#1356,#1315,#756,.T.);
#1776=EDGE_CURVE('',#1322,#1334,#757,.T.);
#1777=EDGE_CURVE('',#1336,#1320,#758,.T.);
#1778=EDGE_CURVE('',#1321,#1335,#759,.T.);
#1779=EDGE_CURVE('',#1358,#1327,#760,.T.);
#1780=EDGE_CURVE('',#1359,#1358,#761,.T.);
#1781=EDGE_CURVE('',#1359,#1314,#762,.T.);
#1782=EDGE_CURVE('',#1358,#1360,#763,.T.);
#1783=EDGE_CURVE('',#1360,#1326,#764,.T.);
#1784=EDGE_CURVE('',#1360,#1361,#765,.T.);
#1785=EDGE_CURVE('',#1361,#1325,#766,.T.);
#1786=EDGE_CURVE('',#1361,#1359,#767,.T.);
#1787=ORIENTED_EDGE('',*,*,#1362,.F.);
#1788=ORIENTED_EDGE('',*,*,#1363,.F.);
#1789=ORIENTED_EDGE('',*,*,#1364,.F.);
#1790=ORIENTED_EDGE('',*,*,#1365,.T.);
#1791=ORIENTED_EDGE('',*,*,#1366,.F.);
#1792=ORIENTED_EDGE('',*,*,#1365,.F.);
#1793=ORIENTED_EDGE('',*,*,#1367,.F.);
#1794=ORIENTED_EDGE('',*,*,#1368,.T.);
#1795=ORIENTED_EDGE('',*,*,#1369,.F.);
#1796=ORIENTED_EDGE('',*,*,#1368,.F.);
#1797=ORIENTED_EDGE('',*,*,#1370,.F.);
#1798=ORIENTED_EDGE('',*,*,#1371,.T.);
#1799=ORIENTED_EDGE('',*,*,#1372,.F.);
#1800=ORIENTED_EDGE('',*,*,#1371,.F.);
#1801=ORIENTED_EDGE('',*,*,#1373,.F.);
#1802=ORIENTED_EDGE('',*,*,#1374,.T.);
#1803=ORIENTED_EDGE('',*,*,#1375,.F.);
#1804=ORIENTED_EDGE('',*,*,#1374,.F.);
#1805=ORIENTED_EDGE('',*,*,#1376,.F.);
#1806=ORIENTED_EDGE('',*,*,#1363,.T.);
#1807=ORIENTED_EDGE('',*,*,#1377,.F.);
#1808=ORIENTED_EDGE('',*,*,#1378,.F.);
#1809=ORIENTED_EDGE('',*,*,#1379,.F.);
#1810=ORIENTED_EDGE('',*,*,#1380,.T.);
#1811=ORIENTED_EDGE('',*,*,#1381,.F.);
#1812=ORIENTED_EDGE('',*,*,#1380,.F.);
#1813=ORIENTED_EDGE('',*,*,#1382,.F.);
#1814=ORIENTED_EDGE('',*,*,#1383,.T.);
#1815=ORIENTED_EDGE('',*,*,#1384,.F.);
#1816=ORIENTED_EDGE('',*,*,#1383,.F.);
#1817=ORIENTED_EDGE('',*,*,#1385,.F.);
#1818=ORIENTED_EDGE('',*,*,#1386,.T.);
#1819=ORIENTED_EDGE('',*,*,#1387,.F.);
#1820=ORIENTED_EDGE('',*,*,#1386,.F.);
#1821=ORIENTED_EDGE('',*,*,#1388,.F.);
#1822=ORIENTED_EDGE('',*,*,#1389,.T.);
#1823=ORIENTED_EDGE('',*,*,#1390,.F.);
#1824=ORIENTED_EDGE('',*,*,#1389,.F.);
#1825=ORIENTED_EDGE('',*,*,#1391,.F.);
#1826=ORIENTED_EDGE('',*,*,#1392,.T.);
#1827=ORIENTED_EDGE('',*,*,#1393,.F.);
#1828=ORIENTED_EDGE('',*,*,#1392,.F.);
#1829=ORIENTED_EDGE('',*,*,#1394,.F.);
#1830=ORIENTED_EDGE('',*,*,#1378,.T.);
#1831=ORIENTED_EDGE('',*,*,#1395,.F.);
#1832=ORIENTED_EDGE('',*,*,#1396,.F.);
#1833=ORIENTED_EDGE('',*,*,#1397,.F.);
#1834=ORIENTED_EDGE('',*,*,#1398,.T.);
#1835=ORIENTED_EDGE('',*,*,#1399,.F.);
#1836=ORIENTED_EDGE('',*,*,#1398,.F.);
#1837=ORIENTED_EDGE('',*,*,#1400,.F.);
#1838=ORIENTED_EDGE('',*,*,#1401,.T.);
#1839=ORIENTED_EDGE('',*,*,#1402,.F.);
#1840=ORIENTED_EDGE('',*,*,#1401,.F.);
#1841=ORIENTED_EDGE('',*,*,#1403,.F.);
#1842=ORIENTED_EDGE('',*,*,#1404,.T.);
#1843=ORIENTED_EDGE('',*,*,#1405,.F.);
#1844=ORIENTED_EDGE('',*,*,#1404,.F.);
#1845=ORIENTED_EDGE('',*,*,#1406,.F.);
#1846=ORIENTED_EDGE('',*,*,#1407,.T.);
#1847=ORIENTED_EDGE('',*,*,#1408,.F.);
#1848=ORIENTED_EDGE('',*,*,#1407,.F.);
#1849=ORIENTED_EDGE('',*,*,#1409,.F.);
#1850=ORIENTED_EDGE('',*,*,#1410,.T.);
#1851=ORIENTED_EDGE('',*,*,#1411,.F.);
#1852=ORIENTED_EDGE('',*,*,#1410,.F.);
#1853=ORIENTED_EDGE('',*,*,#1412,.F.);
#1854=ORIENTED_EDGE('',*,*,#1413,.T.);
#1855=ORIENTED_EDGE('',*,*,#1414,.F.);
#1856=ORIENTED_EDGE('',*,*,#1413,.F.);
#1857=ORIENTED_EDGE('',*,*,#1415,.F.);
#1858=ORIENTED_EDGE('',*,*,#1396,.T.);
#1859=ORIENTED_EDGE('',*,*,#1416,.F.);
#1860=ORIENTED_EDGE('',*,*,#1417,.F.);
#1861=ORIENTED_EDGE('',*,*,#1418,.F.);
#1862=ORIENTED_EDGE('',*,*,#1419,.T.);
#1863=ORIENTED_EDGE('',*,*,#1420,.F.);
#1864=ORIENTED_EDGE('',*,*,#1419,.F.);
#1865=ORIENTED_EDGE('',*,*,#1421,.F.);
#1866=ORIENTED_EDGE('',*,*,#1422,.T.);
#1867=ORIENTED_EDGE('',*,*,#1423,.F.);
#1868=ORIENTED_EDGE('',*,*,#1422,.F.);
#1869=ORIENTED_EDGE('',*,*,#1424,.F.);
#1870=ORIENTED_EDGE('',*,*,#1425,.T.);
#1871=ORIENTED_EDGE('',*,*,#1426,.F.);
#1872=ORIENTED_EDGE('',*,*,#1425,.F.);
#1873=ORIENTED_EDGE('',*,*,#1427,.F.);
#1874=ORIENTED_EDGE('',*,*,#1428,.T.);
#1875=ORIENTED_EDGE('',*,*,#1429,.F.);
#1876=ORIENTED_EDGE('',*,*,#1428,.F.);
#1877=ORIENTED_EDGE('',*,*,#1430,.F.);
#1878=ORIENTED_EDGE('',*,*,#1431,.T.);
#1879=ORIENTED_EDGE('',*,*,#1432,.F.);
#1880=ORIENTED_EDGE('',*,*,#1431,.F.);
#1881=ORIENTED_EDGE('',*,*,#1433,.F.);
#1882=ORIENTED_EDGE('',*,*,#1434,.T.);
#1883=ORIENTED_EDGE('',*,*,#1435,.F.);
#1884=ORIENTED_EDGE('',*,*,#1434,.F.);
#1885=ORIENTED_EDGE('',*,*,#1436,.F.);
#1886=ORIENTED_EDGE('',*,*,#1437,.T.);
#1887=ORIENTED_EDGE('',*,*,#1438,.F.);
#1888=ORIENTED_EDGE('',*,*,#1437,.F.);
#1889=ORIENTED_EDGE('',*,*,#1439,.F.);
#1890=ORIENTED_EDGE('',*,*,#1440,.T.);
#1891=ORIENTED_EDGE('',*,*,#1441,.F.);
#1892=ORIENTED_EDGE('',*,*,#1440,.F.);
#1893=ORIENTED_EDGE('',*,*,#1442,.F.);
#1894=ORIENTED_EDGE('',*,*,#1443,.T.);
#1895=ORIENTED_EDGE('',*,*,#1444,.F.);
#1896=ORIENTED_EDGE('',*,*,#1443,.F.);
#1897=ORIENTED_EDGE('',*,*,#1445,.F.);
#1898=ORIENTED_EDGE('',*,*,#1446,.T.);
#1899=ORIENTED_EDGE('',*,*,#1447,.F.);
#1900=ORIENTED_EDGE('',*,*,#1446,.F.);
#1901=ORIENTED_EDGE('',*,*,#1448,.F.);
#1902=ORIENTED_EDGE('',*,*,#1449,.T.);
#1903=ORIENTED_EDGE('',*,*,#1450,.F.);
#1904=ORIENTED_EDGE('',*,*,#1449,.F.);
#1905=ORIENTED_EDGE('',*,*,#1451,.F.);
#1906=ORIENTED_EDGE('',*,*,#1452,.T.);
#1907=ORIENTED_EDGE('',*,*,#1453,.F.);
#1908=ORIENTED_EDGE('',*,*,#1452,.F.);
#1909=ORIENTED_EDGE('',*,*,#1454,.F.);
#1910=ORIENTED_EDGE('',*,*,#1417,.T.);
#1911=ORIENTED_EDGE('',*,*,#1455,.F.);
#1912=ORIENTED_EDGE('',*,*,#1456,.F.);
#1913=ORIENTED_EDGE('',*,*,#1457,.F.);
#1914=ORIENTED_EDGE('',*,*,#1458,.T.);
#1915=ORIENTED_EDGE('',*,*,#1459,.F.);
#1916=ORIENTED_EDGE('',*,*,#1458,.F.);
#1917=ORIENTED_EDGE('',*,*,#1460,.F.);
#1918=ORIENTED_EDGE('',*,*,#1461,.T.);
#1919=ORIENTED_EDGE('',*,*,#1462,.F.);
#1920=ORIENTED_EDGE('',*,*,#1461,.F.);
#1921=ORIENTED_EDGE('',*,*,#1463,.F.);
#1922=ORIENTED_EDGE('',*,*,#1464,.T.);
#1923=ORIENTED_EDGE('',*,*,#1465,.F.);
#1924=ORIENTED_EDGE('',*,*,#1464,.F.);
#1925=ORIENTED_EDGE('',*,*,#1466,.F.);
#1926=ORIENTED_EDGE('',*,*,#1467,.T.);
#1927=ORIENTED_EDGE('',*,*,#1468,.F.);
#1928=ORIENTED_EDGE('',*,*,#1467,.F.);
#1929=ORIENTED_EDGE('',*,*,#1469,.F.);
#1930=ORIENTED_EDGE('',*,*,#1470,.T.);
#1931=ORIENTED_EDGE('',*,*,#1471,.F.);
#1932=ORIENTED_EDGE('',*,*,#1470,.F.);
#1933=ORIENTED_EDGE('',*,*,#1472,.F.);
#1934=ORIENTED_EDGE('',*,*,#1473,.T.);
#1935=ORIENTED_EDGE('',*,*,#1474,.F.);
#1936=ORIENTED_EDGE('',*,*,#1473,.F.);
#1937=ORIENTED_EDGE('',*,*,#1475,.F.);
#1938=ORIENTED_EDGE('',*,*,#1476,.T.);
#1939=ORIENTED_EDGE('',*,*,#1477,.F.);
#1940=ORIENTED_EDGE('',*,*,#1476,.F.);
#1941=ORIENTED_EDGE('',*,*,#1478,.F.);
#1942=ORIENTED_EDGE('',*,*,#1479,.T.);
#1943=ORIENTED_EDGE('',*,*,#1480,.F.);
#1944=ORIENTED_EDGE('',*,*,#1479,.F.);
#1945=ORIENTED_EDGE('',*,*,#1481,.F.);
#1946=ORIENTED_EDGE('',*,*,#1482,.T.);
#1947=ORIENTED_EDGE('',*,*,#1483,.F.);
#1948=ORIENTED_EDGE('',*,*,#1482,.F.);
#1949=ORIENTED_EDGE('',*,*,#1484,.F.);
#1950=ORIENTED_EDGE('',*,*,#1485,.T.);
#1951=ORIENTED_EDGE('',*,*,#1486,.F.);
#1952=ORIENTED_EDGE('',*,*,#1485,.F.);
#1953=ORIENTED_EDGE('',*,*,#1487,.F.);
#1954=ORIENTED_EDGE('',*,*,#1456,.T.);
#1955=ORIENTED_EDGE('',*,*,#1488,.F.);
#1956=ORIENTED_EDGE('',*,*,#1489,.F.);
#1957=ORIENTED_EDGE('',*,*,#1490,.F.);
#1958=ORIENTED_EDGE('',*,*,#1491,.T.);
#1959=ORIENTED_EDGE('',*,*,#1492,.F.);
#1960=ORIENTED_EDGE('',*,*,#1491,.F.);
#1961=ORIENTED_EDGE('',*,*,#1493,.F.);
#1962=ORIENTED_EDGE('',*,*,#1494,.T.);
#1963=ORIENTED_EDGE('',*,*,#1495,.F.);
#1964=ORIENTED_EDGE('',*,*,#1494,.F.);
#1965=ORIENTED_EDGE('',*,*,#1496,.F.);
#1966=ORIENTED_EDGE('',*,*,#1497,.T.);
#1967=ORIENTED_EDGE('',*,*,#1498,.F.);
#1968=ORIENTED_EDGE('',*,*,#1497,.F.);
#1969=ORIENTED_EDGE('',*,*,#1499,.F.);
#1970=ORIENTED_EDGE('',*,*,#1500,.T.);
#1971=ORIENTED_EDGE('',*,*,#1501,.F.);
#1972=ORIENTED_EDGE('',*,*,#1500,.F.);
#1973=ORIENTED_EDGE('',*,*,#1502,.F.);
#1974=ORIENTED_EDGE('',*,*,#1503,.T.);
#1975=ORIENTED_EDGE('',*,*,#1504,.F.);
#1976=ORIENTED_EDGE('',*,*,#1503,.F.);
#1977=ORIENTED_EDGE('',*,*,#1505,.F.);
#1978=ORIENTED_EDGE('',*,*,#1506,.T.);
#1979=ORIENTED_EDGE('',*,*,#1507,.F.);
#1980=ORIENTED_EDGE('',*,*,#1506,.F.);
#1981=ORIENTED_EDGE('',*,*,#1508,.F.);
#1982=ORIENTED_EDGE('',*,*,#1509,.T.);
#1983=ORIENTED_EDGE('',*,*,#1510,.F.);
#1984=ORIENTED_EDGE('',*,*,#1509,.F.);
#1985=ORIENTED_EDGE('',*,*,#1511,.F.);
#1986=ORIENTED_EDGE('',*,*,#1512,.T.);
#1987=ORIENTED_EDGE('',*,*,#1513,.F.);
#1988=ORIENTED_EDGE('',*,*,#1512,.F.);
#1989=ORIENTED_EDGE('',*,*,#1514,.F.);
#1990=ORIENTED_EDGE('',*,*,#1515,.T.);
#1991=ORIENTED_EDGE('',*,*,#1516,.F.);
#1992=ORIENTED_EDGE('',*,*,#1515,.F.);
#1993=ORIENTED_EDGE('',*,*,#1517,.F.);
#1994=ORIENTED_EDGE('',*,*,#1518,.T.);
#1995=ORIENTED_EDGE('',*,*,#1519,.F.);
#1996=ORIENTED_EDGE('',*,*,#1518,.F.);
#1997=ORIENTED_EDGE('',*,*,#1520,.F.);
#1998=ORIENTED_EDGE('',*,*,#1489,.T.);
#1999=ORIENTED_EDGE('',*,*,#1521,.F.);
#2000=ORIENTED_EDGE('',*,*,#1522,.F.);
#2001=ORIENTED_EDGE('',*,*,#1523,.F.);
#2002=ORIENTED_EDGE('',*,*,#1524,.T.);
#2003=ORIENTED_EDGE('',*,*,#1525,.F.);
#2004=ORIENTED_EDGE('',*,*,#1524,.F.);
#2005=ORIENTED_EDGE('',*,*,#1526,.F.);
#2006=ORIENTED_EDGE('',*,*,#1527,.T.);
#2007=ORIENTED_EDGE('',*,*,#1528,.F.);
#2008=ORIENTED_EDGE('',*,*,#1527,.F.);
#2009=ORIENTED_EDGE('',*,*,#1529,.F.);
#2010=ORIENTED_EDGE('',*,*,#1530,.T.);
#2011=ORIENTED_EDGE('',*,*,#1531,.F.);
#2012=ORIENTED_EDGE('',*,*,#1530,.F.);
#2013=ORIENTED_EDGE('',*,*,#1532,.F.);
#2014=ORIENTED_EDGE('',*,*,#1533,.T.);
#2015=ORIENTED_EDGE('',*,*,#1534,.F.);
#2016=ORIENTED_EDGE('',*,*,#1533,.F.);
#2017=ORIENTED_EDGE('',*,*,#1535,.F.);
#2018=ORIENTED_EDGE('',*,*,#1536,.T.);
#2019=ORIENTED_EDGE('',*,*,#1537,.F.);
#2020=ORIENTED_EDGE('',*,*,#1536,.F.);
#2021=ORIENTED_EDGE('',*,*,#1538,.F.);
#2022=ORIENTED_EDGE('',*,*,#1522,.T.);
#2023=ORIENTED_EDGE('',*,*,#1539,.F.);
#2024=ORIENTED_EDGE('',*,*,#1540,.F.);
#2025=ORIENTED_EDGE('',*,*,#1541,.F.);
#2026=ORIENTED_EDGE('',*,*,#1542,.T.);
#2027=ORIENTED_EDGE('',*,*,#1543,.F.);
#2028=ORIENTED_EDGE('',*,*,#1542,.F.);
#2029=ORIENTED_EDGE('',*,*,#1544,.F.);
#2030=ORIENTED_EDGE('',*,*,#1545,.T.);
#2031=ORIENTED_EDGE('',*,*,#1546,.F.);
#2032=ORIENTED_EDGE('',*,*,#1545,.F.);
#2033=ORIENTED_EDGE('',*,*,#1547,.F.);
#2034=ORIENTED_EDGE('',*,*,#1548,.T.);
#2035=ORIENTED_EDGE('',*,*,#1549,.F.);
#2036=ORIENTED_EDGE('',*,*,#1548,.F.);
#2037=ORIENTED_EDGE('',*,*,#1550,.F.);
#2038=ORIENTED_EDGE('',*,*,#1551,.T.);
#2039=ORIENTED_EDGE('',*,*,#1552,.F.);
#2040=ORIENTED_EDGE('',*,*,#1551,.F.);
#2041=ORIENTED_EDGE('',*,*,#1553,.F.);
#2042=ORIENTED_EDGE('',*,*,#1554,.T.);
#2043=ORIENTED_EDGE('',*,*,#1555,.F.);
#2044=ORIENTED_EDGE('',*,*,#1554,.F.);
#2045=ORIENTED_EDGE('',*,*,#1556,.F.);
#2046=ORIENTED_EDGE('',*,*,#1557,.T.);
#2047=ORIENTED_EDGE('',*,*,#1558,.F.);
#2048=ORIENTED_EDGE('',*,*,#1557,.F.);
#2049=ORIENTED_EDGE('',*,*,#1559,.F.);
#2050=ORIENTED_EDGE('',*,*,#1560,.T.);
#2051=ORIENTED_EDGE('',*,*,#1561,.F.);
#2052=ORIENTED_EDGE('',*,*,#1560,.F.);
#2053=ORIENTED_EDGE('',*,*,#1562,.F.);
#2054=ORIENTED_EDGE('',*,*,#1563,.T.);
#2055=ORIENTED_EDGE('',*,*,#1564,.F.);
#2056=ORIENTED_EDGE('',*,*,#1563,.F.);
#2057=ORIENTED_EDGE('',*,*,#1565,.F.);
#2058=ORIENTED_EDGE('',*,*,#1566,.T.);
#2059=ORIENTED_EDGE('',*,*,#1567,.F.);
#2060=ORIENTED_EDGE('',*,*,#1566,.F.);
#2061=ORIENTED_EDGE('',*,*,#1568,.F.);
#2062=ORIENTED_EDGE('',*,*,#1569,.T.);
#2063=ORIENTED_EDGE('',*,*,#1570,.F.);
#2064=ORIENTED_EDGE('',*,*,#1569,.F.);
#2065=ORIENTED_EDGE('',*,*,#1571,.F.);
#2066=ORIENTED_EDGE('',*,*,#1540,.T.);
#2067=ORIENTED_EDGE('',*,*,#1572,.F.);
#2068=ORIENTED_EDGE('',*,*,#1573,.F.);
#2069=ORIENTED_EDGE('',*,*,#1574,.F.);
#2070=ORIENTED_EDGE('',*,*,#1575,.T.);
#2071=ORIENTED_EDGE('',*,*,#1576,.F.);
#2072=ORIENTED_EDGE('',*,*,#1575,.F.);
#2073=ORIENTED_EDGE('',*,*,#1577,.F.);
#2074=ORIENTED_EDGE('',*,*,#1578,.T.);
#2075=ORIENTED_EDGE('',*,*,#1579,.F.);
#2076=ORIENTED_EDGE('',*,*,#1578,.F.);
#2077=ORIENTED_EDGE('',*,*,#1580,.F.);
#2078=ORIENTED_EDGE('',*,*,#1581,.T.);
#2079=ORIENTED_EDGE('',*,*,#1582,.F.);
#2080=ORIENTED_EDGE('',*,*,#1581,.F.);
#2081=ORIENTED_EDGE('',*,*,#1583,.F.);
#2082=ORIENTED_EDGE('',*,*,#1584,.T.);
#2083=ORIENTED_EDGE('',*,*,#1585,.F.);
#2084=ORIENTED_EDGE('',*,*,#1584,.F.);
#2085=ORIENTED_EDGE('',*,*,#1586,.F.);
#2086=ORIENTED_EDGE('',*,*,#1587,.T.);
#2087=ORIENTED_EDGE('',*,*,#1588,.F.);
#2088=ORIENTED_EDGE('',*,*,#1587,.F.);
#2089=ORIENTED_EDGE('',*,*,#1589,.F.);
#2090=ORIENTED_EDGE('',*,*,#1590,.T.);
#2091=ORIENTED_EDGE('',*,*,#1591,.F.);
#2092=ORIENTED_EDGE('',*,*,#1590,.F.);
#2093=ORIENTED_EDGE('',*,*,#1592,.F.);
#2094=ORIENTED_EDGE('',*,*,#1593,.T.);
#2095=ORIENTED_EDGE('',*,*,#1594,.F.);
#2096=ORIENTED_EDGE('',*,*,#1593,.F.);
#2097=ORIENTED_EDGE('',*,*,#1595,.F.);
#2098=ORIENTED_EDGE('',*,*,#1596,.T.);
#2099=ORIENTED_EDGE('',*,*,#1597,.F.);
#2100=ORIENTED_EDGE('',*,*,#1596,.F.);
#2101=ORIENTED_EDGE('',*,*,#1598,.F.);
#2102=ORIENTED_EDGE('',*,*,#1573,.T.);
#2103=ORIENTED_EDGE('',*,*,#1599,.F.);
#2104=ORIENTED_EDGE('',*,*,#1600,.F.);
#2105=ORIENTED_EDGE('',*,*,#1601,.F.);
#2106=ORIENTED_EDGE('',*,*,#1602,.T.);
#2107=ORIENTED_EDGE('',*,*,#1603,.F.);
#2108=ORIENTED_EDGE('',*,*,#1602,.F.);
#2109=ORIENTED_EDGE('',*,*,#1604,.F.);
#2110=ORIENTED_EDGE('',*,*,#1605,.T.);
#2111=ORIENTED_EDGE('',*,*,#1606,.F.);
#2112=ORIENTED_EDGE('',*,*,#1605,.F.);
#2113=ORIENTED_EDGE('',*,*,#1607,.F.);
#2114=ORIENTED_EDGE('',*,*,#1608,.T.);
#2115=ORIENTED_EDGE('',*,*,#1609,.F.);
#2116=ORIENTED_EDGE('',*,*,#1608,.F.);
#2117=ORIENTED_EDGE('',*,*,#1610,.F.);
#2118=ORIENTED_EDGE('',*,*,#1611,.T.);
#2119=ORIENTED_EDGE('',*,*,#1612,.F.);
#2120=ORIENTED_EDGE('',*,*,#1611,.F.);
#2121=ORIENTED_EDGE('',*,*,#1613,.F.);
#2122=ORIENTED_EDGE('',*,*,#1614,.T.);
#2123=ORIENTED_EDGE('',*,*,#1615,.F.);
#2124=ORIENTED_EDGE('',*,*,#1614,.F.);
#2125=ORIENTED_EDGE('',*,*,#1616,.F.);
#2126=ORIENTED_EDGE('',*,*,#1617,.T.);
#2127=ORIENTED_EDGE('',*,*,#1618,.F.);
#2128=ORIENTED_EDGE('',*,*,#1617,.F.);
#2129=ORIENTED_EDGE('',*,*,#1619,.F.);
#2130=ORIENTED_EDGE('',*,*,#1620,.T.);
#2131=ORIENTED_EDGE('',*,*,#1621,.F.);
#2132=ORIENTED_EDGE('',*,*,#1620,.F.);
#2133=ORIENTED_EDGE('',*,*,#1622,.F.);
#2134=ORIENTED_EDGE('',*,*,#1623,.T.);
#2135=ORIENTED_EDGE('',*,*,#1624,.F.);
#2136=ORIENTED_EDGE('',*,*,#1623,.F.);
#2137=ORIENTED_EDGE('',*,*,#1625,.F.);
#2138=ORIENTED_EDGE('',*,*,#1626,.T.);
#2139=ORIENTED_EDGE('',*,*,#1627,.F.);
#2140=ORIENTED_EDGE('',*,*,#1626,.F.);
#2141=ORIENTED_EDGE('',*,*,#1628,.F.);
#2142=ORIENTED_EDGE('',*,*,#1629,.T.);
#2143=ORIENTED_EDGE('',*,*,#1630,.F.);
#2144=ORIENTED_EDGE('',*,*,#1629,.F.);
#2145=ORIENTED_EDGE('',*,*,#1631,.F.);
#2146=ORIENTED_EDGE('',*,*,#1632,.T.);
#2147=ORIENTED_EDGE('',*,*,#1633,.F.);
#2148=ORIENTED_EDGE('',*,*,#1632,.F.);
#2149=ORIENTED_EDGE('',*,*,#1634,.F.);
#2150=ORIENTED_EDGE('',*,*,#1635,.T.);
#2151=ORIENTED_EDGE('',*,*,#1636,.F.);
#2152=ORIENTED_EDGE('',*,*,#1635,.F.);
#2153=ORIENTED_EDGE('',*,*,#1637,.F.);
#2154=ORIENTED_EDGE('',*,*,#1600,.T.);
#2155=ORIENTED_EDGE('',*,*,#1638,.F.);
#2156=ORIENTED_EDGE('',*,*,#1639,.F.);
#2157=ORIENTED_EDGE('',*,*,#1640,.F.);
#2158=ORIENTED_EDGE('',*,*,#1641,.T.);
#2159=ORIENTED_EDGE('',*,*,#1642,.F.);
#2160=ORIENTED_EDGE('',*,*,#1641,.F.);
#2161=ORIENTED_EDGE('',*,*,#1643,.F.);
#2162=ORIENTED_EDGE('',*,*,#1644,.T.);
#2163=ORIENTED_EDGE('',*,*,#1645,.F.);
#2164=ORIENTED_EDGE('',*,*,#1644,.F.);
#2165=ORIENTED_EDGE('',*,*,#1646,.F.);
#2166=ORIENTED_EDGE('',*,*,#1647,.T.);
#2167=ORIENTED_EDGE('',*,*,#1648,.F.);
#2168=ORIENTED_EDGE('',*,*,#1647,.F.);
#2169=ORIENTED_EDGE('',*,*,#1649,.F.);
#2170=ORIENTED_EDGE('',*,*,#1650,.T.);
#2171=ORIENTED_EDGE('',*,*,#1651,.F.);
#2172=ORIENTED_EDGE('',*,*,#1650,.F.);
#2173=ORIENTED_EDGE('',*,*,#1652,.F.);
#2174=ORIENTED_EDGE('',*,*,#1653,.T.);
#2175=ORIENTED_EDGE('',*,*,#1654,.F.);
#2176=ORIENTED_EDGE('',*,*,#1653,.F.);
#2177=ORIENTED_EDGE('',*,*,#1655,.F.);
#2178=ORIENTED_EDGE('',*,*,#1656,.T.);
#2179=ORIENTED_EDGE('',*,*,#1657,.F.);
#2180=ORIENTED_EDGE('',*,*,#1656,.F.);
#2181=ORIENTED_EDGE('',*,*,#1658,.F.);
#2182=ORIENTED_EDGE('',*,*,#1639,.T.);
#2183=ORIENTED_EDGE('',*,*,#1659,.F.);
#2184=ORIENTED_EDGE('',*,*,#1660,.F.);
#2185=ORIENTED_EDGE('',*,*,#1661,.F.);
#2186=ORIENTED_EDGE('',*,*,#1662,.T.);
#2187=ORIENTED_EDGE('',*,*,#1663,.F.);
#2188=ORIENTED_EDGE('',*,*,#1662,.F.);
#2189=ORIENTED_EDGE('',*,*,#1664,.F.);
#2190=ORIENTED_EDGE('',*,*,#1665,.T.);
#2191=ORIENTED_EDGE('',*,*,#1666,.F.);
#2192=ORIENTED_EDGE('',*,*,#1665,.F.);
#2193=ORIENTED_EDGE('',*,*,#1667,.F.);
#2194=ORIENTED_EDGE('',*,*,#1668,.T.);
#2195=ORIENTED_EDGE('',*,*,#1669,.F.);
#2196=ORIENTED_EDGE('',*,*,#1668,.F.);
#2197=ORIENTED_EDGE('',*,*,#1670,.F.);
#2198=ORIENTED_EDGE('',*,*,#1671,.T.);
#2199=ORIENTED_EDGE('',*,*,#1672,.F.);
#2200=ORIENTED_EDGE('',*,*,#1671,.F.);
#2201=ORIENTED_EDGE('',*,*,#1673,.F.);
#2202=ORIENTED_EDGE('',*,*,#1674,.T.);
#2203=ORIENTED_EDGE('',*,*,#1675,.F.);
#2204=ORIENTED_EDGE('',*,*,#1674,.F.);
#2205=ORIENTED_EDGE('',*,*,#1676,.F.);
#2206=ORIENTED_EDGE('',*,*,#1660,.T.);
#2207=ORIENTED_EDGE('',*,*,#1677,.F.);
#2208=ORIENTED_EDGE('',*,*,#1678,.F.);
#2209=ORIENTED_EDGE('',*,*,#1679,.F.);
#2210=ORIENTED_EDGE('',*,*,#1680,.T.);
#2211=ORIENTED_EDGE('',*,*,#1681,.F.);
#2212=ORIENTED_EDGE('',*,*,#1680,.F.);
#2213=ORIENTED_EDGE('',*,*,#1682,.F.);
#2214=ORIENTED_EDGE('',*,*,#1683,.T.);
#2215=ORIENTED_EDGE('',*,*,#1684,.F.);
#2216=ORIENTED_EDGE('',*,*,#1683,.F.);
#2217=ORIENTED_EDGE('',*,*,#1685,.F.);
#2218=ORIENTED_EDGE('',*,*,#1686,.T.);
#2219=ORIENTED_EDGE('',*,*,#1687,.F.);
#2220=ORIENTED_EDGE('',*,*,#1686,.F.);
#2221=ORIENTED_EDGE('',*,*,#1688,.F.);
#2222=ORIENTED_EDGE('',*,*,#1689,.T.);
#2223=ORIENTED_EDGE('',*,*,#1690,.F.);
#2224=ORIENTED_EDGE('',*,*,#1689,.F.);
#2225=ORIENTED_EDGE('',*,*,#1691,.F.);
#2226=ORIENTED_EDGE('',*,*,#1692,.T.);
#2227=ORIENTED_EDGE('',*,*,#1693,.F.);
#2228=ORIENTED_EDGE('',*,*,#1692,.F.);
#2229=ORIENTED_EDGE('',*,*,#1694,.F.);
#2230=ORIENTED_EDGE('',*,*,#1695,.T.);
#2231=ORIENTED_EDGE('',*,*,#1696,.F.);
#2232=ORIENTED_EDGE('',*,*,#1695,.F.);
#2233=ORIENTED_EDGE('',*,*,#1697,.F.);
#2234=ORIENTED_EDGE('',*,*,#1698,.T.);
#2235=ORIENTED_EDGE('',*,*,#1699,.F.);
#2236=ORIENTED_EDGE('',*,*,#1698,.F.);
#2237=ORIENTED_EDGE('',*,*,#1700,.F.);
#2238=ORIENTED_EDGE('',*,*,#1701,.T.);
#2239=ORIENTED_EDGE('',*,*,#1702,.F.);
#2240=ORIENTED_EDGE('',*,*,#1701,.F.);
#2241=ORIENTED_EDGE('',*,*,#1703,.F.);
#2242=ORIENTED_EDGE('',*,*,#1704,.T.);
#2243=ORIENTED_EDGE('',*,*,#1705,.F.);
#2244=ORIENTED_EDGE('',*,*,#1704,.F.);
#2245=ORIENTED_EDGE('',*,*,#1706,.F.);
#2246=ORIENTED_EDGE('',*,*,#1707,.T.);
#2247=ORIENTED_EDGE('',*,*,#1708,.F.);
#2248=ORIENTED_EDGE('',*,*,#1707,.F.);
#2249=ORIENTED_EDGE('',*,*,#1709,.F.);
#2250=ORIENTED_EDGE('',*,*,#1710,.T.);
#2251=ORIENTED_EDGE('',*,*,#1711,.F.);
#2252=ORIENTED_EDGE('',*,*,#1710,.F.);
#2253=ORIENTED_EDGE('',*,*,#1712,.F.);
#2254=ORIENTED_EDGE('',*,*,#1678,.T.);
#2255=ORIENTED_EDGE('',*,*,#1713,.T.);
#2256=ORIENTED_EDGE('',*,*,#1714,.T.);
#2257=ORIENTED_EDGE('',*,*,#1715,.T.);
#2258=ORIENTED_EDGE('',*,*,#1716,.T.);
#2259=ORIENTED_EDGE('',*,*,#1717,.T.);
#2260=ORIENTED_EDGE('',*,*,#1718,.T.);
#2261=ORIENTED_EDGE('',*,*,#1719,.T.);
#2262=ORIENTED_EDGE('',*,*,#1720,.T.);
#2263=ORIENTED_EDGE('',*,*,#1721,.T.);
#2264=ORIENTED_EDGE('',*,*,#1722,.T.);
#2265=ORIENTED_EDGE('',*,*,#1723,.T.);
#2266=ORIENTED_EDGE('',*,*,#1724,.T.);
#2267=ORIENTED_EDGE('',*,*,#1725,.T.);
#2268=ORIENTED_EDGE('',*,*,#1726,.T.);
#2269=ORIENTED_EDGE('',*,*,#1727,.T.);
#2270=ORIENTED_EDGE('',*,*,#1728,.T.);
#2271=ORIENTED_EDGE('',*,*,#1729,.F.);
#2272=ORIENTED_EDGE('',*,*,#1730,.T.);
#2273=ORIENTED_EDGE('',*,*,#1731,.F.);
#2274=ORIENTED_EDGE('',*,*,#1730,.F.);
#2275=ORIENTED_EDGE('',*,*,#1732,.F.);
#2276=ORIENTED_EDGE('',*,*,#1733,.T.);
#2277=ORIENTED_EDGE('',*,*,#1734,.F.);
#2278=ORIENTED_EDGE('',*,*,#1733,.F.);
#2279=ORIENTED_EDGE('',*,*,#1732,.T.);
#2280=ORIENTED_EDGE('',*,*,#1729,.T.);
#2281=ORIENTED_EDGE('',*,*,#1735,.F.);
#2282=ORIENTED_EDGE('',*,*,#1736,.F.);
#2283=ORIENTED_EDGE('',*,*,#1737,.F.);
#2284=ORIENTED_EDGE('',*,*,#1738,.F.);
#2285=ORIENTED_EDGE('',*,*,#1739,.F.);
#2286=ORIENTED_EDGE('',*,*,#1740,.F.);
#2287=ORIENTED_EDGE('',*,*,#1741,.F.);
#2288=ORIENTED_EDGE('',*,*,#1742,.T.);
#2289=ORIENTED_EDGE('',*,*,#1369,.T.);
#2290=ORIENTED_EDGE('',*,*,#1372,.T.);
#2291=ORIENTED_EDGE('',*,*,#1375,.T.);
#2292=ORIENTED_EDGE('',*,*,#1362,.T.);
#2293=ORIENTED_EDGE('',*,*,#1366,.T.);
#2294=ORIENTED_EDGE('',*,*,#1387,.T.);
#2295=ORIENTED_EDGE('',*,*,#1390,.T.);
#2296=ORIENTED_EDGE('',*,*,#1393,.T.);
#2297=ORIENTED_EDGE('',*,*,#1377,.T.);
#2298=ORIENTED_EDGE('',*,*,#1381,.T.);
#2299=ORIENTED_EDGE('',*,*,#1384,.T.);
#2300=ORIENTED_EDGE('',*,*,#1405,.T.);
#2301=ORIENTED_EDGE('',*,*,#1408,.T.);
#2302=ORIENTED_EDGE('',*,*,#1411,.T.);
#2303=ORIENTED_EDGE('',*,*,#1414,.T.);
#2304=ORIENTED_EDGE('',*,*,#1395,.T.);
#2305=ORIENTED_EDGE('',*,*,#1399,.T.);
#2306=ORIENTED_EDGE('',*,*,#1402,.T.);
#2307=ORIENTED_EDGE('',*,*,#1435,.T.);
#2308=ORIENTED_EDGE('',*,*,#1438,.T.);
#2309=ORIENTED_EDGE('',*,*,#1441,.T.);
#2310=ORIENTED_EDGE('',*,*,#1444,.T.);
#2311=ORIENTED_EDGE('',*,*,#1447,.T.);
#2312=ORIENTED_EDGE('',*,*,#1450,.T.);
#2313=ORIENTED_EDGE('',*,*,#1453,.T.);
#2314=ORIENTED_EDGE('',*,*,#1416,.T.);
#2315=ORIENTED_EDGE('',*,*,#1420,.T.);
#2316=ORIENTED_EDGE('',*,*,#1423,.T.);
#2317=ORIENTED_EDGE('',*,*,#1426,.T.);
#2318=ORIENTED_EDGE('',*,*,#1429,.T.);
#2319=ORIENTED_EDGE('',*,*,#1432,.T.);
#2320=ORIENTED_EDGE('',*,*,#1471,.T.);
#2321=ORIENTED_EDGE('',*,*,#1474,.T.);
#2322=ORIENTED_EDGE('',*,*,#1477,.T.);
#2323=ORIENTED_EDGE('',*,*,#1480,.T.);
#2324=ORIENTED_EDGE('',*,*,#1483,.T.);
#2325=ORIENTED_EDGE('',*,*,#1486,.T.);
#2326=ORIENTED_EDGE('',*,*,#1455,.T.);
#2327=ORIENTED_EDGE('',*,*,#1459,.T.);
#2328=ORIENTED_EDGE('',*,*,#1462,.T.);
#2329=ORIENTED_EDGE('',*,*,#1465,.T.);
#2330=ORIENTED_EDGE('',*,*,#1468,.T.);
#2331=ORIENTED_EDGE('',*,*,#1504,.T.);
#2332=ORIENTED_EDGE('',*,*,#1507,.T.);
#2333=ORIENTED_EDGE('',*,*,#1510,.T.);
#2334=ORIENTED_EDGE('',*,*,#1513,.T.);
#2335=ORIENTED_EDGE('',*,*,#1516,.T.);
#2336=ORIENTED_EDGE('',*,*,#1519,.T.);
#2337=ORIENTED_EDGE('',*,*,#1488,.T.);
#2338=ORIENTED_EDGE('',*,*,#1492,.T.);
#2339=ORIENTED_EDGE('',*,*,#1495,.T.);
#2340=ORIENTED_EDGE('',*,*,#1498,.T.);
#2341=ORIENTED_EDGE('',*,*,#1501,.T.);
#2342=ORIENTED_EDGE('',*,*,#1531,.T.);
#2343=ORIENTED_EDGE('',*,*,#1534,.T.);
#2344=ORIENTED_EDGE('',*,*,#1537,.T.);
#2345=ORIENTED_EDGE('',*,*,#1521,.T.);
#2346=ORIENTED_EDGE('',*,*,#1525,.T.);
#2347=ORIENTED_EDGE('',*,*,#1528,.T.);
#2348=ORIENTED_EDGE('',*,*,#1555,.T.);
#2349=ORIENTED_EDGE('',*,*,#1558,.T.);
#2350=ORIENTED_EDGE('',*,*,#1561,.T.);
#2351=ORIENTED_EDGE('',*,*,#1564,.T.);
#2352=ORIENTED_EDGE('',*,*,#1567,.T.);
#2353=ORIENTED_EDGE('',*,*,#1570,.T.);
#2354=ORIENTED_EDGE('',*,*,#1539,.T.);
#2355=ORIENTED_EDGE('',*,*,#1543,.T.);
#2356=ORIENTED_EDGE('',*,*,#1546,.T.);
#2357=ORIENTED_EDGE('',*,*,#1549,.T.);
#2358=ORIENTED_EDGE('',*,*,#1552,.T.);
#2359=ORIENTED_EDGE('',*,*,#1585,.T.);
#2360=ORIENTED_EDGE('',*,*,#1588,.T.);
#2361=ORIENTED_EDGE('',*,*,#1591,.T.);
#2362=ORIENTED_EDGE('',*,*,#1594,.T.);
#2363=ORIENTED_EDGE('',*,*,#1597,.T.);
#2364=ORIENTED_EDGE('',*,*,#1572,.T.);
#2365=ORIENTED_EDGE('',*,*,#1576,.T.);
#2366=ORIENTED_EDGE('',*,*,#1579,.T.);
#2367=ORIENTED_EDGE('',*,*,#1582,.T.);
#2368=ORIENTED_EDGE('',*,*,#1618,.T.);
#2369=ORIENTED_EDGE('',*,*,#1621,.T.);
#2370=ORIENTED_EDGE('',*,*,#1624,.T.);
#2371=ORIENTED_EDGE('',*,*,#1627,.T.);
#2372=ORIENTED_EDGE('',*,*,#1630,.T.);
#2373=ORIENTED_EDGE('',*,*,#1633,.T.);
#2374=ORIENTED_EDGE('',*,*,#1636,.T.);
#2375=ORIENTED_EDGE('',*,*,#1599,.T.);
#2376=ORIENTED_EDGE('',*,*,#1603,.T.);
#2377=ORIENTED_EDGE('',*,*,#1606,.T.);
#2378=ORIENTED_EDGE('',*,*,#1609,.T.);
#2379=ORIENTED_EDGE('',*,*,#1612,.T.);
#2380=ORIENTED_EDGE('',*,*,#1615,.T.);
#2381=ORIENTED_EDGE('',*,*,#1648,.T.);
#2382=ORIENTED_EDGE('',*,*,#1651,.T.);
#2383=ORIENTED_EDGE('',*,*,#1654,.T.);
#2384=ORIENTED_EDGE('',*,*,#1657,.T.);
#2385=ORIENTED_EDGE('',*,*,#1638,.T.);
#2386=ORIENTED_EDGE('',*,*,#1642,.T.);
#2387=ORIENTED_EDGE('',*,*,#1645,.T.);
#2388=ORIENTED_EDGE('',*,*,#1669,.T.);
#2389=ORIENTED_EDGE('',*,*,#1672,.T.);
#2390=ORIENTED_EDGE('',*,*,#1675,.T.);
#2391=ORIENTED_EDGE('',*,*,#1659,.T.);
#2392=ORIENTED_EDGE('',*,*,#1663,.T.);
#2393=ORIENTED_EDGE('',*,*,#1666,.T.);
#2394=ORIENTED_EDGE('',*,*,#1696,.T.);
#2395=ORIENTED_EDGE('',*,*,#1699,.T.);
#2396=ORIENTED_EDGE('',*,*,#1702,.T.);
#2397=ORIENTED_EDGE('',*,*,#1705,.T.);
#2398=ORIENTED_EDGE('',*,*,#1708,.T.);
#2399=ORIENTED_EDGE('',*,*,#1711,.T.);
#2400=ORIENTED_EDGE('',*,*,#1677,.T.);
#2401=ORIENTED_EDGE('',*,*,#1681,.T.);
#2402=ORIENTED_EDGE('',*,*,#1684,.T.);
#2403=ORIENTED_EDGE('',*,*,#1687,.T.);
#2404=ORIENTED_EDGE('',*,*,#1690,.T.);
#2405=ORIENTED_EDGE('',*,*,#1693,.T.);
#2406=ORIENTED_EDGE('',*,*,#1743,.T.);
#2407=ORIENTED_EDGE('',*,*,#1744,.T.);
#2408=ORIENTED_EDGE('',*,*,#1745,.T.);
#2409=ORIENTED_EDGE('',*,*,#1734,.T.);
#2410=ORIENTED_EDGE('',*,*,#1746,.F.);
#2411=ORIENTED_EDGE('',*,*,#1747,.T.);
#2412=ORIENTED_EDGE('',*,*,#1748,.F.);
#2413=ORIENTED_EDGE('',*,*,#1747,.F.);
#2414=ORIENTED_EDGE('',*,*,#1749,.F.);
#2415=ORIENTED_EDGE('',*,*,#1750,.T.);
#2416=ORIENTED_EDGE('',*,*,#1743,.F.);
#2417=ORIENTED_EDGE('',*,*,#1750,.F.);
#2418=ORIENTED_EDGE('',*,*,#1749,.T.);
#2419=ORIENTED_EDGE('',*,*,#1746,.T.);
#2420=ORIENTED_EDGE('',*,*,#1731,.T.);
#2421=ORIENTED_EDGE('',*,*,#1751,.F.);
#2422=ORIENTED_EDGE('',*,*,#1752,.T.);
#2423=ORIENTED_EDGE('',*,*,#1753,.F.);
#2424=ORIENTED_EDGE('',*,*,#1752,.F.);
#2425=ORIENTED_EDGE('',*,*,#1754,.F.);
#2426=ORIENTED_EDGE('',*,*,#1755,.T.);
#2427=ORIENTED_EDGE('',*,*,#1745,.F.);
#2428=ORIENTED_EDGE('',*,*,#1755,.F.);
#2429=ORIENTED_EDGE('',*,*,#1754,.T.);
#2430=ORIENTED_EDGE('',*,*,#1751,.T.);
#2431=ORIENTED_EDGE('',*,*,#1748,.T.);
#2432=ORIENTED_EDGE('',*,*,#1756,.T.);
#2433=ORIENTED_EDGE('',*,*,#1757,.F.);
#2434=ORIENTED_EDGE('',*,*,#1758,.T.);
#2435=ORIENTED_EDGE('',*,*,#1759,.F.);
#2436=ORIENTED_EDGE('',*,*,#1758,.F.);
#2437=ORIENTED_EDGE('',*,*,#1760,.F.);
#2438=ORIENTED_EDGE('',*,*,#1761,.T.);
#2439=ORIENTED_EDGE('',*,*,#1744,.F.);
#2440=ORIENTED_EDGE('',*,*,#1761,.F.);
#2441=ORIENTED_EDGE('',*,*,#1760,.T.);
#2442=ORIENTED_EDGE('',*,*,#1757,.T.);
#2443=ORIENTED_EDGE('',*,*,#1753,.T.);
#2444=ORIENTED_EDGE('',*,*,#1756,.F.);
#2445=ORIENTED_EDGE('',*,*,#1762,.T.);
#2446=ORIENTED_EDGE('',*,*,#1762,.F.);
#2447=ORIENTED_EDGE('',*,*,#1763,.F.);
#2448=ORIENTED_EDGE('',*,*,#1742,.F.);
#2449=ORIENTED_EDGE('',*,*,#1764,.F.);
#2450=ORIENTED_EDGE('',*,*,#1713,.F.);
#2451=ORIENTED_EDGE('',*,*,#1765,.F.);
#2452=ORIENTED_EDGE('',*,*,#1719,.F.);
#2453=ORIENTED_EDGE('',*,*,#1766,.F.);
#2454=ORIENTED_EDGE('',*,*,#1740,.T.);
#2455=ORIENTED_EDGE('',*,*,#1759,.T.);
#2456=ORIENTED_EDGE('',*,*,#1763,.T.);
#2457=ORIENTED_EDGE('',*,*,#1718,.F.);
#2458=ORIENTED_EDGE('',*,*,#1767,.T.);
#2459=ORIENTED_EDGE('',*,*,#1735,.T.);
#2460=ORIENTED_EDGE('',*,*,#1768,.F.);
#2461=ORIENTED_EDGE('',*,*,#1769,.F.);
#2462=ORIENTED_EDGE('',*,*,#1770,.F.);
#2463=ORIENTED_EDGE('',*,*,#1771,.T.);
#2464=ORIENTED_EDGE('',*,*,#1772,.F.);
#2465=ORIENTED_EDGE('',*,*,#1771,.F.);
#2466=ORIENTED_EDGE('',*,*,#1773,.F.);
#2467=ORIENTED_EDGE('',*,*,#1724,.F.);
#2468=ORIENTED_EDGE('',*,*,#1774,.F.);
#2469=ORIENTED_EDGE('',*,*,#1716,.F.);
#2470=ORIENTED_EDGE('',*,*,#1775,.F.);
#2471=ORIENTED_EDGE('',*,*,#1769,.T.);
#2472=ORIENTED_EDGE('',*,*,#1774,.T.);
#2473=ORIENTED_EDGE('',*,*,#1768,.T.);
#2474=ORIENTED_EDGE('',*,*,#1772,.T.);
#2475=ORIENTED_EDGE('',*,*,#1723,.F.);
#2476=ORIENTED_EDGE('',*,*,#1776,.T.);
#2477=ORIENTED_EDGE('',*,*,#1736,.T.);
#2478=ORIENTED_EDGE('',*,*,#1767,.F.);
#2479=ORIENTED_EDGE('',*,*,#1717,.F.);
#2480=ORIENTED_EDGE('',*,*,#1765,.T.);
#2481=ORIENTED_EDGE('',*,*,#1739,.T.);
#2482=ORIENTED_EDGE('',*,*,#1777,.T.);
#2483=ORIENTED_EDGE('',*,*,#1720,.F.);
#2484=ORIENTED_EDGE('',*,*,#1778,.T.);
#2485=ORIENTED_EDGE('',*,*,#1737,.T.);
#2486=ORIENTED_EDGE('',*,*,#1776,.F.);
#2487=ORIENTED_EDGE('',*,*,#1722,.F.);
#2488=ORIENTED_EDGE('',*,*,#1777,.F.);
#2489=ORIENTED_EDGE('',*,*,#1738,.T.);
#2490=ORIENTED_EDGE('',*,*,#1778,.F.);
#2491=ORIENTED_EDGE('',*,*,#1721,.F.);
#2492=ORIENTED_EDGE('',*,*,#1766,.T.);
#2493=ORIENTED_EDGE('',*,*,#1728,.F.);
#2494=ORIENTED_EDGE('',*,*,#1779,.F.);
#2495=ORIENTED_EDGE('',*,*,#1780,.F.);
#2496=ORIENTED_EDGE('',*,*,#1781,.T.);
#2497=ORIENTED_EDGE('',*,*,#1714,.F.);
#2498=ORIENTED_EDGE('',*,*,#1764,.T.);
#2499=ORIENTED_EDGE('',*,*,#1741,.T.);
#2500=ORIENTED_EDGE('',*,*,#1782,.F.);
#2501=ORIENTED_EDGE('',*,*,#1779,.T.);
#2502=ORIENTED_EDGE('',*,*,#1727,.F.);
#2503=ORIENTED_EDGE('',*,*,#1783,.F.);
#2504=ORIENTED_EDGE('',*,*,#1784,.F.);
#2505=ORIENTED_EDGE('',*,*,#1783,.T.);
#2506=ORIENTED_EDGE('',*,*,#1726,.F.);
#2507=ORIENTED_EDGE('',*,*,#1785,.F.);
#2508=ORIENTED_EDGE('',*,*,#1775,.T.);
#2509=ORIENTED_EDGE('',*,*,#1715,.F.);
#2510=ORIENTED_EDGE('',*,*,#1781,.F.);
#2511=ORIENTED_EDGE('',*,*,#1786,.F.);
#2512=ORIENTED_EDGE('',*,*,#1785,.T.);
#2513=ORIENTED_EDGE('',*,*,#1725,.F.);
#2514=ORIENTED_EDGE('',*,*,#1773,.T.);
#2515=ORIENTED_EDGE('',*,*,#1770,.T.);
#2516=ORIENTED_EDGE('',*,*,#1786,.T.);
#2517=ORIENTED_EDGE('',*,*,#1780,.T.);
#2518=ORIENTED_EDGE('',*,*,#1782,.T.);
#2519=ORIENTED_EDGE('',*,*,#1784,.T.);
#2520=ORIENTED_EDGE('',*,*,#1370,.T.);
#2521=ORIENTED_EDGE('',*,*,#1367,.T.);
#2522=ORIENTED_EDGE('',*,*,#1364,.T.);
#2523=ORIENTED_EDGE('',*,*,#1376,.T.);
#2524=ORIENTED_EDGE('',*,*,#1373,.T.);
#2525=ORIENTED_EDGE('',*,*,#1388,.T.);
#2526=ORIENTED_EDGE('',*,*,#1385,.T.);
#2527=ORIENTED_EDGE('',*,*,#1382,.T.);
#2528=ORIENTED_EDGE('',*,*,#1379,.T.);
#2529=ORIENTED_EDGE('',*,*,#1394,.T.);
#2530=ORIENTED_EDGE('',*,*,#1391,.T.);
#2531=ORIENTED_EDGE('',*,*,#1406,.T.);
#2532=ORIENTED_EDGE('',*,*,#1403,.T.);
#2533=ORIENTED_EDGE('',*,*,#1400,.T.);
#2534=ORIENTED_EDGE('',*,*,#1397,.T.);
#2535=ORIENTED_EDGE('',*,*,#1415,.T.);
#2536=ORIENTED_EDGE('',*,*,#1412,.T.);
#2537=ORIENTED_EDGE('',*,*,#1409,.T.);
#2538=ORIENTED_EDGE('',*,*,#1436,.T.);
#2539=ORIENTED_EDGE('',*,*,#1433,.T.);
#2540=ORIENTED_EDGE('',*,*,#1430,.T.);
#2541=ORIENTED_EDGE('',*,*,#1427,.T.);
#2542=ORIENTED_EDGE('',*,*,#1424,.T.);
#2543=ORIENTED_EDGE('',*,*,#1421,.T.);
#2544=ORIENTED_EDGE('',*,*,#1418,.T.);
#2545=ORIENTED_EDGE('',*,*,#1454,.T.);
#2546=ORIENTED_EDGE('',*,*,#1451,.T.);
#2547=ORIENTED_EDGE('',*,*,#1448,.T.);
#2548=ORIENTED_EDGE('',*,*,#1445,.T.);
#2549=ORIENTED_EDGE('',*,*,#1442,.T.);
#2550=ORIENTED_EDGE('',*,*,#1439,.T.);
#2551=ORIENTED_EDGE('',*,*,#1472,.T.);
#2552=ORIENTED_EDGE('',*,*,#1469,.T.);
#2553=ORIENTED_EDGE('',*,*,#1466,.T.);
#2554=ORIENTED_EDGE('',*,*,#1463,.T.);
#2555=ORIENTED_EDGE('',*,*,#1460,.T.);
#2556=ORIENTED_EDGE('',*,*,#1457,.T.);
#2557=ORIENTED_EDGE('',*,*,#1487,.T.);
#2558=ORIENTED_EDGE('',*,*,#1484,.T.);
#2559=ORIENTED_EDGE('',*,*,#1481,.T.);
#2560=ORIENTED_EDGE('',*,*,#1478,.T.);
#2561=ORIENTED_EDGE('',*,*,#1475,.T.);
#2562=ORIENTED_EDGE('',*,*,#1505,.T.);
#2563=ORIENTED_EDGE('',*,*,#1502,.T.);
#2564=ORIENTED_EDGE('',*,*,#1499,.T.);
#2565=ORIENTED_EDGE('',*,*,#1496,.T.);
#2566=ORIENTED_EDGE('',*,*,#1493,.T.);
#2567=ORIENTED_EDGE('',*,*,#1490,.T.);
#2568=ORIENTED_EDGE('',*,*,#1520,.T.);
#2569=ORIENTED_EDGE('',*,*,#1517,.T.);
#2570=ORIENTED_EDGE('',*,*,#1514,.T.);
#2571=ORIENTED_EDGE('',*,*,#1511,.T.);
#2572=ORIENTED_EDGE('',*,*,#1508,.T.);
#2573=ORIENTED_EDGE('',*,*,#1532,.T.);
#2574=ORIENTED_EDGE('',*,*,#1529,.T.);
#2575=ORIENTED_EDGE('',*,*,#1526,.T.);
#2576=ORIENTED_EDGE('',*,*,#1523,.T.);
#2577=ORIENTED_EDGE('',*,*,#1538,.T.);
#2578=ORIENTED_EDGE('',*,*,#1535,.T.);
#2579=ORIENTED_EDGE('',*,*,#1556,.T.);
#2580=ORIENTED_EDGE('',*,*,#1553,.T.);
#2581=ORIENTED_EDGE('',*,*,#1550,.T.);
#2582=ORIENTED_EDGE('',*,*,#1547,.T.);
#2583=ORIENTED_EDGE('',*,*,#1544,.T.);
#2584=ORIENTED_EDGE('',*,*,#1541,.T.);
#2585=ORIENTED_EDGE('',*,*,#1571,.T.);
#2586=ORIENTED_EDGE('',*,*,#1568,.T.);
#2587=ORIENTED_EDGE('',*,*,#1565,.T.);
#2588=ORIENTED_EDGE('',*,*,#1562,.T.);
#2589=ORIENTED_EDGE('',*,*,#1559,.T.);
#2590=ORIENTED_EDGE('',*,*,#1586,.T.);
#2591=ORIENTED_EDGE('',*,*,#1583,.T.);
#2592=ORIENTED_EDGE('',*,*,#1580,.T.);
#2593=ORIENTED_EDGE('',*,*,#1577,.T.);
#2594=ORIENTED_EDGE('',*,*,#1574,.T.);
#2595=ORIENTED_EDGE('',*,*,#1598,.T.);
#2596=ORIENTED_EDGE('',*,*,#1595,.T.);
#2597=ORIENTED_EDGE('',*,*,#1592,.T.);
#2598=ORIENTED_EDGE('',*,*,#1589,.T.);
#2599=ORIENTED_EDGE('',*,*,#1619,.T.);
#2600=ORIENTED_EDGE('',*,*,#1616,.T.);
#2601=ORIENTED_EDGE('',*,*,#1613,.T.);
#2602=ORIENTED_EDGE('',*,*,#1610,.T.);
#2603=ORIENTED_EDGE('',*,*,#1607,.T.);
#2604=ORIENTED_EDGE('',*,*,#1604,.T.);
#2605=ORIENTED_EDGE('',*,*,#1601,.T.);
#2606=ORIENTED_EDGE('',*,*,#1637,.T.);
#2607=ORIENTED_EDGE('',*,*,#1634,.T.);
#2608=ORIENTED_EDGE('',*,*,#1631,.T.);
#2609=ORIENTED_EDGE('',*,*,#1628,.T.);
#2610=ORIENTED_EDGE('',*,*,#1625,.T.);
#2611=ORIENTED_EDGE('',*,*,#1622,.T.);
#2612=ORIENTED_EDGE('',*,*,#1649,.T.);
#2613=ORIENTED_EDGE('',*,*,#1646,.T.);
#2614=ORIENTED_EDGE('',*,*,#1643,.T.);
#2615=ORIENTED_EDGE('',*,*,#1640,.T.);
#2616=ORIENTED_EDGE('',*,*,#1658,.T.);
#2617=ORIENTED_EDGE('',*,*,#1655,.T.);
#2618=ORIENTED_EDGE('',*,*,#1652,.T.);
#2619=ORIENTED_EDGE('',*,*,#1670,.T.);
#2620=ORIENTED_EDGE('',*,*,#1667,.T.);
#2621=ORIENTED_EDGE('',*,*,#1664,.T.);
#2622=ORIENTED_EDGE('',*,*,#1661,.T.);
#2623=ORIENTED_EDGE('',*,*,#1676,.T.);
#2624=ORIENTED_EDGE('',*,*,#1673,.T.);
#2625=ORIENTED_EDGE('',*,*,#1697,.T.);
#2626=ORIENTED_EDGE('',*,*,#1694,.T.);
#2627=ORIENTED_EDGE('',*,*,#1691,.T.);
#2628=ORIENTED_EDGE('',*,*,#1688,.T.);
#2629=ORIENTED_EDGE('',*,*,#1685,.T.);
#2630=ORIENTED_EDGE('',*,*,#1682,.T.);
#2631=ORIENTED_EDGE('',*,*,#1679,.T.);
#2632=ORIENTED_EDGE('',*,*,#1712,.T.);
#2633=ORIENTED_EDGE('',*,*,#1709,.T.);
#2634=ORIENTED_EDGE('',*,*,#1706,.T.);
#2635=ORIENTED_EDGE('',*,*,#1703,.T.);
#2636=ORIENTED_EDGE('',*,*,#1700,.T.);
#2637=(
BOUNDED_SURFACE()
B_SPLINE_SURFACE(3,1,((#3324,#3325),(#3326,#3327),(#3328,#3329),(#3330,
#3331)),.UNSPECIFIED.,.F.,.F.,.F.)
B_SPLINE_SURFACE_WITH_KNOTS((4,4),(2,2),(0.,1.),(0.,2.5),.UNSPECIFIED.)
GEOMETRIC_REPRESENTATION_ITEM()
RATIONAL_B_SPLINE_SURFACE(((1.,1.),(1.,1.),(1.,1.),(1.,1.)))
REPRESENTATION_ITEM('')
SURFACE()
);
#2638=(
BOUNDED_SURFACE()
B_SPLINE_SURFACE(3,1,((#3346,#3347),(#3348,#3349),(#3350,#3351),(#3352,
#3353)),.UNSPECIFIED.,.F.,.F.,.F.)
B_SPLINE_SURFACE_WITH_KNOTS((4,4),(2,2),(0.,1.),(0.,2.5),.UNSPECIFIED.)
GEOMETRIC_REPRESENTATION_ITEM()
RATIONAL_B_SPLINE_SURFACE(((1.,1.),(1.,1.),(1.,1.),(1.,1.)))
REPRESENTATION_ITEM('')
SURFACE()
);
#2639=(
BOUNDED_SURFACE()
B_SPLINE_SURFACE(3,1,((#3365,#3366),(#3367,#3368),(#3369,#3370),(#3371,
#3372)),.UNSPECIFIED.,.F.,.F.,.F.)
B_SPLINE_SURFACE_WITH_KNOTS((4,4),(2,2),(0.,1.),(0.,2.5),.UNSPECIFIED.)
GEOMETRIC_REPRESENTATION_ITEM()
RATIONAL_B_SPLINE_SURFACE(((1.,1.),(1.,1.),(1.,1.),(1.,1.)))
REPRESENTATION_ITEM('')
SURFACE()
);
#2640=(
BOUNDED_SURFACE()
B_SPLINE_SURFACE(3,1,((#3384,#3385),(#3386,#3387),(#3388,#3389),(#3390,
#3391)),.UNSPECIFIED.,.F.,.F.,.F.)
B_SPLINE_SURFACE_WITH_KNOTS((4,4),(2,2),(0.,1.),(0.,2.5),.UNSPECIFIED.)
GEOMETRIC_REPRESENTATION_ITEM()
RATIONAL_B_SPLINE_SURFACE(((1.,1.),(1.,1.),(1.,1.),(1.,1.)))
REPRESENTATION_ITEM('')
SURFACE()
);
#2641=(
BOUNDED_SURFACE()
B_SPLINE_SURFACE(3,1,((#3403,#3404),(#3405,#3406),(#3407,#3408),(#3409,
#3410)),.UNSPECIFIED.,.F.,.F.,.F.)
B_SPLINE_SURFACE_WITH_KNOTS((4,4),(2,2),(0.,1.),(0.,2.5),.UNSPECIFIED.)
GEOMETRIC_REPRESENTATION_ITEM()
RATIONAL_B_SPLINE_SURFACE(((1.,1.),(1.,1.),(1.,1.),(1.,1.)))
REPRESENTATION_ITEM('')
SURFACE()
);
#2642=(
BOUNDED_SURFACE()
B_SPLINE_SURFACE(3,1,((#3419,#3420),(#3421,#3422),(#3423,#3424),(#3425,
#3426)),.UNSPECIFIED.,.F.,.F.,.F.)
B_SPLINE_SURFACE_WITH_KNOTS((4,4),(2,2),(0.,1.),(0.,2.5),.UNSPECIFIED.)
GEOMETRIC_REPRESENTATION_ITEM()
RATIONAL_B_SPLINE_SURFACE(((1.,1.),(1.,1.),(1.,1.),(1.,1.)))
REPRESENTATION_ITEM('')
SURFACE()
);
#2643=(
BOUNDED_SURFACE()
B_SPLINE_SURFACE(3,1,((#3441,#3442),(#3443,#3444),(#3445,#3446),(#3447,
#3448)),.UNSPECIFIED.,.F.,.F.,.F.)
B_SPLINE_SURFACE_WITH_KNOTS((4,4),(2,2),(0.,1.),(0.,2.5),.UNSPECIFIED.)
GEOMETRIC_REPRESENTATION_ITEM()
RATIONAL_B_SPLINE_SURFACE(((1.,1.),(1.,1.),(1.,1.),(1.,1.)))
REPRESENTATION_ITEM('')
SURFACE()
);
#2644=(
BOUNDED_SURFACE()
B_SPLINE_SURFACE(3,1,((#3460,#3461),(#3462,#3463),(#3464,#3465),(#3466,
#3467)),.UNSPECIFIED.,.F.,.F.,.F.)
B_SPLINE_SURFACE_WITH_KNOTS((4,4),(2,2),(0.,1.),(0.,2.5),.UNSPECIFIED.)
GEOMETRIC_REPRESENTATION_ITEM()
RATIONAL_B_SPLINE_SURFACE(((1.,1.),(1.,1.),(1.,1.),(1.,1.)))
REPRESENTATION_ITEM('')
SURFACE()
);
#2645=(
BOUNDED_SURFACE()
B_SPLINE_SURFACE(3,1,((#3479,#3480),(#3481,#3482),(#3483,#3484),(#3485,
#3486)),.UNSPECIFIED.,.F.,.F.,.F.)
B_SPLINE_SURFACE_WITH_KNOTS((4,4),(2,2),(0.,1.),(0.,2.5),.UNSPECIFIED.)
GEOMETRIC_REPRESENTATION_ITEM()
RATIONAL_B_SPLINE_SURFACE(((1.,1.),(1.,1.),(1.,1.),(1.,1.)))
REPRESENTATION_ITEM('')
SURFACE()
);
#2646=(
BOUNDED_SURFACE()
B_SPLINE_SURFACE(3,1,((#3498,#3499),(#3500,#3501),(#3502,#3503),(#3504,
#3505)),.UNSPECIFIED.,.F.,.F.,.F.)
B_SPLINE_SURFACE_WITH_KNOTS((4,4),(2,2),(0.,1.),(0.,2.5),.UNSPECIFIED.)
GEOMETRIC_REPRESENTATION_ITEM()
RATIONAL_B_SPLINE_SURFACE(((1.,1.),(1.,1.),(1.,1.),(1.,1.)))
REPRESENTATION_ITEM('')
SURFACE()
);
#2647=(
BOUNDED_SURFACE()
B_SPLINE_SURFACE(3,1,((#3517,#3518),(#3519,#3520),(#3521,#3522),(#3523,
#3524)),.UNSPECIFIED.,.F.,.F.,.F.)
B_SPLINE_SURFACE_WITH_KNOTS((4,4),(2,2),(0.,1.),(0.,2.5),.UNSPECIFIED.)
GEOMETRIC_REPRESENTATION_ITEM()
RATIONAL_B_SPLINE_SURFACE(((1.,1.),(1.,1.),(1.,1.),(1.,1.)))
REPRESENTATION_ITEM('')
SURFACE()
);
#2648=(
BOUNDED_SURFACE()
B_SPLINE_SURFACE(3,1,((#3533,#3534),(#3535,#3536),(#3537,#3538),(#3539,
#3540)),.UNSPECIFIED.,.F.,.F.,.F.)
B_SPLINE_SURFACE_WITH_KNOTS((4,4),(2,2),(0.,1.),(0.,2.5),.UNSPECIFIED.)
GEOMETRIC_REPRESENTATION_ITEM()
RATIONAL_B_SPLINE_SURFACE(((1.,1.),(1.,1.),(1.,1.),(1.,1.)))
REPRESENTATION_ITEM('')
SURFACE()
);
#2649=(
BOUNDED_SURFACE()
B_SPLINE_SURFACE(3,1,((#3555,#3556),(#3557,#3558),(#3559,#3560),(#3561,
#3562)),.UNSPECIFIED.,.F.,.F.,.F.)
B_SPLINE_SURFACE_WITH_KNOTS((4,4),(2,2),(0.,1.),(0.,2.5),.UNSPECIFIED.)
GEOMETRIC_REPRESENTATION_ITEM()
RATIONAL_B_SPLINE_SURFACE(((1.,1.),(1.,1.),(1.,1.),(1.,1.)))
REPRESENTATION_ITEM('')
SURFACE()
);
#2650=(
BOUNDED_SURFACE()
B_SPLINE_SURFACE(3,1,((#3574,#3575),(#3576,#3577),(#3578,#3579),(#3580,
#3581)),.UNSPECIFIED.,.F.,.F.,.F.)
B_SPLINE_SURFACE_WITH_KNOTS((4,4),(2,2),(0.,1.),(0.,2.5),.UNSPECIFIED.)
GEOMETRIC_REPRESENTATION_ITEM()
RATIONAL_B_SPLINE_SURFACE(((1.,1.),(1.,1.),(1.,1.),(1.,1.)))
REPRESENTATION_ITEM('')
SURFACE()
);
#2651=(
BOUNDED_SURFACE()
B_SPLINE_SURFACE(3,1,((#3593,#3594),(#3595,#3596),(#3597,#3598),(#3599,
#3600)),.UNSPECIFIED.,.F.,.F.,.F.)
B_SPLINE_SURFACE_WITH_KNOTS((4,4),(2,2),(0.,1.),(0.,2.5),.UNSPECIFIED.)
GEOMETRIC_REPRESENTATION_ITEM()
RATIONAL_B_SPLINE_SURFACE(((1.,1.),(1.,1.),(1.,1.),(1.,1.)))
REPRESENTATION_ITEM('')
SURFACE()
);
#2652=(
BOUNDED_SURFACE()
B_SPLINE_SURFACE(3,1,((#3612,#3613),(#3614,#3615),(#3616,#3617),(#3618,
#3619)),.UNSPECIFIED.,.F.,.F.,.F.)
B_SPLINE_SURFACE_WITH_KNOTS((4,4),(2,2),(0.,1.),(0.,2.5),.UNSPECIFIED.)
GEOMETRIC_REPRESENTATION_ITEM()
RATIONAL_B_SPLINE_SURFACE(((1.,1.),(1.,1.),(1.,1.),(1.,1.)))
REPRESENTATION_ITEM('')
SURFACE()
);
#2653=(
BOUNDED_SURFACE()
B_SPLINE_SURFACE(3,1,((#3640,#3641),(#3642,#3643),(#3644,#3645),(#3646,
#3647)),.UNSPECIFIED.,.F.,.F.,.F.)
B_SPLINE_SURFACE_WITH_KNOTS((4,4),(2,2),(0.,1.),(0.,2.5),.UNSPECIFIED.)
GEOMETRIC_REPRESENTATION_ITEM()
RATIONAL_B_SPLINE_SURFACE(((1.,1.),(1.,1.),(1.,1.),(1.,1.)))
REPRESENTATION_ITEM('')
SURFACE()
);
#2654=(
BOUNDED_SURFACE()
B_SPLINE_SURFACE(3,1,((#3662,#3663),(#3664,#3665),(#3666,#3667),(#3668,
#3669)),.UNSPECIFIED.,.F.,.F.,.F.)
B_SPLINE_SURFACE_WITH_KNOTS((4,4),(2,2),(0.,1.),(0.,2.5),.UNSPECIFIED.)
GEOMETRIC_REPRESENTATION_ITEM()
RATIONAL_B_SPLINE_SURFACE(((1.,1.),(1.,1.),(1.,1.),(1.,1.)))
REPRESENTATION_ITEM('')
SURFACE()
);
#2655=(
BOUNDED_SURFACE()
B_SPLINE_SURFACE(3,1,((#3681,#3682),(#3683,#3684),(#3685,#3686),(#3687,
#3688)),.UNSPECIFIED.,.F.,.F.,.F.)
B_SPLINE_SURFACE_WITH_KNOTS((4,4),(2,2),(0.,1.),(0.,2.5),.UNSPECIFIED.)
GEOMETRIC_REPRESENTATION_ITEM()
RATIONAL_B_SPLINE_SURFACE(((1.,1.),(1.,1.),(1.,1.),(1.,1.)))
REPRESENTATION_ITEM('')
SURFACE()
);
#2656=(
BOUNDED_SURFACE()
B_SPLINE_SURFACE(3,1,((#3700,#3701),(#3702,#3703),(#3704,#3705),(#3706,
#3707)),.UNSPECIFIED.,.F.,.F.,.F.)
B_SPLINE_SURFACE_WITH_KNOTS((4,4),(2,2),(0.,1.),(0.,2.5),.UNSPECIFIED.)
GEOMETRIC_REPRESENTATION_ITEM()
RATIONAL_B_SPLINE_SURFACE(((1.,1.),(1.,1.),(1.,1.),(1.,1.)))
REPRESENTATION_ITEM('')
SURFACE()
);
#2657=(
BOUNDED_SURFACE()
B_SPLINE_SURFACE(3,1,((#3719,#3720),(#3721,#3722),(#3723,#3724),(#3725,
#3726)),.UNSPECIFIED.,.F.,.F.,.F.)
B_SPLINE_SURFACE_WITH_KNOTS((4,4),(2,2),(0.,1.),(0.,2.5),.UNSPECIFIED.)
GEOMETRIC_REPRESENTATION_ITEM()
RATIONAL_B_SPLINE_SURFACE(((1.,1.),(1.,1.),(1.,1.),(1.,1.)))
REPRESENTATION_ITEM('')
SURFACE()
);
#2658=(
BOUNDED_SURFACE()
B_SPLINE_SURFACE(3,1,((#3738,#3739),(#3740,#3741),(#3742,#3743),(#3744,
#3745)),.UNSPECIFIED.,.F.,.F.,.F.)
B_SPLINE_SURFACE_WITH_KNOTS((4,4),(2,2),(0.,1.),(0.,2.5),.UNSPECIFIED.)
GEOMETRIC_REPRESENTATION_ITEM()
RATIONAL_B_SPLINE_SURFACE(((1.,1.),(1.,1.),(1.,1.),(1.,1.)))
REPRESENTATION_ITEM('')
SURFACE()
);
#2659=(
BOUNDED_SURFACE()
B_SPLINE_SURFACE(3,1,((#3757,#3758),(#3759,#3760),(#3761,#3762),(#3763,
#3764)),.UNSPECIFIED.,.F.,.F.,.F.)
B_SPLINE_SURFACE_WITH_KNOTS((4,4),(2,2),(0.,1.),(0.,2.5),.UNSPECIFIED.)
GEOMETRIC_REPRESENTATION_ITEM()
RATIONAL_B_SPLINE_SURFACE(((1.,1.),(1.,1.),(1.,1.),(1.,1.)))
REPRESENTATION_ITEM('')
SURFACE()
);
#2660=(
BOUNDED_SURFACE()
B_SPLINE_SURFACE(3,1,((#3776,#3777),(#3778,#3779),(#3780,#3781),(#3782,
#3783)),.UNSPECIFIED.,.F.,.F.,.F.)
B_SPLINE_SURFACE_WITH_KNOTS((4,4),(2,2),(0.,1.),(0.,2.5),.UNSPECIFIED.)
GEOMETRIC_REPRESENTATION_ITEM()
RATIONAL_B_SPLINE_SURFACE(((1.,1.),(1.,1.),(1.,1.),(1.,1.)))
REPRESENTATION_ITEM('')
SURFACE()
);
#2661=(
BOUNDED_SURFACE()
B_SPLINE_SURFACE(3,1,((#3795,#3796),(#3797,#3798),(#3799,#3800),(#3801,
#3802)),.UNSPECIFIED.,.F.,.F.,.F.)
B_SPLINE_SURFACE_WITH_KNOTS((4,4),(2,2),(0.,1.),(0.,2.5),.UNSPECIFIED.)
GEOMETRIC_REPRESENTATION_ITEM()
RATIONAL_B_SPLINE_SURFACE(((1.,1.),(1.,1.),(1.,1.),(1.,1.)))
REPRESENTATION_ITEM('')
SURFACE()
);
#2662=(
BOUNDED_SURFACE()
B_SPLINE_SURFACE(3,1,((#3814,#3815),(#3816,#3817),(#3818,#3819),(#3820,
#3821)),.UNSPECIFIED.,.F.,.F.,.F.)
B_SPLINE_SURFACE_WITH_KNOTS((4,4),(2,2),(0.,1.),(0.,2.5),.UNSPECIFIED.)
GEOMETRIC_REPRESENTATION_ITEM()
RATIONAL_B_SPLINE_SURFACE(((1.,1.),(1.,1.),(1.,1.),(1.,1.)))
REPRESENTATION_ITEM('')
SURFACE()
);
#2663=(
BOUNDED_SURFACE()
B_SPLINE_SURFACE(3,1,((#3833,#3834),(#3835,#3836),(#3837,#3838),(#3839,
#3840)),.UNSPECIFIED.,.F.,.F.,.F.)
B_SPLINE_SURFACE_WITH_KNOTS((4,4),(2,2),(0.,1.),(0.,2.5),.UNSPECIFIED.)
GEOMETRIC_REPRESENTATION_ITEM()
RATIONAL_B_SPLINE_SURFACE(((1.,1.),(1.,1.),(1.,1.),(1.,1.)))
REPRESENTATION_ITEM('')
SURFACE()
);
#2664=(
BOUNDED_SURFACE()
B_SPLINE_SURFACE(3,1,((#3861,#3862),(#3863,#3864),(#3865,#3866),(#3867,
#3868)),.UNSPECIFIED.,.F.,.F.,.F.)
B_SPLINE_SURFACE_WITH_KNOTS((4,4),(2,2),(0.,1.),(0.,2.5),.UNSPECIFIED.)
GEOMETRIC_REPRESENTATION_ITEM()
RATIONAL_B_SPLINE_SURFACE(((1.,1.),(1.,1.),(1.,1.),(1.,1.)))
REPRESENTATION_ITEM('')
SURFACE()
);
#2665=(
BOUNDED_SURFACE()
B_SPLINE_SURFACE(3,1,((#3883,#3884),(#3885,#3886),(#3887,#3888),(#3889,
#3890)),.UNSPECIFIED.,.F.,.F.,.F.)
B_SPLINE_SURFACE_WITH_KNOTS((4,4),(2,2),(0.,1.),(0.,2.5),.UNSPECIFIED.)
GEOMETRIC_REPRESENTATION_ITEM()
RATIONAL_B_SPLINE_SURFACE(((1.,1.),(1.,1.),(1.,1.),(1.,1.)))
REPRESENTATION_ITEM('')
SURFACE()
);
#2666=(
BOUNDED_SURFACE()
B_SPLINE_SURFACE(3,1,((#3902,#3903),(#3904,#3905),(#3906,#3907),(#3908,
#3909)),.UNSPECIFIED.,.F.,.F.,.F.)
B_SPLINE_SURFACE_WITH_KNOTS((4,4),(2,2),(0.,1.),(0.,2.5),.UNSPECIFIED.)
GEOMETRIC_REPRESENTATION_ITEM()
RATIONAL_B_SPLINE_SURFACE(((1.,1.),(1.,1.),(1.,1.),(1.,1.)))
REPRESENTATION_ITEM('')
SURFACE()
);
#2667=(
BOUNDED_SURFACE()
B_SPLINE_SURFACE(3,1,((#3921,#3922),(#3923,#3924),(#3925,#3926),(#3927,
#3928)),.UNSPECIFIED.,.F.,.F.,.F.)
B_SPLINE_SURFACE_WITH_KNOTS((4,4),(2,2),(0.,1.),(0.,2.5),.UNSPECIFIED.)
GEOMETRIC_REPRESENTATION_ITEM()
RATIONAL_B_SPLINE_SURFACE(((1.,1.),(1.,1.),(1.,1.),(1.,1.)))
REPRESENTATION_ITEM('')
SURFACE()
);
#2668=(
BOUNDED_SURFACE()
B_SPLINE_SURFACE(3,1,((#3940,#3941),(#3942,#3943),(#3944,#3945),(#3946,
#3947)),.UNSPECIFIED.,.F.,.F.,.F.)
B_SPLINE_SURFACE_WITH_KNOTS((4,4),(2,2),(0.,1.),(0.,2.5),.UNSPECIFIED.)
GEOMETRIC_REPRESENTATION_ITEM()
RATIONAL_B_SPLINE_SURFACE(((1.,1.),(1.,1.),(1.,1.),(1.,1.)))
REPRESENTATION_ITEM('')
SURFACE()
);
#2669=(
BOUNDED_SURFACE()
B_SPLINE_SURFACE(3,1,((#3959,#3960),(#3961,#3962),(#3963,#3964),(#3965,
#3966)),.UNSPECIFIED.,.F.,.F.,.F.)
B_SPLINE_SURFACE_WITH_KNOTS((4,4),(2,2),(0.,1.),(0.,2.5),.UNSPECIFIED.)
GEOMETRIC_REPRESENTATION_ITEM()
RATIONAL_B_SPLINE_SURFACE(((1.,1.),(1.,1.),(1.,1.),(1.,1.)))
REPRESENTATION_ITEM('')
SURFACE()
);
#2670=(
BOUNDED_SURFACE()
B_SPLINE_SURFACE(3,1,((#3978,#3979),(#3980,#3981),(#3982,#3983),(#3984,
#3985)),.UNSPECIFIED.,.F.,.F.,.F.)
B_SPLINE_SURFACE_WITH_KNOTS((4,4),(2,2),(0.,1.),(0.,2.5),.UNSPECIFIED.)
GEOMETRIC_REPRESENTATION_ITEM()
RATIONAL_B_SPLINE_SURFACE(((1.,1.),(1.,1.),(1.,1.),(1.,1.)))
REPRESENTATION_ITEM('')
SURFACE()
);
#2671=(
BOUNDED_SURFACE()
B_SPLINE_SURFACE(3,1,((#3997,#3998),(#3999,#4000),(#4001,#4002),(#4003,
#4004)),.UNSPECIFIED.,.F.,.F.,.F.)
B_SPLINE_SURFACE_WITH_KNOTS((4,4),(2,2),(0.,1.),(0.,2.5),.UNSPECIFIED.)
GEOMETRIC_REPRESENTATION_ITEM()
RATIONAL_B_SPLINE_SURFACE(((1.,1.),(1.,1.),(1.,1.),(1.,1.)))
REPRESENTATION_ITEM('')
SURFACE()
);
#2672=(
BOUNDED_SURFACE()
B_SPLINE_SURFACE(3,1,((#4016,#4017),(#4018,#4019),(#4020,#4021),(#4022,
#4023)),.UNSPECIFIED.,.F.,.F.,.F.)
B_SPLINE_SURFACE_WITH_KNOTS((4,4),(2,2),(0.,1.),(0.,2.5),.UNSPECIFIED.)
GEOMETRIC_REPRESENTATION_ITEM()
RATIONAL_B_SPLINE_SURFACE(((1.,1.),(1.,1.),(1.,1.),(1.,1.)))
REPRESENTATION_ITEM('')
SURFACE()
);
#2673=(
BOUNDED_SURFACE()
B_SPLINE_SURFACE(3,1,((#4035,#4036),(#4037,#4038),(#4039,#4040),(#4041,
#4042)),.UNSPECIFIED.,.F.,.F.,.F.)
B_SPLINE_SURFACE_WITH_KNOTS((4,4),(2,2),(0.,1.),(0.,2.5),.UNSPECIFIED.)
GEOMETRIC_REPRESENTATION_ITEM()
RATIONAL_B_SPLINE_SURFACE(((1.,1.),(1.,1.),(1.,1.),(1.,1.)))
REPRESENTATION_ITEM('')
SURFACE()
);
#2674=(
BOUNDED_SURFACE()
B_SPLINE_SURFACE(3,1,((#4054,#4055),(#4056,#4057),(#4058,#4059),(#4060,
#4061)),.UNSPECIFIED.,.F.,.F.,.F.)
B_SPLINE_SURFACE_WITH_KNOTS((4,4),(2,2),(0.,1.),(0.,2.5),.UNSPECIFIED.)
GEOMETRIC_REPRESENTATION_ITEM()
RATIONAL_B_SPLINE_SURFACE(((1.,1.),(1.,1.),(1.,1.),(1.,1.)))
REPRESENTATION_ITEM('')
SURFACE()
);
#2675=(
BOUNDED_SURFACE()
B_SPLINE_SURFACE(3,1,((#4070,#4071),(#4072,#4073),(#4074,#4075),(#4076,
#4077)),.UNSPECIFIED.,.F.,.F.,.F.)
B_SPLINE_SURFACE_WITH_KNOTS((4,4),(2,2),(0.,1.),(0.,2.5),.UNSPECIFIED.)
GEOMETRIC_REPRESENTATION_ITEM()
RATIONAL_B_SPLINE_SURFACE(((1.,1.),(1.,1.),(1.,1.),(1.,1.)))
REPRESENTATION_ITEM('')
SURFACE()
);
#2676=(
BOUNDED_SURFACE()
B_SPLINE_SURFACE(3,1,((#4104,#4105),(#4106,#4107),(#4108,#4109),(#4110,
#4111)),.UNSPECIFIED.,.F.,.F.,.F.)
B_SPLINE_SURFACE_WITH_KNOTS((4,4),(2,2),(0.,1.),(0.,2.5),.UNSPECIFIED.)
GEOMETRIC_REPRESENTATION_ITEM()
RATIONAL_B_SPLINE_SURFACE(((1.,1.),(1.,1.),(1.,1.),(1.,1.)))
REPRESENTATION_ITEM('')
SURFACE()
);
#2677=(
BOUNDED_SURFACE()
B_SPLINE_SURFACE(3,1,((#4135,#4136),(#4137,#4138),(#4139,#4140),(#4141,
#4142)),.UNSPECIFIED.,.F.,.F.,.F.)
B_SPLINE_SURFACE_WITH_KNOTS((4,4),(2,2),(0.,1.),(0.,2.5),.UNSPECIFIED.)
GEOMETRIC_REPRESENTATION_ITEM()
RATIONAL_B_SPLINE_SURFACE(((1.,1.),(1.,1.),(1.,1.),(1.,1.)))
REPRESENTATION_ITEM('')
SURFACE()
);
#2678=(
BOUNDED_SURFACE()
B_SPLINE_SURFACE(3,1,((#4154,#4155),(#4156,#4157),(#4158,#4159),(#4160,
#4161)),.UNSPECIFIED.,.F.,.F.,.F.)
B_SPLINE_SURFACE_WITH_KNOTS((4,4),(2,2),(0.,1.),(0.,2.5),.UNSPECIFIED.)
GEOMETRIC_REPRESENTATION_ITEM()
RATIONAL_B_SPLINE_SURFACE(((1.,1.),(1.,1.),(1.,1.),(1.,1.)))
REPRESENTATION_ITEM('')
SURFACE()
);
#2679=(
BOUNDED_SURFACE()
B_SPLINE_SURFACE(3,1,((#4173,#4174),(#4175,#4176),(#4177,#4178),(#4179,
#4180)),.UNSPECIFIED.,.F.,.F.,.F.)
B_SPLINE_SURFACE_WITH_KNOTS((4,4),(2,2),(0.,1.),(0.,2.5),.UNSPECIFIED.)
GEOMETRIC_REPRESENTATION_ITEM()
RATIONAL_B_SPLINE_SURFACE(((1.,1.),(1.,1.),(1.,1.),(1.,1.)))
REPRESENTATION_ITEM('')
SURFACE()
);
#2680=(
BOUNDED_SURFACE()
B_SPLINE_SURFACE(3,1,((#4192,#4193),(#4194,#4195),(#4196,#4197),(#4198,
#4199)),.UNSPECIFIED.,.F.,.F.,.F.)
B_SPLINE_SURFACE_WITH_KNOTS((4,4),(2,2),(0.,1.),(0.,2.5),.UNSPECIFIED.)
GEOMETRIC_REPRESENTATION_ITEM()
RATIONAL_B_SPLINE_SURFACE(((1.,1.),(1.,1.),(1.,1.),(1.,1.)))
REPRESENTATION_ITEM('')
SURFACE()
);
#2681=(
BOUNDED_SURFACE()
B_SPLINE_SURFACE(3,1,((#4211,#4212),(#4213,#4214),(#4215,#4216),(#4217,
#4218)),.UNSPECIFIED.,.F.,.F.,.F.)
B_SPLINE_SURFACE_WITH_KNOTS((4,4),(2,2),(0.,1.),(0.,2.5),.UNSPECIFIED.)
GEOMETRIC_REPRESENTATION_ITEM()
RATIONAL_B_SPLINE_SURFACE(((1.,1.),(1.,1.),(1.,1.),(1.,1.)))
REPRESENTATION_ITEM('')
SURFACE()
);
#2682=(
BOUNDED_SURFACE()
B_SPLINE_SURFACE(3,1,((#4227,#4228),(#4229,#4230),(#4231,#4232),(#4233,
#4234)),.UNSPECIFIED.,.F.,.F.,.F.)
B_SPLINE_SURFACE_WITH_KNOTS((4,4),(2,2),(0.,1.),(0.,2.5),.UNSPECIFIED.)
GEOMETRIC_REPRESENTATION_ITEM()
RATIONAL_B_SPLINE_SURFACE(((1.,1.),(1.,1.),(1.,1.),(1.,1.)))
REPRESENTATION_ITEM('')
SURFACE()
);
#2683=(
BOUNDED_SURFACE()
B_SPLINE_SURFACE(3,1,((#4249,#4250),(#4251,#4252),(#4253,#4254),(#4255,
#4256)),.UNSPECIFIED.,.F.,.F.,.F.)
B_SPLINE_SURFACE_WITH_KNOTS((4,4),(2,2),(0.,1.),(0.,2.5),.UNSPECIFIED.)
GEOMETRIC_REPRESENTATION_ITEM()
RATIONAL_B_SPLINE_SURFACE(((1.,1.),(1.,1.),(1.,1.),(1.,1.)))
REPRESENTATION_ITEM('')
SURFACE()
);
#2684=(
BOUNDED_SURFACE()
B_SPLINE_SURFACE(3,1,((#4268,#4269),(#4270,#4271),(#4272,#4273),(#4274,
#4275)),.UNSPECIFIED.,.F.,.F.,.F.)
B_SPLINE_SURFACE_WITH_KNOTS((4,4),(2,2),(0.,1.),(0.,2.5),.UNSPECIFIED.)
GEOMETRIC_REPRESENTATION_ITEM()
RATIONAL_B_SPLINE_SURFACE(((1.,1.),(1.,1.),(1.,1.),(1.,1.)))
REPRESENTATION_ITEM('')
SURFACE()
);
#2685=(
BOUNDED_SURFACE()
B_SPLINE_SURFACE(3,1,((#4287,#4288),(#4289,#4290),(#4291,#4292),(#4293,
#4294)),.UNSPECIFIED.,.F.,.F.,.F.)
B_SPLINE_SURFACE_WITH_KNOTS((4,4),(2,2),(0.,1.),(0.,2.5),.UNSPECIFIED.)
GEOMETRIC_REPRESENTATION_ITEM()
RATIONAL_B_SPLINE_SURFACE(((1.,1.),(1.,1.),(1.,1.),(1.,1.)))
REPRESENTATION_ITEM('')
SURFACE()
);
#2686=(
BOUNDED_SURFACE()
B_SPLINE_SURFACE(3,1,((#4306,#4307),(#4308,#4309),(#4310,#4311),(#4312,
#4313)),.UNSPECIFIED.,.F.,.F.,.F.)
B_SPLINE_SURFACE_WITH_KNOTS((4,4),(2,2),(0.,1.),(0.,2.5),.UNSPECIFIED.)
GEOMETRIC_REPRESENTATION_ITEM()
RATIONAL_B_SPLINE_SURFACE(((1.,1.),(1.,1.),(1.,1.),(1.,1.)))
REPRESENTATION_ITEM('')
SURFACE()
);
#2687=(
BOUNDED_SURFACE()
B_SPLINE_SURFACE(3,1,((#4325,#4326),(#4327,#4328),(#4329,#4330),(#4331,
#4332)),.UNSPECIFIED.,.F.,.F.,.F.)
B_SPLINE_SURFACE_WITH_KNOTS((4,4),(2,2),(0.,1.),(0.,2.5),.UNSPECIFIED.)
GEOMETRIC_REPRESENTATION_ITEM()
RATIONAL_B_SPLINE_SURFACE(((1.,1.),(1.,1.),(1.,1.),(1.,1.)))
REPRESENTATION_ITEM('')
SURFACE()
);
#2688=(
BOUNDED_SURFACE()
B_SPLINE_SURFACE(3,1,((#4341,#4342),(#4343,#4344),(#4345,#4346),(#4347,
#4348)),.UNSPECIFIED.,.F.,.F.,.F.)
B_SPLINE_SURFACE_WITH_KNOTS((4,4),(2,2),(0.,1.),(0.,2.5),.UNSPECIFIED.)
GEOMETRIC_REPRESENTATION_ITEM()
RATIONAL_B_SPLINE_SURFACE(((1.,1.),(1.,1.),(1.,1.),(1.,1.)))
REPRESENTATION_ITEM('')
SURFACE()
);
#2689=(
BOUNDED_SURFACE()
B_SPLINE_SURFACE(3,1,((#4363,#4364),(#4365,#4366),(#4367,#4368),(#4369,
#4370)),.UNSPECIFIED.,.F.,.F.,.F.)
B_SPLINE_SURFACE_WITH_KNOTS((4,4),(2,2),(0.,1.),(0.,2.5),.UNSPECIFIED.)
GEOMETRIC_REPRESENTATION_ITEM()
RATIONAL_B_SPLINE_SURFACE(((1.,1.),(1.,1.),(1.,1.),(1.,1.)))
REPRESENTATION_ITEM('')
SURFACE()
);
#2690=(
BOUNDED_SURFACE()
B_SPLINE_SURFACE(3,1,((#4382,#4383),(#4384,#4385),(#4386,#4387),(#4388,
#4389)),.UNSPECIFIED.,.F.,.F.,.F.)
B_SPLINE_SURFACE_WITH_KNOTS((4,4),(2,2),(0.,1.),(0.,2.5),.UNSPECIFIED.)
GEOMETRIC_REPRESENTATION_ITEM()
RATIONAL_B_SPLINE_SURFACE(((1.,1.),(1.,1.),(1.,1.),(1.,1.)))
REPRESENTATION_ITEM('')
SURFACE()
);
#2691=(
BOUNDED_SURFACE()
B_SPLINE_SURFACE(3,1,((#4401,#4402),(#4403,#4404),(#4405,#4406),(#4407,
#4408)),.UNSPECIFIED.,.F.,.F.,.F.)
B_SPLINE_SURFACE_WITH_KNOTS((4,4),(2,2),(0.,1.),(0.,2.5),.UNSPECIFIED.)
GEOMETRIC_REPRESENTATION_ITEM()
RATIONAL_B_SPLINE_SURFACE(((1.,1.),(1.,1.),(1.,1.),(1.,1.)))
REPRESENTATION_ITEM('')
SURFACE()
);
#2692=(
BOUNDED_SURFACE()
B_SPLINE_SURFACE(3,1,((#4420,#4421),(#4422,#4423),(#4424,#4425),(#4426,
#4427)),.UNSPECIFIED.,.F.,.F.,.F.)
B_SPLINE_SURFACE_WITH_KNOTS((4,4),(2,2),(0.,1.),(0.,2.5),.UNSPECIFIED.)
GEOMETRIC_REPRESENTATION_ITEM()
RATIONAL_B_SPLINE_SURFACE(((1.,1.),(1.,1.),(1.,1.),(1.,1.)))
REPRESENTATION_ITEM('')
SURFACE()
);
#2693=(
BOUNDED_SURFACE()
B_SPLINE_SURFACE(3,1,((#4439,#4440),(#4441,#4442),(#4443,#4444),(#4445,
#4446)),.UNSPECIFIED.,.F.,.F.,.F.)
B_SPLINE_SURFACE_WITH_KNOTS((4,4),(2,2),(0.,1.),(0.,2.5),.UNSPECIFIED.)
GEOMETRIC_REPRESENTATION_ITEM()
RATIONAL_B_SPLINE_SURFACE(((1.,1.),(1.,1.),(1.,1.),(1.,1.)))
REPRESENTATION_ITEM('')
SURFACE()
);
#2694=(
BOUNDED_SURFACE()
B_SPLINE_SURFACE(3,1,((#4470,#4471),(#4472,#4473),(#4474,#4475),(#4476,
#4477)),.UNSPECIFIED.,.F.,.F.,.F.)
B_SPLINE_SURFACE_WITH_KNOTS((4,4),(2,2),(0.,1.),(0.,2.5),.UNSPECIFIED.)
GEOMETRIC_REPRESENTATION_ITEM()
RATIONAL_B_SPLINE_SURFACE(((1.,1.),(1.,1.),(1.,1.),(1.,1.)))
REPRESENTATION_ITEM('')
SURFACE()
);
#2695=(
BOUNDED_SURFACE()
B_SPLINE_SURFACE(3,1,((#4498,#4499),(#4500,#4501),(#4502,#4503),(#4504,
#4505)),.UNSPECIFIED.,.F.,.F.,.F.)
B_SPLINE_SURFACE_WITH_KNOTS((4,4),(2,2),(-1.,0.),(0.,2.5),.UNSPECIFIED.)
GEOMETRIC_REPRESENTATION_ITEM()
RATIONAL_B_SPLINE_SURFACE(((1.,1.),(1.,1.),(1.,1.),(1.,1.)))
REPRESENTATION_ITEM('')
SURFACE()
);
#2696=(
BOUNDED_SURFACE()
B_SPLINE_SURFACE(3,1,((#4520,#4521),(#4522,#4523),(#4524,#4525),(#4526,
#4527)),.UNSPECIFIED.,.F.,.F.,.F.)
B_SPLINE_SURFACE_WITH_KNOTS((4,4),(2,2),(-1.,0.),(0.,2.5),.UNSPECIFIED.)
GEOMETRIC_REPRESENTATION_ITEM()
RATIONAL_B_SPLINE_SURFACE(((1.,1.),(1.,1.),(1.,1.),(1.,1.)))
REPRESENTATION_ITEM('')
SURFACE()
);
#2697=(
BOUNDED_SURFACE()
B_SPLINE_SURFACE(3,1,((#4539,#4540),(#4541,#4542),(#4543,#4544),(#4545,
#4546)),.UNSPECIFIED.,.F.,.F.,.F.)
B_SPLINE_SURFACE_WITH_KNOTS((4,4),(2,2),(-1.,0.),(0.,2.5),.UNSPECIFIED.)
GEOMETRIC_REPRESENTATION_ITEM()
RATIONAL_B_SPLINE_SURFACE(((1.,1.),(1.,1.),(1.,1.),(1.,1.)))
REPRESENTATION_ITEM('')
SURFACE()
);
#2698=(
BOUNDED_SURFACE()
B_SPLINE_SURFACE(3,1,((#4558,#4559),(#4560,#4561),(#4562,#4563),(#4564,
#4565)),.UNSPECIFIED.,.F.,.F.,.F.)
B_SPLINE_SURFACE_WITH_KNOTS((4,4),(2,2),(-1.,0.),(0.,2.5),.UNSPECIFIED.)
GEOMETRIC_REPRESENTATION_ITEM()
RATIONAL_B_SPLINE_SURFACE(((1.,1.),(1.,1.),(1.,1.),(1.,1.)))
REPRESENTATION_ITEM('')
SURFACE()
);
#2699=(
BOUNDED_SURFACE()
B_SPLINE_SURFACE(3,1,((#4577,#4578),(#4579,#4580),(#4581,#4582),(#4583,
#4584)),.UNSPECIFIED.,.F.,.F.,.F.)
B_SPLINE_SURFACE_WITH_KNOTS((4,4),(2,2),(-1.,0.),(0.,2.5),.UNSPECIFIED.)
GEOMETRIC_REPRESENTATION_ITEM()
RATIONAL_B_SPLINE_SURFACE(((1.,1.),(1.,1.),(1.,1.),(1.,1.)))
REPRESENTATION_ITEM('')
SURFACE()
);
#2700=(
BOUNDED_SURFACE()
B_SPLINE_SURFACE(3,1,((#4596,#4597),(#4598,#4599),(#4600,#4601),(#4602,
#4603)),.UNSPECIFIED.,.F.,.F.,.F.)
B_SPLINE_SURFACE_WITH_KNOTS((4,4),(2,2),(-1.,0.),(0.,2.5),.UNSPECIFIED.)
GEOMETRIC_REPRESENTATION_ITEM()
RATIONAL_B_SPLINE_SURFACE(((1.,1.),(1.,1.),(1.,1.),(1.,1.)))
REPRESENTATION_ITEM('')
SURFACE()
);
#2701=(
BOUNDED_SURFACE()
B_SPLINE_SURFACE(3,1,((#4615,#4616),(#4617,#4618),(#4619,#4620),(#4621,
#4622)),.UNSPECIFIED.,.F.,.F.,.F.)
B_SPLINE_SURFACE_WITH_KNOTS((4,4),(2,2),(-1.,0.),(0.,2.5),.UNSPECIFIED.)
GEOMETRIC_REPRESENTATION_ITEM()
RATIONAL_B_SPLINE_SURFACE(((1.,1.),(1.,1.),(1.,1.),(1.,1.)))
REPRESENTATION_ITEM('')
SURFACE()
);
#2702=(
BOUNDED_SURFACE()
B_SPLINE_SURFACE(3,1,((#4634,#4635),(#4636,#4637),(#4638,#4639),(#4640,
#4641)),.UNSPECIFIED.,.F.,.F.,.F.)
B_SPLINE_SURFACE_WITH_KNOTS((4,4),(2,2),(-1.,0.),(0.,2.5),.UNSPECIFIED.)
GEOMETRIC_REPRESENTATION_ITEM()
RATIONAL_B_SPLINE_SURFACE(((1.,1.),(1.,1.),(1.,1.),(1.,1.)))
REPRESENTATION_ITEM('')
SURFACE()
);
#2703=(
BOUNDED_SURFACE()
B_SPLINE_SURFACE(3,1,((#4653,#4654),(#4655,#4656),(#4657,#4658),(#4659,
#4660)),.UNSPECIFIED.,.F.,.F.,.F.)
B_SPLINE_SURFACE_WITH_KNOTS((4,4),(2,2),(-1.,0.),(0.,2.5),.UNSPECIFIED.)
GEOMETRIC_REPRESENTATION_ITEM()
RATIONAL_B_SPLINE_SURFACE(((1.,1.),(1.,1.),(1.,1.),(1.,1.)))
REPRESENTATION_ITEM('')
SURFACE()
);
#2704=(
BOUNDED_SURFACE()
B_SPLINE_SURFACE(3,1,((#4669,#4670),(#4671,#4672),(#4673,#4674),(#4675,
#4676)),.UNSPECIFIED.,.F.,.F.,.F.)
B_SPLINE_SURFACE_WITH_KNOTS((4,4),(2,2),(0.,1.),(0.,2.5),.UNSPECIFIED.)
GEOMETRIC_REPRESENTATION_ITEM()
RATIONAL_B_SPLINE_SURFACE(((1.,1.),(1.,1.),(1.,1.),(1.,1.)))
REPRESENTATION_ITEM('')
SURFACE()
);
#2705=(
BOUNDED_SURFACE()
B_SPLINE_SURFACE(3,1,((#4691,#4692),(#4693,#4694),(#4695,#4696),(#4697,
#4698)),.UNSPECIFIED.,.F.,.F.,.F.)
B_SPLINE_SURFACE_WITH_KNOTS((4,4),(2,2),(0.,1.),(0.,2.5),.UNSPECIFIED.)
GEOMETRIC_REPRESENTATION_ITEM()
RATIONAL_B_SPLINE_SURFACE(((1.,1.),(1.,1.),(1.,1.),(1.,1.)))
REPRESENTATION_ITEM('')
SURFACE()
);
#2706=(
BOUNDED_SURFACE()
B_SPLINE_SURFACE(3,1,((#4710,#4711),(#4712,#4713),(#4714,#4715),(#4716,
#4717)),.UNSPECIFIED.,.F.,.F.,.F.)
B_SPLINE_SURFACE_WITH_KNOTS((4,4),(2,2),(0.,1.),(0.,2.5),.UNSPECIFIED.)
GEOMETRIC_REPRESENTATION_ITEM()
RATIONAL_B_SPLINE_SURFACE(((1.,1.),(1.,1.),(1.,1.),(1.,1.)))
REPRESENTATION_ITEM('')
SURFACE()
);
#2707=(
BOUNDED_SURFACE()
B_SPLINE_SURFACE(3,1,((#4729,#4730),(#4731,#4732),(#4733,#4734),(#4735,
#4736)),.UNSPECIFIED.,.F.,.F.,.F.)
B_SPLINE_SURFACE_WITH_KNOTS((4,4),(2,2),(0.,1.),(0.,2.5),.UNSPECIFIED.)
GEOMETRIC_REPRESENTATION_ITEM()
RATIONAL_B_SPLINE_SURFACE(((1.,1.),(1.,1.),(1.,1.),(1.,1.)))
REPRESENTATION_ITEM('')
SURFACE()
);
#2708=(
BOUNDED_SURFACE()
B_SPLINE_SURFACE(3,1,((#4748,#4749),(#4750,#4751),(#4752,#4753),(#4754,
#4755)),.UNSPECIFIED.,.F.,.F.,.F.)
B_SPLINE_SURFACE_WITH_KNOTS((4,4),(2,2),(0.,1.),(0.,2.5),.UNSPECIFIED.)
GEOMETRIC_REPRESENTATION_ITEM()
RATIONAL_B_SPLINE_SURFACE(((1.,1.),(1.,1.),(1.,1.),(1.,1.)))
REPRESENTATION_ITEM('')
SURFACE()
);
#2709=(
BOUNDED_SURFACE()
B_SPLINE_SURFACE(3,1,((#4779,#4780),(#4781,#4782),(#4783,#4784),(#4785,
#4786)),.UNSPECIFIED.,.F.,.F.,.F.)
B_SPLINE_SURFACE_WITH_KNOTS((4,4),(2,2),(0.,1.),(0.,2.5),.UNSPECIFIED.)
GEOMETRIC_REPRESENTATION_ITEM()
RATIONAL_B_SPLINE_SURFACE(((1.,1.),(1.,1.),(1.,1.),(1.,1.)))
REPRESENTATION_ITEM('')
SURFACE()
);
#2710=(
BOUNDED_SURFACE()
B_SPLINE_SURFACE(3,1,((#4798,#4799),(#4800,#4801),(#4802,#4803),(#4804,
#4805)),.UNSPECIFIED.,.F.,.F.,.F.)
B_SPLINE_SURFACE_WITH_KNOTS((4,4),(2,2),(0.,1.),(0.,2.5),.UNSPECIFIED.)
GEOMETRIC_REPRESENTATION_ITEM()
RATIONAL_B_SPLINE_SURFACE(((1.,1.),(1.,1.),(1.,1.),(1.,1.)))
REPRESENTATION_ITEM('')
SURFACE()
);
#2711=(
BOUNDED_SURFACE()
B_SPLINE_SURFACE(3,1,((#4817,#4818),(#4819,#4820),(#4821,#4822),(#4823,
#4824)),.UNSPECIFIED.,.F.,.F.,.F.)
B_SPLINE_SURFACE_WITH_KNOTS((4,4),(2,2),(0.,1.),(0.,2.5),.UNSPECIFIED.)
GEOMETRIC_REPRESENTATION_ITEM()
RATIONAL_B_SPLINE_SURFACE(((1.,1.),(1.,1.),(1.,1.),(1.,1.)))
REPRESENTATION_ITEM('')
SURFACE()
);
#2712=(
BOUNDED_SURFACE()
B_SPLINE_SURFACE(3,1,((#4836,#4837),(#4838,#4839),(#4840,#4841),(#4842,
#4843)),.UNSPECIFIED.,.F.,.F.,.F.)
B_SPLINE_SURFACE_WITH_KNOTS((4,4),(2,2),(0.,1.),(0.,2.5),.UNSPECIFIED.)
GEOMETRIC_REPRESENTATION_ITEM()
RATIONAL_B_SPLINE_SURFACE(((1.,1.),(1.,1.),(1.,1.),(1.,1.)))
REPRESENTATION_ITEM('')
SURFACE()
);
#2713=(
BOUNDED_SURFACE()
B_SPLINE_SURFACE(3,1,((#4855,#4856),(#4857,#4858),(#4859,#4860),(#4861,
#4862)),.UNSPECIFIED.,.F.,.F.,.F.)
B_SPLINE_SURFACE_WITH_KNOTS((4,4),(2,2),(0.,1.),(0.,2.5),.UNSPECIFIED.)
GEOMETRIC_REPRESENTATION_ITEM()
RATIONAL_B_SPLINE_SURFACE(((1.,1.),(1.,1.),(1.,1.),(1.,1.)))
REPRESENTATION_ITEM('')
SURFACE()
);
#2714=(
BOUNDED_SURFACE()
B_SPLINE_SURFACE(3,1,((#4874,#4875),(#4876,#4877),(#4878,#4879),(#4880,
#4881)),.UNSPECIFIED.,.F.,.F.,.F.)
B_SPLINE_SURFACE_WITH_KNOTS((4,4),(2,2),(0.,1.),(0.,2.5),.UNSPECIFIED.)
GEOMETRIC_REPRESENTATION_ITEM()
RATIONAL_B_SPLINE_SURFACE(((1.,1.),(1.,1.),(1.,1.),(1.,1.)))
REPRESENTATION_ITEM('')
SURFACE()
);
#2715=(
BOUNDED_SURFACE()
B_SPLINE_SURFACE(3,1,((#4890,#4891),(#4892,#4893),(#4894,#4895),(#4896,
#4897)),.UNSPECIFIED.,.F.,.F.,.F.)
B_SPLINE_SURFACE_WITH_KNOTS((4,4),(2,2),(0.,1.),(0.,2.5),.UNSPECIFIED.)
GEOMETRIC_REPRESENTATION_ITEM()
RATIONAL_B_SPLINE_SURFACE(((1.,1.),(1.,1.),(1.,1.),(1.,1.)))
REPRESENTATION_ITEM('')
SURFACE()
);
#2716=(
BOUNDED_SURFACE()
B_SPLINE_SURFACE(3,1,((#4912,#4913),(#4914,#4915),(#4916,#4917),(#4918,
#4919)),.UNSPECIFIED.,.F.,.F.,.F.)
B_SPLINE_SURFACE_WITH_KNOTS((4,4),(2,2),(0.,1.),(0.,2.5),.UNSPECIFIED.)
GEOMETRIC_REPRESENTATION_ITEM()
RATIONAL_B_SPLINE_SURFACE(((1.,1.),(1.,1.),(1.,1.),(1.,1.)))
REPRESENTATION_ITEM('')
SURFACE()
);
#2717=(
BOUNDED_SURFACE()
B_SPLINE_SURFACE(3,1,((#4931,#4932),(#4933,#4934),(#4935,#4936),(#4937,
#4938)),.UNSPECIFIED.,.F.,.F.,.F.)
B_SPLINE_SURFACE_WITH_KNOTS((4,4),(2,2),(0.,1.),(0.,2.5),.UNSPECIFIED.)
GEOMETRIC_REPRESENTATION_ITEM()
RATIONAL_B_SPLINE_SURFACE(((1.,1.),(1.,1.),(1.,1.),(1.,1.)))
REPRESENTATION_ITEM('')
SURFACE()
);
#2718=(
BOUNDED_SURFACE()
B_SPLINE_SURFACE(3,1,((#4950,#4951),(#4952,#4953),(#4954,#4955),(#4956,
#4957)),.UNSPECIFIED.,.F.,.F.,.F.)
B_SPLINE_SURFACE_WITH_KNOTS((4,4),(2,2),(0.,1.),(0.,2.5),.UNSPECIFIED.)
GEOMETRIC_REPRESENTATION_ITEM()
RATIONAL_B_SPLINE_SURFACE(((1.,1.),(1.,1.),(1.,1.),(1.,1.)))
REPRESENTATION_ITEM('')
SURFACE()
);
#2719=(
BOUNDED_SURFACE()
B_SPLINE_SURFACE(3,1,((#4969,#4970),(#4971,#4972),(#4973,#4974),(#4975,
#4976)),.UNSPECIFIED.,.F.,.F.,.F.)
B_SPLINE_SURFACE_WITH_KNOTS((4,4),(2,2),(0.,1.),(0.,2.5),.UNSPECIFIED.)
GEOMETRIC_REPRESENTATION_ITEM()
RATIONAL_B_SPLINE_SURFACE(((1.,1.),(1.,1.),(1.,1.),(1.,1.)))
REPRESENTATION_ITEM('')
SURFACE()
);
#2720=(
BOUNDED_SURFACE()
B_SPLINE_SURFACE(3,1,((#5022,#5023),(#5024,#5025),(#5026,#5027),(#5028,
#5029)),.UNSPECIFIED.,.F.,.F.,.F.)
B_SPLINE_SURFACE_WITH_KNOTS((4,4),(2,2),(0.,1.),(0.,2.5),.UNSPECIFIED.)
GEOMETRIC_REPRESENTATION_ITEM()
RATIONAL_B_SPLINE_SURFACE(((1.,1.),(1.,1.),(1.,1.),(1.,1.)))
REPRESENTATION_ITEM('')
SURFACE()
);
#2721=(
BOUNDED_SURFACE()
B_SPLINE_SURFACE(3,1,((#5041,#5042),(#5043,#5044),(#5045,#5046),(#5047,
#5048)),.UNSPECIFIED.,.F.,.F.,.F.)
B_SPLINE_SURFACE_WITH_KNOTS((4,4),(2,2),(0.,1.),(0.,2.5),.UNSPECIFIED.)
GEOMETRIC_REPRESENTATION_ITEM()
RATIONAL_B_SPLINE_SURFACE(((1.,1.),(1.,1.),(1.,1.),(1.,1.)))
REPRESENTATION_ITEM('')
SURFACE()
);
#2722=(
BOUNDED_SURFACE()
B_SPLINE_SURFACE(3,1,((#5060,#5061),(#5062,#5063),(#5064,#5065),(#5066,
#5067)),.UNSPECIFIED.,.F.,.F.,.F.)
B_SPLINE_SURFACE_WITH_KNOTS((4,4),(2,2),(0.,1.),(0.,2.5),.UNSPECIFIED.)
GEOMETRIC_REPRESENTATION_ITEM()
RATIONAL_B_SPLINE_SURFACE(((1.,1.),(1.,1.),(1.,1.),(1.,1.)))
REPRESENTATION_ITEM('')
SURFACE()
);
#2723=(
BOUNDED_SURFACE()
B_SPLINE_SURFACE(3,1,((#5082,#5083),(#5084,#5085),(#5086,#5087),(#5088,
#5089)),.UNSPECIFIED.,.F.,.F.,.F.)
B_SPLINE_SURFACE_WITH_KNOTS((4,4),(2,2),(0.,1.),(0.,2.5),.UNSPECIFIED.)
GEOMETRIC_REPRESENTATION_ITEM()
RATIONAL_B_SPLINE_SURFACE(((1.,1.),(1.,1.),(1.,1.),(1.,1.)))
REPRESENTATION_ITEM('')
SURFACE()
);
#2724=(
BOUNDED_SURFACE()
B_SPLINE_SURFACE(3,1,((#5104,#5105),(#5106,#5107),(#5108,#5109),(#5110,
#5111)),.UNSPECIFIED.,.F.,.F.,.F.)
B_SPLINE_SURFACE_WITH_KNOTS((4,4),(2,2),(0.,1.),(0.,2.5),.UNSPECIFIED.)
GEOMETRIC_REPRESENTATION_ITEM()
RATIONAL_B_SPLINE_SURFACE(((1.,1.),(1.,1.),(1.,1.),(1.,1.)))
REPRESENTATION_ITEM('')
SURFACE()
);
#2725=(
BOUNDED_SURFACE()
B_SPLINE_SURFACE(3,1,((#5123,#5124),(#5125,#5126),(#5127,#5128),(#5129,
#5130)),.UNSPECIFIED.,.F.,.F.,.F.)
B_SPLINE_SURFACE_WITH_KNOTS((4,4),(2,2),(0.,1.),(0.,2.5),.UNSPECIFIED.)
GEOMETRIC_REPRESENTATION_ITEM()
RATIONAL_B_SPLINE_SURFACE(((1.,1.),(1.,1.),(1.,1.),(1.,1.)))
REPRESENTATION_ITEM('')
SURFACE()
);
#2726=(
BOUNDED_SURFACE()
B_SPLINE_SURFACE(3,1,((#5142,#5143),(#5144,#5145),(#5146,#5147),(#5148,
#5149)),.UNSPECIFIED.,.F.,.F.,.F.)
B_SPLINE_SURFACE_WITH_KNOTS((4,4),(2,2),(0.,1.),(0.,2.5),.UNSPECIFIED.)
GEOMETRIC_REPRESENTATION_ITEM()
RATIONAL_B_SPLINE_SURFACE(((1.,1.),(1.,1.),(1.,1.),(1.,1.)))
REPRESENTATION_ITEM('')
SURFACE()
);
#2727=(
BOUNDED_SURFACE()
B_SPLINE_SURFACE(3,1,((#5161,#5162),(#5163,#5164),(#5165,#5166),(#5167,
#5168)),.UNSPECIFIED.,.F.,.F.,.F.)
B_SPLINE_SURFACE_WITH_KNOTS((4,4),(2,2),(0.,1.),(0.,2.5),.UNSPECIFIED.)
GEOMETRIC_REPRESENTATION_ITEM()
RATIONAL_B_SPLINE_SURFACE(((1.,1.),(1.,1.),(1.,1.),(1.,1.)))
REPRESENTATION_ITEM('')
SURFACE()
);
#2728=(
BOUNDED_SURFACE()
B_SPLINE_SURFACE(3,1,((#5180,#5181),(#5182,#5183),(#5184,#5185),(#5186,
#5187)),.UNSPECIFIED.,.F.,.F.,.F.)
B_SPLINE_SURFACE_WITH_KNOTS((4,4),(2,2),(0.,1.),(0.,2.5),.UNSPECIFIED.)
GEOMETRIC_REPRESENTATION_ITEM()
RATIONAL_B_SPLINE_SURFACE(((1.,1.),(1.,1.),(1.,1.),(1.,1.)))
REPRESENTATION_ITEM('')
SURFACE()
);
#2729=(
BOUNDED_SURFACE()
B_SPLINE_SURFACE(3,1,((#5199,#5200),(#5201,#5202),(#5203,#5204),(#5205,
#5206)),.UNSPECIFIED.,.F.,.F.,.F.)
B_SPLINE_SURFACE_WITH_KNOTS((4,4),(2,2),(0.,1.),(0.,2.5),.UNSPECIFIED.)
GEOMETRIC_REPRESENTATION_ITEM()
RATIONAL_B_SPLINE_SURFACE(((1.,1.),(1.,1.),(1.,1.),(1.,1.)))
REPRESENTATION_ITEM('')
SURFACE()
);
#2730=(
BOUNDED_SURFACE()
B_SPLINE_SURFACE(3,1,((#5218,#5219),(#5220,#5221),(#5222,#5223),(#5224,
#5225)),.UNSPECIFIED.,.F.,.F.,.F.)
B_SPLINE_SURFACE_WITH_KNOTS((4,4),(2,2),(0.,1.),(0.,2.5),.UNSPECIFIED.)
GEOMETRIC_REPRESENTATION_ITEM()
RATIONAL_B_SPLINE_SURFACE(((1.,1.),(1.,1.),(1.,1.),(1.,1.)))
REPRESENTATION_ITEM('')
SURFACE()
);
#2731=(
BOUNDED_SURFACE()
B_SPLINE_SURFACE(3,1,((#5237,#5238),(#5239,#5240),(#5241,#5242),(#5243,
#5244)),.UNSPECIFIED.,.F.,.F.,.F.)
B_SPLINE_SURFACE_WITH_KNOTS((4,4),(2,2),(0.,1.),(0.,2.5),.UNSPECIFIED.)
GEOMETRIC_REPRESENTATION_ITEM()
RATIONAL_B_SPLINE_SURFACE(((1.,1.),(1.,1.),(1.,1.),(1.,1.)))
REPRESENTATION_ITEM('')
SURFACE()
);
#2732=(
BOUNDED_SURFACE()
B_SPLINE_SURFACE(3,1,((#5256,#5257),(#5258,#5259),(#5260,#5261),(#5262,
#5263)),.UNSPECIFIED.,.F.,.F.,.F.)
B_SPLINE_SURFACE_WITH_KNOTS((4,4),(2,2),(0.,1.),(0.,2.5),.UNSPECIFIED.)
GEOMETRIC_REPRESENTATION_ITEM()
RATIONAL_B_SPLINE_SURFACE(((1.,1.),(1.,1.),(1.,1.),(1.,1.)))
REPRESENTATION_ITEM('')
SURFACE()
);
#2733=(
BOUNDED_SURFACE()
B_SPLINE_SURFACE(3,1,((#5275,#5276),(#5277,#5278),(#5279,#5280),(#5281,
#5282)),.UNSPECIFIED.,.F.,.F.,.F.)
B_SPLINE_SURFACE_WITH_KNOTS((4,4),(2,2),(0.,1.),(0.,2.5),.UNSPECIFIED.)
GEOMETRIC_REPRESENTATION_ITEM()
RATIONAL_B_SPLINE_SURFACE(((1.,1.),(1.,1.),(1.,1.),(1.,1.)))
REPRESENTATION_ITEM('')
SURFACE()
);
#2734=(
BOUNDED_SURFACE()
B_SPLINE_SURFACE(3,1,((#5294,#5295),(#5296,#5297),(#5298,#5299),(#5300,
#5301)),.UNSPECIFIED.,.F.,.F.,.F.)
B_SPLINE_SURFACE_WITH_KNOTS((4,4),(2,2),(0.,1.),(0.,2.5),.UNSPECIFIED.)
GEOMETRIC_REPRESENTATION_ITEM()
RATIONAL_B_SPLINE_SURFACE(((1.,1.),(1.,1.),(1.,1.),(1.,1.)))
REPRESENTATION_ITEM('')
SURFACE()
);
#2735=ADVANCED_FACE('',(#121),#2637,.F.);
#2736=ADVANCED_FACE('',(#122),#2638,.F.);
#2737=ADVANCED_FACE('',(#123),#2639,.F.);
#2738=ADVANCED_FACE('',(#124),#2640,.F.);
#2739=ADVANCED_FACE('',(#125),#2641,.F.);
#2740=ADVANCED_FACE('',(#126),#2642,.F.);
#2741=ADVANCED_FACE('',(#127),#2643,.F.);
#2742=ADVANCED_FACE('',(#128),#2644,.F.);
#2743=ADVANCED_FACE('',(#129),#2645,.F.);
#2744=ADVANCED_FACE('',(#130),#2646,.F.);
#2745=ADVANCED_FACE('',(#131),#2647,.F.);
#2746=ADVANCED_FACE('',(#132),#2648,.F.);
#2747=ADVANCED_FACE('',(#133),#2649,.F.);
#2748=ADVANCED_FACE('',(#134),#2650,.F.);
#2749=ADVANCED_FACE('',(#135),#2651,.F.);
#2750=ADVANCED_FACE('',(#136),#2652,.F.);
#2751=ADVANCED_FACE('',(#137),#77,.F.);
#2752=ADVANCED_FACE('',(#138),#78,.F.);
#2753=ADVANCED_FACE('',(#139),#2653,.F.);
#2754=ADVANCED_FACE('',(#140),#2654,.F.);
#2755=ADVANCED_FACE('',(#141),#2655,.F.);
#2756=ADVANCED_FACE('',(#142),#2656,.F.);
#2757=ADVANCED_FACE('',(#143),#2657,.F.);
#2758=ADVANCED_FACE('',(#144),#2658,.F.);
#2759=ADVANCED_FACE('',(#145),#2659,.F.);
#2760=ADVANCED_FACE('',(#146),#2660,.F.);
#2761=ADVANCED_FACE('',(#147),#2661,.F.);
#2762=ADVANCED_FACE('',(#148),#2662,.F.);
#2763=ADVANCED_FACE('',(#149),#2663,.F.);
#2764=ADVANCED_FACE('',(#150),#79,.F.);
#2765=ADVANCED_FACE('',(#151),#80,.F.);
#2766=ADVANCED_FACE('',(#152),#2664,.F.);
#2767=ADVANCED_FACE('',(#153),#2665,.F.);
#2768=ADVANCED_FACE('',(#154),#2666,.F.);
#2769=ADVANCED_FACE('',(#155),#2667,.F.);
#2770=ADVANCED_FACE('',(#156),#2668,.F.);
#2771=ADVANCED_FACE('',(#157),#2669,.F.);
#2772=ADVANCED_FACE('',(#158),#2670,.F.);
#2773=ADVANCED_FACE('',(#159),#2671,.F.);
#2774=ADVANCED_FACE('',(#160),#2672,.F.);
#2775=ADVANCED_FACE('',(#161),#2673,.F.);
#2776=ADVANCED_FACE('',(#162),#2674,.F.);
#2777=ADVANCED_FACE('',(#163),#2675,.F.);
#2778=ADVANCED_FACE('',(#164),#81,.F.);
#2779=ADVANCED_FACE('',(#165),#82,.F.);
#2780=ADVANCED_FACE('',(#166),#2676,.F.);
#2781=ADVANCED_FACE('',(#167),#83,.F.);
#2782=ADVANCED_FACE('',(#168),#84,.F.);
#2783=ADVANCED_FACE('',(#169),#2677,.F.);
#2784=ADVANCED_FACE('',(#170),#2678,.F.);
#2785=ADVANCED_FACE('',(#171),#2679,.F.);
#2786=ADVANCED_FACE('',(#172),#2680,.F.);
#2787=ADVANCED_FACE('',(#173),#2681,.F.);
#2788=ADVANCED_FACE('',(#174),#2682,.F.);
#2789=ADVANCED_FACE('',(#175),#2683,.F.);
#2790=ADVANCED_FACE('',(#176),#2684,.F.);
#2791=ADVANCED_FACE('',(#177),#2685,.F.);
#2792=ADVANCED_FACE('',(#178),#2686,.F.);
#2793=ADVANCED_FACE('',(#179),#2687,.F.);
#2794=ADVANCED_FACE('',(#180),#2688,.F.);
#2795=ADVANCED_FACE('',(#181),#2689,.F.);
#2796=ADVANCED_FACE('',(#182),#2690,.F.);
#2797=ADVANCED_FACE('',(#183),#2691,.F.);
#2798=ADVANCED_FACE('',(#184),#2692,.F.);
#2799=ADVANCED_FACE('',(#185),#2693,.F.);
#2800=ADVANCED_FACE('',(#186),#85,.F.);
#2801=ADVANCED_FACE('',(#187),#86,.F.);
#2802=ADVANCED_FACE('',(#188),#2694,.F.);
#2803=ADVANCED_FACE('',(#189),#87,.F.);
#2804=ADVANCED_FACE('',(#190),#88,.F.);
#2805=ADVANCED_FACE('',(#191),#2695,.F.);
#2806=ADVANCED_FACE('',(#192),#2696,.F.);
#2807=ADVANCED_FACE('',(#193),#2697,.F.);
#2808=ADVANCED_FACE('',(#194),#2698,.F.);
#2809=ADVANCED_FACE('',(#195),#2699,.F.);
#2810=ADVANCED_FACE('',(#196),#2700,.F.);
#2811=ADVANCED_FACE('',(#197),#2701,.F.);
#2812=ADVANCED_FACE('',(#198),#2702,.F.);
#2813=ADVANCED_FACE('',(#199),#2703,.F.);
#2814=ADVANCED_FACE('',(#200),#2704,.F.);
#2815=ADVANCED_FACE('',(#201),#2705,.F.);
#2816=ADVANCED_FACE('',(#202),#2706,.F.);
#2817=ADVANCED_FACE('',(#203),#2707,.F.);
#2818=ADVANCED_FACE('',(#204),#2708,.F.);
#2819=ADVANCED_FACE('',(#205),#89,.F.);
#2820=ADVANCED_FACE('',(#206),#90,.F.);
#2821=ADVANCED_FACE('',(#207),#2709,.F.);
#2822=ADVANCED_FACE('',(#208),#2710,.F.);
#2823=ADVANCED_FACE('',(#209),#2711,.F.);
#2824=ADVANCED_FACE('',(#210),#2712,.F.);
#2825=ADVANCED_FACE('',(#211),#2713,.F.);
#2826=ADVANCED_FACE('',(#212),#2714,.F.);
#2827=ADVANCED_FACE('',(#213),#2715,.F.);
#2828=ADVANCED_FACE('',(#214),#2716,.F.);
#2829=ADVANCED_FACE('',(#215),#2717,.F.);
#2830=ADVANCED_FACE('',(#216),#2718,.F.);
#2831=ADVANCED_FACE('',(#217),#2719,.F.);
#2832=ADVANCED_FACE('',(#218),#91,.F.);
#2833=ADVANCED_FACE('',(#219),#92,.F.);
#2834=ADVANCED_FACE('',(#220),#93,.F.);
#2835=ADVANCED_FACE('',(#221),#76,.F.);
#2836=ADVANCED_FACE('',(#222),#2720,.F.);
#2837=ADVANCED_FACE('',(#223),#2721,.F.);
#2838=ADVANCED_FACE('',(#224),#2722,.F.);
#2839=ADVANCED_FACE('',(#225),#94,.F.);
#2840=ADVANCED_FACE('',(#226),#2723,.F.);
#2841=ADVANCED_FACE('',(#227),#2724,.F.);
#2842=ADVANCED_FACE('',(#228),#2725,.F.);
#2843=ADVANCED_FACE('',(#229),#2726,.F.);
#2844=ADVANCED_FACE('',(#230),#2727,.F.);
#2845=ADVANCED_FACE('',(#231),#2728,.F.);
#2846=ADVANCED_FACE('',(#232),#2729,.F.);
#2847=ADVANCED_FACE('',(#233),#2730,.F.);
#2848=ADVANCED_FACE('',(#234),#2731,.F.);
#2849=ADVANCED_FACE('',(#235),#2732,.F.);
#2850=ADVANCED_FACE('',(#236),#2733,.F.);
#2851=ADVANCED_FACE('',(#237),#2734,.F.);
#2852=ADVANCED_FACE('',(#238),#95,.T.);
#2853=ADVANCED_FACE('',(#239),#96,.T.);
#2854=ADVANCED_FACE('',(#240),#68,.F.);
#2855=ADVANCED_FACE('',(#241),#69,.T.);
#2856=ADVANCED_FACE('',(#242,#16),#97,.T.);
#2857=ADVANCED_FACE('',(#243,#17,#18,#19,#20,#21,#22,#23,#24,#25,#26,#27,
#28,#29,#30,#31,#32,#33),#98,.F.);
#2858=ADVANCED_FACE('',(#244),#70,.F.);
#2859=ADVANCED_FACE('',(#245),#71,.T.);
#2860=ADVANCED_FACE('',(#246,#34),#99,.T.);
#2861=ADVANCED_FACE('',(#247),#100,.F.);
#2862=ADVANCED_FACE('',(#248),#72,.F.);
#2863=ADVANCED_FACE('',(#249),#73,.T.);
#2864=ADVANCED_FACE('',(#250,#35),#101,.T.);
#2865=ADVANCED_FACE('',(#251,#36),#102,.F.);
#2866=ADVANCED_FACE('',(#252),#74,.F.);
#2867=ADVANCED_FACE('',(#253),#75,.T.);
#2868=ADVANCED_FACE('',(#254,#37),#103,.T.);
#2869=ADVANCED_FACE('',(#255),#104,.F.);
#2870=ADVANCED_FACE('',(#256),#15,.F.);
#2871=ADVANCED_FACE('',(#257),#105,.F.);
#2872=ADVANCED_FACE('',(#258),#106,.F.);
#2873=ADVANCED_FACE('',(#259),#107,.F.);
#2874=ADVANCED_FACE('',(#260),#108,.F.);
#2875=ADVANCED_FACE('',(#261),#109,.F.);
#2876=ADVANCED_FACE('',(#262),#110,.F.);
#2877=ADVANCED_FACE('',(#263),#111,.F.);
#2878=ADVANCED_FACE('',(#264),#112,.F.);
#2879=ADVANCED_FACE('',(#265),#113,.F.);
#2880=ADVANCED_FACE('',(#266),#114,.F.);
#2881=ADVANCED_FACE('',(#267),#115,.F.);
#2882=ADVANCED_FACE('',(#268),#116,.T.);
#2883=ADVANCED_FACE('',(#269),#117,.T.);
#2884=ADVANCED_FACE('',(#270),#118,.T.);
#2885=ADVANCED_FACE('',(#271),#119,.T.);
#2886=ADVANCED_FACE('',(#272,#38,#39,#40,#41,#42,#43,#44,#45,#46,#47,#48,
#49,#50),#120,.F.);
#2887=CLOSED_SHELL('',(#2735,#2736,#2737,#2738,#2739,#2740,#2741,#2742,
#2743,#2744,#2745,#2746,#2747,#2748,#2749,#2750,#2751,#2752,#2753,#2754,
#2755,#2756,#2757,#2758,#2759,#2760,#2761,#2762,#2763,#2764,#2765,#2766,
#2767,#2768,#2769,#2770,#2771,#2772,#2773,#2774,#2775,#2776,#2777,#2778,
#2779,#2780,#2781,#2782,#2783,#2784,#2785,#2786,#2787,#2788,#2789,#2790,
#2791,#2792,#2793,#2794,#2795,#2796,#2797,#2798,#2799,#2800,#2801,#2802,
#2803,#2804,#2805,#2806,#2807,#2808,#2809,#2810,#2811,#2812,#2813,#2814,
#2815,#2816,#2817,#2818,#2819,#2820,#2821,#2822,#2823,#2824,#2825,#2826,
#2827,#2828,#2829,#2830,#2831,#2832,#2833,#2834,#2835,#2836,#2837,#2838,
#2839,#2840,#2841,#2842,#2843,#2844,#2845,#2846,#2847,#2848,#2849,#2850,
#2851,#2852,#2853,#2854,#2855,#2856,#2857,#2858,#2859,#2860,#2861,#2862,
#2863,#2864,#2865,#2866,#2867,#2868,#2869,#2870,#2871,#2872,#2873,#2874,
#2875,#2876,#2877,#2878,#2879,#2880,#2881,#2882,#2883,#2884,#2885,#2886));
#2888=DERIVED_UNIT_ELEMENT(#2890,1.);
#2889=DERIVED_UNIT_ELEMENT(#5474,-3.);
#2890=(
MASS_UNIT()
NAMED_UNIT(*)
SI_UNIT(.KILO.,.GRAM.)
);
#2891=DERIVED_UNIT((#2888,#2889));
#2892=MEASURE_REPRESENTATION_ITEM('density measure',
POSITIVE_RATIO_MEASURE(7850.),#2891);
#2893=PROPERTY_DEFINITION_REPRESENTATION(#2898,#2895);
#2894=PROPERTY_DEFINITION_REPRESENTATION(#2899,#2896);
#2895=REPRESENTATION('material name',(#2897),#5471);
#2896=REPRESENTATION('density',(#2892),#5471);
#2897=DESCRIPTIVE_REPRESENTATION_ITEM('Steel','Steel');
#2898=PROPERTY_DEFINITION('material property','material name',#5481);
#2899=PROPERTY_DEFINITION('material property','density of part',#5481);
#2900=AXIS2_PLACEMENT_3D('',#3323,#2971,#2972);
#2901=AXIS2_PLACEMENT_3D('',#3631,#2990,#2991);
#2902=AXIS2_PLACEMENT_3D('',#3637,#2995,#2996);
#2903=AXIS2_PLACEMENT_3D('',#3852,#3011,#3012);
#2904=AXIS2_PLACEMENT_3D('',#3858,#3016,#3017);
#2905=AXIS2_PLACEMENT_3D('',#4092,#3033,#3034);
#2906=AXIS2_PLACEMENT_3D('',#4098,#3038,#3039);
#2907=AXIS2_PLACEMENT_3D('',#4123,#3044,#3045);
#2908=AXIS2_PLACEMENT_3D('',#4129,#3049,#3050);
#2909=AXIS2_PLACEMENT_3D('',#4458,#3071,#3072);
#2910=AXIS2_PLACEMENT_3D('',#4464,#3076,#3077);
#2911=AXIS2_PLACEMENT_3D('',#4489,#3082,#3083);
#2912=AXIS2_PLACEMENT_3D('',#4495,#3087,#3088);
#2913=AXIS2_PLACEMENT_3D('',#4767,#3106,#3107);
#2914=AXIS2_PLACEMENT_3D('',#4773,#3111,#3112);
#2915=AXIS2_PLACEMENT_3D('',#4988,#3127,#3128);
#2916=AXIS2_PLACEMENT_3D('',#4994,#3132,#3133);
#2917=AXIS2_PLACEMENT_3D('',#4997,#3136,#3137);
#2918=AXIS2_PLACEMENT_3D('',#5079,#3146,#3147);
#2919=AXIS2_PLACEMENT_3D('',#5310,#3162,#3163);
#2920=AXIS2_PLACEMENT_3D('',#5323,#3170,#3171);
#2921=AXIS2_PLACEMENT_3D('',#5344,#3182,#3183);
#2922=AXIS2_PLACEMENT_3D('',#5346,#3184,#3185);
#2923=AXIS2_PLACEMENT_3D('',#5349,#3187,#3188);
#2924=AXIS2_PLACEMENT_3D('',#5350,#3189,#3190);
#2925=AXIS2_PLACEMENT_3D('',#5352,#3191,#3192);
#2926=AXIS2_PLACEMENT_3D('',#5355,#3194,#3195);
#2927=AXIS2_PLACEMENT_3D('',#5356,#3196,#3197);
#2928=AXIS2_PLACEMENT_3D('',#5357,#3198,#3199);
#2929=AXIS2_PLACEMENT_3D('',#5375,#3208,#3209);
#2930=AXIS2_PLACEMENT_3D('',#5377,#3210,#3211);
#2931=AXIS2_PLACEMENT_3D('',#5379,#3212,#3213);
#2932=AXIS2_PLACEMENT_3D('',#5380,#3214,#3215);
#2933=AXIS2_PLACEMENT_3D('',#5382,#3216,#3217);
#2934=AXIS2_PLACEMENT_3D('',#5385,#3219,#3220);
#2935=AXIS2_PLACEMENT_3D('',#5386,#3221,#3222);
#2936=AXIS2_PLACEMENT_3D('',#5388,#3223,#3224);
#2937=AXIS2_PLACEMENT_3D('',#5390,#3226,#3227);
#2938=AXIS2_PLACEMENT_3D('',#5391,#3228,#3229);
#2939=AXIS2_PLACEMENT_3D('',#5392,#3230,#3231);
#2940=AXIS2_PLACEMENT_3D('',#5394,#3232,#3233);
#2941=AXIS2_PLACEMENT_3D('',#5397,#3235,#3236);
#2942=AXIS2_PLACEMENT_3D('',#5398,#3237,#3238);
#2943=AXIS2_PLACEMENT_3D('',#5400,#3239,#3240);
#2944=AXIS2_PLACEMENT_3D('',#5402,#3242,#3243);
#2945=AXIS2_PLACEMENT_3D('',#5403,#3244,#3245);
#2946=AXIS2_PLACEMENT_3D('',#5405,#3246,#3247);
#2947=AXIS2_PLACEMENT_3D('',#5406,#3248,#3249);
#2948=AXIS2_PLACEMENT_3D('',#5408,#3250,#3251);
#2949=AXIS2_PLACEMENT_3D('',#5411,#3253,#3254);
#2950=AXIS2_PLACEMENT_3D('',#5412,#3255,#3256);
#2951=AXIS2_PLACEMENT_3D('',#5414,#3257,#3258);
#2952=AXIS2_PLACEMENT_3D('',#5416,#3260,#3261);
#2953=AXIS2_PLACEMENT_3D('',#5417,#3262,#3263);
#2954=AXIS2_PLACEMENT_3D('',#5418,#3264,#3265);
#2955=AXIS2_PLACEMENT_3D('',#5421,#3267,#3268);
#2956=AXIS2_PLACEMENT_3D('',#5424,#3271,#3272);
#2957=AXIS2_PLACEMENT_3D('',#5427,#3275,#3276);
#2958=AXIS2_PLACEMENT_3D('',#5428,#3277,#3278);
#2959=AXIS2_PLACEMENT_3D('',#5430,#3280,#3281);
#2960=AXIS2_PLACEMENT_3D('',#5439,#3286,#3287);
#2961=AXIS2_PLACEMENT_3D('',#5442,#3290,#3291);
#2962=AXIS2_PLACEMENT_3D('',#5445,#3294,#3295);
#2963=AXIS2_PLACEMENT_3D('',#5447,#3297,#3298);
#2964=AXIS2_PLACEMENT_3D('',#5449,#3300,#3301);
#2965=AXIS2_PLACEMENT_3D('',#5451,#3303,#3304);
#2966=AXIS2_PLACEMENT_3D('',#5452,#3305,#3306);
#2967=AXIS2_PLACEMENT_3D('',#5458,#3310,#3311);
#2968=AXIS2_PLACEMENT_3D('',#5462,#3314,#3315);
#2969=AXIS2_PLACEMENT_3D('',#5466,#3318,#3319);
#2970=AXIS2_PLACEMENT_3D('',#5468,#3321,#3322);
#2971=DIRECTION('axis',(0.,0.,1.));
#2972=DIRECTION('refdir',(1.,0.,0.));
#2973=DIRECTION('',(0.,0.,1.));
#2974=DIRECTION('',(0.,0.,1.));
#2975=DIRECTION('',(0.,0.,1.));
#2976=DIRECTION('',(0.,0.,1.));
#2977=DIRECTION('',(0.,0.,1.));
#2978=DIRECTION('',(0.,0.,1.));
#2979=DIRECTION('',(0.,0.,1.));
#2980=DIRECTION('',(0.,0.,1.));
#2981=DIRECTION('',(0.,0.,1.));
#2982=DIRECTION('',(0.,0.,1.));
#2983=DIRECTION('',(0.,0.,1.));
#2984=DIRECTION('',(0.,0.,1.));
#2985=DIRECTION('',(0.,0.,1.));
#2986=DIRECTION('',(0.,0.,1.));
#2987=DIRECTION('',(0.,0.,1.));
#2988=DIRECTION('',(0.,0.,1.));
#2989=DIRECTION('',(0.,0.,1.));
#2990=DIRECTION('center_axis',(0.692921560746073,0.721012975370919,0.));
#2991=DIRECTION('ref_axis',(-0.721012975370919,0.692921560746073,0.));
#2992=DIRECTION('',(0.721012975370919,-0.692921560746073,0.));
#2993=DIRECTION('',(-0.721012975370919,0.692921560746073,0.));
#2994=DIRECTION('',(0.,0.,1.));
#2995=DIRECTION('center_axis',(0.692921560746076,-0.721012975370917,0.));
#2996=DIRECTION('ref_axis',(0.721012975370917,0.692921560746076,0.));
#2997=DIRECTION('',(-0.721012975370917,-0.692921560746076,0.));
#2998=DIRECTION('',(0.721012975370917,0.692921560746076,0.));
#2999=DIRECTION('',(0.,0.,1.));
#3000=DIRECTION('',(0.,0.,1.));
#3001=DIRECTION('',(0.,0.,1.));
#3002=DIRECTION('',(0.,0.,1.));
#3003=DIRECTION('',(0.,0.,1.));
#3004=DIRECTION('',(0.,0.,1.));
#3005=DIRECTION('',(0.,0.,1.));
#3006=DIRECTION('',(0.,0.,1.));
#3007=DIRECTION('',(0.,0.,1.));
#3008=DIRECTION('',(0.,0.,1.));
#3009=DIRECTION('',(0.,0.,1.));
#3010=DIRECTION('',(0.,0.,1.));
#3011=DIRECTION('center_axis',(-0.690732394300295,0.723110475283121,0.));
#3012=DIRECTION('ref_axis',(-0.723110475283121,-0.690732394300295,0.));
#3013=DIRECTION('',(0.723110475283121,0.690732394300295,0.));
#3014=DIRECTION('',(-0.723110475283121,-0.690732394300295,0.));
#3015=DIRECTION('',(0.,0.,1.));
#3016=DIRECTION('center_axis',(0.789352217376326,0.613940613514921,0.));
#3017=DIRECTION('ref_axis',(-0.613940613514921,0.789352217376326,0.));
#3018=DIRECTION('',(0.613940613514921,-0.789352217376326,0.));
#3019=DIRECTION('',(-0.613940613514921,0.789352217376326,0.));
#3020=DIRECTION('',(0.,0.,1.));
#3021=DIRECTION('',(0.,0.,1.));
#3022=DIRECTION('',(0.,0.,1.));
#3023=DIRECTION('',(0.,0.,1.));
#3024=DIRECTION('',(0.,0.,1.));
#3025=DIRECTION('',(0.,0.,1.));
#3026=DIRECTION('',(0.,0.,1.));
#3027=DIRECTION('',(0.,0.,1.));
#3028=DIRECTION('',(0.,0.,1.));
#3029=DIRECTION('',(0.,0.,1.));
#3030=DIRECTION('',(0.,0.,1.));
#3031=DIRECTION('',(0.,0.,1.));
#3032=DIRECTION('',(0.,0.,1.));
#3033=DIRECTION('center_axis',(0.992962790709924,-0.118426754855308,0.));
#3034=DIRECTION('ref_axis',(0.118426754855308,0.992962790709924,0.));
#3035=DIRECTION('',(-0.118426754855308,-0.992962790709924,0.));
#3036=DIRECTION('',(0.118426754855308,0.992962790709924,0.));
#3037=DIRECTION('',(0.,0.,1.));
#3038=DIRECTION('center_axis',(0.637424347151561,-0.770512947106281,0.));
#3039=DIRECTION('ref_axis',(0.770512947106281,0.637424347151561,0.));
#3040=DIRECTION('',(-0.770512947106281,-0.637424347151561,0.));
#3041=DIRECTION('',(0.770512947106281,0.637424347151561,0.));
#3042=DIRECTION('',(0.,0.,1.));
#3043=DIRECTION('',(0.,0.,1.));
#3044=DIRECTION('center_axis',(0.675412479019082,-0.737440155663697,0.));
#3045=DIRECTION('ref_axis',(0.737440155663697,0.675412479019082,0.));
#3046=DIRECTION('',(-0.737440155663697,-0.675412479019082,0.));
#3047=DIRECTION('',(0.737440155663697,0.675412479019082,0.));
#3048=DIRECTION('',(0.,0.,1.));
#3049=DIRECTION('center_axis',(-0.761539389695833,-0.648118629528343,0.));
#3050=DIRECTION('ref_axis',(0.648118629528343,-0.761539389695833,0.));
#3051=DIRECTION('',(-0.648118629528343,0.761539389695833,0.));
#3052=DIRECTION('',(0.648118629528343,-0.761539389695833,0.));
#3053=DIRECTION('',(0.,0.,1.));
#3054=DIRECTION('',(0.,0.,1.));
#3055=DIRECTION('',(0.,0.,1.));
#3056=DIRECTION('',(0.,0.,1.));
#3057=DIRECTION('',(0.,0.,1.));
#3058=DIRECTION('',(0.,0.,1.));
#3059=DIRECTION('',(0.,0.,1.));
#3060=DIRECTION('',(0.,0.,1.));
#3061=DIRECTION('',(0.,0.,1.));
#3062=DIRECTION('',(0.,0.,1.));
#3063=DIRECTION('',(0.,0.,1.));
#3064=DIRECTION('',(0.,0.,1.));
#3065=DIRECTION('',(0.,0.,1.));
#3066=DIRECTION('',(0.,0.,1.));
#3067=DIRECTION('',(0.,0.,1.));
#3068=DIRECTION('',(0.,0.,1.));
#3069=DIRECTION('',(0.,0.,1.));
#3070=DIRECTION('',(0.,0.,1.));
#3071=DIRECTION('center_axis',(-0.761539389695813,0.648118629528367,0.));
#3072=DIRECTION('ref_axis',(-0.648118629528367,-0.761539389695813,0.));
#3073=DIRECTION('',(0.648118629528367,0.761539389695813,0.));
#3074=DIRECTION('',(-0.648118629528367,-0.761539389695813,0.));
#3075=DIRECTION('',(0.,0.,1.));
#3076=DIRECTION('center_axis',(0.677056530820885,0.735931011761828,0.));
#3077=DIRECTION('ref_axis',(-0.735931011761828,0.677056530820885,0.));
#3078=DIRECTION('',(0.735931011761828,-0.677056530820885,0.));
#3079=DIRECTION('',(-0.735931011761828,0.677056530820885,0.));
#3080=DIRECTION('',(0.,0.,1.));
#3081=DIRECTION('',(0.,0.,1.));
#3082=DIRECTION('center_axis',(0.638240774179782,0.769836810093147,0.));
#3083=DIRECTION('ref_axis',(-0.769836810093147,0.638240774179782,0.));
#3084=DIRECTION('',(0.769836810093147,-0.638240774179782,0.));
#3085=DIRECTION('',(-0.769836810093147,0.638240774179782,0.));
#3086=DIRECTION('',(0.,0.,1.));
#3087=DIRECTION('center_axis',(0.992833272783851,0.119507708761016,0.));
#3088=DIRECTION('ref_axis',(-0.119507708761016,0.992833272783851,0.));
#3089=DIRECTION('',(0.119507708761016,-0.992833272783851,0.));
#3090=DIRECTION('',(-0.119507708761016,0.992833272783851,0.));
#3091=DIRECTION('',(0.,0.,1.));
#3092=DIRECTION('',(0.,0.,1.));
#3093=DIRECTION('',(0.,0.,1.));
#3094=DIRECTION('',(0.,0.,1.));
#3095=DIRECTION('',(0.,0.,1.));
#3096=DIRECTION('',(0.,0.,1.));
#3097=DIRECTION('',(0.,0.,1.));
#3098=DIRECTION('',(0.,0.,1.));
#3099=DIRECTION('',(0.,0.,1.));
#3100=DIRECTION('',(0.,0.,1.));
#3101=DIRECTION('',(0.,0.,1.));
#3102=DIRECTION('',(0.,0.,1.));
#3103=DIRECTION('',(0.,0.,1.));
#3104=DIRECTION('',(0.,0.,1.));
#3105=DIRECTION('',(0.,0.,1.));
#3106=DIRECTION('center_axis',(0.755033118392636,-0.655686655446252,0.));
#3107=DIRECTION('ref_axis',(0.655686655446252,0.755033118392636,0.));
#3108=DIRECTION('',(-0.655686655446252,-0.755033118392636,0.));
#3109=DIRECTION('',(0.655686655446252,0.755033118392636,0.));
#3110=DIRECTION('',(0.,0.,1.));
#3111=DIRECTION('center_axis',(-0.71699491881441,-0.697078393291829,0.));
#3112=DIRECTION('ref_axis',(0.697078393291829,-0.71699491881441,0.));
#3113=DIRECTION('',(-0.697078393291829,0.71699491881441,0.));
#3114=DIRECTION('',(0.697078393291829,-0.71699491881441,0.));
#3115=DIRECTION('',(0.,0.,1.));
#3116=DIRECTION('',(0.,0.,1.));
#3117=DIRECTION('',(0.,0.,1.));
#3118=DIRECTION('',(0.,0.,1.));
#3119=DIRECTION('',(0.,0.,1.));
#3120=DIRECTION('',(0.,0.,1.));
#3121=DIRECTION('',(0.,0.,1.));
#3122=DIRECTION('',(0.,0.,1.));
#3123=DIRECTION('',(0.,0.,1.));
#3124=DIRECTION('',(0.,0.,1.));
#3125=DIRECTION('',(0.,0.,1.));
#3126=DIRECTION('',(0.,0.,1.));
#3127=DIRECTION('center_axis',(-0.518301716093333,0.855197831554025,0.));
#3128=DIRECTION('ref_axis',(-0.855197831554025,-0.518301716093333,0.));
#3129=DIRECTION('',(0.855197831554025,0.518301716093333,0.));
#3130=DIRECTION('',(-0.855197831554025,-0.518301716093333,0.));
#3131=DIRECTION('',(0.,0.,1.));
#3132=DIRECTION('center_axis',(0.979457043256654,-0.201652920670477,0.));
#3133=DIRECTION('ref_axis',(0.201652920670477,0.979457043256654,0.));
#3134=DIRECTION('',(-0.201652920670477,-0.979457043256654,0.));
#3135=DIRECTION('',(0.201652920670477,0.979457043256654,0.));
#3136=DIRECTION('center_axis',(1.,0.,0.));
#3137=DIRECTION('ref_axis',(0.,1.,0.));
#3138=DIRECTION('',(0.,-1.,0.));
#3139=DIRECTION('',(0.,0.,1.));
#3140=DIRECTION('',(0.,1.,0.));
#3141=DIRECTION('',(0.,0.,1.));
#3142=DIRECTION('',(0.,0.,1.));
#3143=DIRECTION('',(0.,0.,1.));
#3144=DIRECTION('',(0.,0.,1.));
#3145=DIRECTION('',(0.,0.,1.));
#3146=DIRECTION('center_axis',(-0.620702944365554,0.784045824461767,0.));
#3147=DIRECTION('ref_axis',(-0.784045824461767,-0.620702944365554,0.));
#3148=DIRECTION('',(0.784045824461767,0.620702944365554,0.));
#3149=DIRECTION('',(-0.784045824461767,-0.620702944365554,0.));
#3150=DIRECTION('',(0.,0.,1.));
#3151=DIRECTION('',(0.,0.,1.));
#3152=DIRECTION('',(0.,0.,1.));
#3153=DIRECTION('',(0.,0.,1.));
#3154=DIRECTION('',(0.,0.,1.));
#3155=DIRECTION('',(0.,0.,1.));
#3156=DIRECTION('',(0.,0.,1.));
#3157=DIRECTION('',(0.,0.,1.));
#3158=DIRECTION('',(0.,0.,1.));
#3159=DIRECTION('',(0.,0.,1.));
#3160=DIRECTION('',(0.,0.,1.));
#3161=DIRECTION('',(0.,0.,1.));
#3162=DIRECTION('center_axis',(0.,0.,1.));
#3163=DIRECTION('ref_axis',(1.,0.,0.));
#3164=DIRECTION('',(-1.,0.,0.));
#3165=DIRECTION('',(-6.60628576636457E-16,-1.,0.));
#3166=DIRECTION('',(1.,-1.33226762955019E-15,0.));
#3167=DIRECTION('',(0.,1.,0.));
#3168=DIRECTION('',(-1.,0.,0.));
#3169=DIRECTION('',(0.,1.,0.));
#3170=DIRECTION('center_axis',(0.,0.,1.));
#3171=DIRECTION('ref_axis',(1.,0.,0.));
#3172=DIRECTION('',(1.,0.,0.));
#3173=DIRECTION('',(0.,1.,0.));
#3174=DIRECTION('',(1.,0.,0.));
#3175=DIRECTION('',(0.,-1.,0.));
#3176=DIRECTION('',(-1.,0.,0.));
#3177=DIRECTION('',(0.,-1.,0.));
#3178=DIRECTION('',(1.,-1.33226762955019E-15,0.));
#3179=DIRECTION('',(0.,1.,0.));
#3180=DIRECTION('',(-1.,2.96059473233375E-16,0.));
#3181=DIRECTION('',(-6.60628576636457E-16,-1.,0.));
#3182=DIRECTION('center_axis',(0.,0.,1.));
#3183=DIRECTION('ref_axis',(-1.,0.,0.));
#3184=DIRECTION('center_axis',(0.,0.,-1.));
#3185=DIRECTION('ref_axis',(-1.,0.,0.));
#3186=DIRECTION('',(0.,0.,-1.));
#3187=DIRECTION('center_axis',(0.,0.,1.));
#3188=DIRECTION('ref_axis',(-1.,0.,0.));
#3189=DIRECTION('center_axis',(0.,0.,1.));
#3190=DIRECTION('ref_axis',(-1.,0.,0.));
#3191=DIRECTION('center_axis',(0.,0.,1.));
#3192=DIRECTION('ref_axis',(-1.,0.,0.));
#3193=DIRECTION('',(0.,0.,-1.));
#3194=DIRECTION('center_axis',(0.,0.,-1.));
#3195=DIRECTION('ref_axis',(-1.,0.,0.));
#3196=DIRECTION('center_axis',(0.,0.,1.));
#3197=DIRECTION('ref_axis',(-1.,0.,0.));
#3198=DIRECTION('center_axis',(0.,0.,-1.));
#3199=DIRECTION('ref_axis',(-1.,0.,0.));
#3200=DIRECTION('',(0.,1.,0.));
#3201=DIRECTION('',(-1.,0.,0.));
#3202=DIRECTION('',(0.,-1.,0.));
#3203=DIRECTION('',(1.,0.,0.));
#3204=DIRECTION('',(0.,1.,0.));
#3205=DIRECTION('',(1.,0.,0.));
#3206=DIRECTION('',(6.60628576636457E-16,1.,-6.45478502689044E-18));
#3207=DIRECTION('',(1.,0.,0.));
#3208=DIRECTION('center_axis',(0.,0.,-1.));
#3209=DIRECTION('ref_axis',(-1.,0.,0.));
#3210=DIRECTION('center_axis',(0.,0.,-1.));
#3211=DIRECTION('ref_axis',(-1.,0.,0.));
#3212=DIRECTION('center_axis',(0.,0.,-1.));
#3213=DIRECTION('ref_axis',(-1.,0.,0.));
#3214=DIRECTION('center_axis',(0.,0.,1.));
#3215=DIRECTION('ref_axis',(-1.,0.,0.));
#3216=DIRECTION('center_axis',(0.,0.,-1.));
#3217=DIRECTION('ref_axis',(-1.,0.,0.));
#3218=DIRECTION('',(0.,0.,-1.));
#3219=DIRECTION('center_axis',(0.,0.,1.));
#3220=DIRECTION('ref_axis',(-1.,0.,0.));
#3221=DIRECTION('center_axis',(0.,0.,1.));
#3222=DIRECTION('ref_axis',(-1.,0.,0.));
#3223=DIRECTION('center_axis',(0.,0.,1.));
#3224=DIRECTION('ref_axis',(-1.,0.,0.));
#3225=DIRECTION('',(0.,0.,-1.));
#3226=DIRECTION('center_axis',(0.,0.,1.));
#3227=DIRECTION('ref_axis',(-1.,0.,0.));
#3228=DIRECTION('center_axis',(0.,0.,-1.));
#3229=DIRECTION('ref_axis',(-1.,0.,0.));
#3230=DIRECTION('center_axis',(0.,0.,1.));
#3231=DIRECTION('ref_axis',(-1.,0.,0.));
#3232=DIRECTION('center_axis',(0.,0.,-1.));
#3233=DIRECTION('ref_axis',(-1.,0.,0.));
#3234=DIRECTION('',(0.,0.,-1.));
#3235=DIRECTION('center_axis',(0.,0.,1.));
#3236=DIRECTION('ref_axis',(-1.,0.,0.));
#3237=DIRECTION('center_axis',(0.,0.,1.));
#3238=DIRECTION('ref_axis',(-1.,0.,0.));
#3239=DIRECTION('center_axis',(0.,0.,1.));
#3240=DIRECTION('ref_axis',(-1.,0.,0.));
#3241=DIRECTION('',(0.,0.,-1.));
#3242=DIRECTION('center_axis',(0.,0.,1.));
#3243=DIRECTION('ref_axis',(-1.,0.,0.));
#3244=DIRECTION('center_axis',(0.,0.,-1.));
#3245=DIRECTION('ref_axis',(-1.,0.,0.));
#3246=DIRECTION('center_axis',(0.,0.,-1.));
#3247=DIRECTION('ref_axis',(1.,0.,0.));
#3248=DIRECTION('center_axis',(0.,0.,1.));
#3249=DIRECTION('ref_axis',(-1.,0.,0.));
#3250=DIRECTION('center_axis',(0.,0.,-1.));
#3251=DIRECTION('ref_axis',(-1.,0.,0.));
#3252=DIRECTION('',(0.,0.,-1.));
#3253=DIRECTION('center_axis',(0.,0.,1.));
#3254=DIRECTION('ref_axis',(-1.,0.,0.));
#3255=DIRECTION('center_axis',(0.,0.,1.));
#3256=DIRECTION('ref_axis',(-1.,0.,0.));
#3257=DIRECTION('center_axis',(0.,0.,1.));
#3258=DIRECTION('ref_axis',(-1.,0.,0.));
#3259=DIRECTION('',(0.,0.,-1.));
#3260=DIRECTION('center_axis',(0.,0.,1.));
#3261=DIRECTION('ref_axis',(-1.,0.,0.));
#3262=DIRECTION('center_axis',(0.,0.,-1.));
#3263=DIRECTION('ref_axis',(-1.,0.,0.));
#3264=DIRECTION('center_axis',(0.,0.,1.));
#3265=DIRECTION('ref_axis',(1.,0.,0.));
#3266=DIRECTION('',(0.857167300702112,-1.04972719113862E-16,-0.515038074910054));
#3267=DIRECTION('center_axis',(0.,-1.,0.));
#3268=DIRECTION('ref_axis',(0.,0.,-1.));
#3269=DIRECTION('',(0.,0.,1.));
#3270=DIRECTION('',(0.,0.,-1.));
#3271=DIRECTION('center_axis',(0.,1.,0.));
#3272=DIRECTION('ref_axis',(0.,0.,1.));
#3273=DIRECTION('',(0.,0.,-1.));
#3274=DIRECTION('',(0.,0.,1.));
#3275=DIRECTION('center_axis',(0.,0.,-1.));
#3276=DIRECTION('ref_axis',(-1.,0.,0.));
#3277=DIRECTION('center_axis',(-1.,0.,0.));
#3278=DIRECTION('ref_axis',(0.,1.,0.));
#3279=DIRECTION('',(0.,0.,-1.));
#3280=DIRECTION('center_axis',(0.,0.,-1.));
#3281=DIRECTION('ref_axis',(-1.,0.,0.));
#3282=DIRECTION('',(1.,0.,0.));
#3283=DIRECTION('',(0.,1.,0.));
#3284=DIRECTION('',(-1.,1.33226762955019E-15,0.));
#3285=DIRECTION('',(0.,1.,0.));
#3286=DIRECTION('center_axis',(1.,0.,0.));
#3287=DIRECTION('ref_axis',(0.,0.,-1.));
#3288=DIRECTION('',(0.,0.,1.));
#3289=DIRECTION('',(0.,0.,-1.));
#3290=DIRECTION('center_axis',(-1.,0.,0.));
#3291=DIRECTION('ref_axis',(0.,-7.40148672054363E-16,1.));
#3292=DIRECTION('',(0.,0.,-1.));
#3293=DIRECTION('',(0.,0.,1.));
#3294=DIRECTION('center_axis',(0.,-1.,0.));
#3295=DIRECTION('ref_axis',(-1.,0.,0.));
#3296=DIRECTION('',(0.,0.,-1.));
#3297=DIRECTION('center_axis',(-1.,0.,0.));
#3298=DIRECTION('ref_axis',(0.,1.,0.));
#3299=DIRECTION('',(0.,0.,1.));
#3300=DIRECTION('center_axis',(1.,0.,0.));
#3301=DIRECTION('ref_axis',(0.,-1.,0.));
#3302=DIRECTION('',(0.,0.,-1.));
#3303=DIRECTION('center_axis',(0.,1.,0.));
#3304=DIRECTION('ref_axis',(1.,0.,0.));
#3305=DIRECTION('center_axis',(-1.,6.60628576636457E-16,0.));
#3306=DIRECTION('ref_axis',(-6.60628576636457E-16,-1.,0.));
#3307=DIRECTION('',(0.,0.,1.));
#3308=DIRECTION('',(6.60628576636457E-16,1.,0.));
#3309=DIRECTION('',(0.,0.,1.));
#3310=DIRECTION('center_axis',(2.96059473233375E-16,1.,0.));
#3311=DIRECTION('ref_axis',(-1.,2.96059473233375E-16,0.));
#3312=DIRECTION('',(1.,-2.96059473233375E-16,0.));
#3313=DIRECTION('',(0.,0.,1.));
#3314=DIRECTION('center_axis',(1.,0.,0.));
#3315=DIRECTION('ref_axis',(0.,1.,0.));
#3316=DIRECTION('',(0.,-1.,0.));
#3317=DIRECTION('',(0.,0.,1.));
#3318=DIRECTION('center_axis',(-1.33226762955019E-15,-1.,0.));
#3319=DIRECTION('ref_axis',(1.,-1.33226762955019E-15,0.));
#3320=DIRECTION('',(-1.,1.33226762955019E-15,0.));
#3321=DIRECTION('center_axis',(0.,0.,1.));
#3322=DIRECTION('ref_axis',(1.,0.,0.));
#3323=CARTESIAN_POINT('',(0.,0.,0.));
#3324=CARTESIAN_POINT('Ctrl Pts',(74.7875625,22.8050625,0.));
#3325=CARTESIAN_POINT('Ctrl Pts',(74.7875625,22.8050625,25.));
#3326=CARTESIAN_POINT('Ctrl Pts',(75.446375,23.2178125,0.));
#3327=CARTESIAN_POINT('Ctrl Pts',(75.446375,23.2178125,25.));
#3328=CARTESIAN_POINT('Ctrl Pts',(76.28775,23.702,0.));
#3329=CARTESIAN_POINT('Ctrl Pts',(76.28775,23.702,25.));
#3330=CARTESIAN_POINT('Ctrl Pts',(76.6449375,23.9004375,0.));
#3331=CARTESIAN_POINT('Ctrl Pts',(76.6449375,23.9004375,25.));
#3332=CARTESIAN_POINT('',(76.6449375,23.9004375,2.));
#3333=CARTESIAN_POINT('',(74.7875625,22.8050625,2.));
#3334=CARTESIAN_POINT('Ctrl Pts',(76.6449375,23.9004375,2.));
#3335=CARTESIAN_POINT('Ctrl Pts',(76.28775,23.702,2.));
#3336=CARTESIAN_POINT('Ctrl Pts',(75.446375,23.2178125,2.));
#3337=CARTESIAN_POINT('Ctrl Pts',(74.7875625,22.8050625,2.));
#3338=CARTESIAN_POINT('',(76.6449375,23.9004375,0.));
#3339=CARTESIAN_POINT('',(76.6449375,23.9004375,0.));
#3340=CARTESIAN_POINT('',(74.7875625,22.8050625,0.));
#3341=CARTESIAN_POINT('Ctrl Pts',(74.7875625,22.8050625,0.));
#3342=CARTESIAN_POINT('Ctrl Pts',(75.446375,23.2178125,0.));
#3343=CARTESIAN_POINT('Ctrl Pts',(76.28775,23.702,0.));
#3344=CARTESIAN_POINT('Ctrl Pts',(76.6449375,23.9004375,0.));
#3345=CARTESIAN_POINT('',(74.7875625,22.8050625,0.));
#3346=CARTESIAN_POINT('Ctrl Pts',(73.573125,22.0906875,0.));
#3347=CARTESIAN_POINT('Ctrl Pts',(73.573125,22.0906875,25.));
#3348=CARTESIAN_POINT('Ctrl Pts',(73.573125,22.0748125,0.));
#3349=CARTESIAN_POINT('Ctrl Pts',(73.573125,22.0748125,25.));
#3350=CARTESIAN_POINT('Ctrl Pts',(74.1208125,22.40025,0.));
#3351=CARTESIAN_POINT('Ctrl Pts',(74.1208125,22.40025,25.));
#3352=CARTESIAN_POINT('Ctrl Pts',(74.7875625,22.8050625,0.));
#3353=CARTESIAN_POINT('Ctrl Pts',(74.7875625,22.8050625,25.));
#3354=CARTESIAN_POINT('',(73.573125,22.0906875,2.));
#3355=CARTESIAN_POINT('Ctrl Pts',(74.7875625,22.8050625,2.));
#3356=CARTESIAN_POINT('Ctrl Pts',(74.1208125,22.40025,2.));
#3357=CARTESIAN_POINT('Ctrl Pts',(73.573125,22.0748125,2.));
#3358=CARTESIAN_POINT('Ctrl Pts',(73.573125,22.0906875,2.));
#3359=CARTESIAN_POINT('',(73.573125,22.0906875,0.));
#3360=CARTESIAN_POINT('Ctrl Pts',(73.573125,22.0906875,0.));
#3361=CARTESIAN_POINT('Ctrl Pts',(73.573125,22.0748125,0.));
#3362=CARTESIAN_POINT('Ctrl Pts',(74.1208125,22.40025,0.));
#3363=CARTESIAN_POINT('Ctrl Pts',(74.7875625,22.8050625,0.));
#3364=CARTESIAN_POINT('',(73.573125,22.0906875,0.));
#3365=CARTESIAN_POINT('Ctrl Pts',(74.25575,25.2339375,0.));
#3366=CARTESIAN_POINT('Ctrl Pts',(74.25575,25.2339375,25.));
#3367=CARTESIAN_POINT('Ctrl Pts',(74.2001875,25.1704375,0.));
#3368=CARTESIAN_POINT('Ctrl Pts',(74.2001875,25.1704375,25.));
#3369=CARTESIAN_POINT('Ctrl Pts',(73.573125,22.27325,0.));
#3370=CARTESIAN_POINT('Ctrl Pts',(73.573125,22.27325,25.));
#3371=CARTESIAN_POINT('Ctrl Pts',(73.573125,22.0906875,0.));
#3372=CARTESIAN_POINT('Ctrl Pts',(73.573125,22.0906875,25.));
#3373=CARTESIAN_POINT('',(74.25575,25.2339375,2.));
#3374=CARTESIAN_POINT('Ctrl Pts',(73.573125,22.0906875,2.));
#3375=CARTESIAN_POINT('Ctrl Pts',(73.573125,22.27325,2.));
#3376=CARTESIAN_POINT('Ctrl Pts',(74.2001875,25.1704375,2.));
#3377=CARTESIAN_POINT('Ctrl Pts',(74.25575,25.2339375,2.));
#3378=CARTESIAN_POINT('',(74.25575,25.2339375,0.));
#3379=CARTESIAN_POINT('Ctrl Pts',(74.25575,25.2339375,0.));
#3380=CARTESIAN_POINT('Ctrl Pts',(74.2001875,25.1704375,0.));
#3381=CARTESIAN_POINT('Ctrl Pts',(73.573125,22.27325,0.));
#3382=CARTESIAN_POINT('Ctrl Pts',(73.573125,22.0906875,0.));
#3383=CARTESIAN_POINT('',(74.25575,25.2339375,0.));
#3384=CARTESIAN_POINT('Ctrl Pts',(77.30375,24.289375,0.));
#3385=CARTESIAN_POINT('Ctrl Pts',(77.30375,24.289375,25.));
#3386=CARTESIAN_POINT('Ctrl Pts',(77.30375,24.384625,0.));
#3387=CARTESIAN_POINT('Ctrl Pts',(77.30375,24.384625,25.));
#3388=CARTESIAN_POINT('Ctrl Pts',(74.31925,25.305375,0.));
#3389=CARTESIAN_POINT('Ctrl Pts',(74.31925,25.305375,25.));
#3390=CARTESIAN_POINT('Ctrl Pts',(74.25575,25.2339375,0.));
#3391=CARTESIAN_POINT('Ctrl Pts',(74.25575,25.2339375,25.));
#3392=CARTESIAN_POINT('',(77.30375,24.289375,2.));
#3393=CARTESIAN_POINT('Ctrl Pts',(74.25575,25.2339375,2.));
#3394=CARTESIAN_POINT('Ctrl Pts',(74.31925,25.305375,2.));
#3395=CARTESIAN_POINT('Ctrl Pts',(77.30375,24.384625,2.));
#3396=CARTESIAN_POINT('Ctrl Pts',(77.30375,24.289375,2.));
#3397=CARTESIAN_POINT('',(77.30375,24.289375,0.));
#3398=CARTESIAN_POINT('Ctrl Pts',(77.30375,24.289375,0.));
#3399=CARTESIAN_POINT('Ctrl Pts',(77.30375,24.384625,0.));
#3400=CARTESIAN_POINT('Ctrl Pts',(74.31925,25.305375,0.));
#3401=CARTESIAN_POINT('Ctrl Pts',(74.25575,25.2339375,0.));
#3402=CARTESIAN_POINT('',(77.30375,24.289375,0.));
#3403=CARTESIAN_POINT('Ctrl Pts',(76.6449375,23.9004375,0.));
#3404=CARTESIAN_POINT('Ctrl Pts',(76.6449375,23.9004375,25.));
#3405=CARTESIAN_POINT('Ctrl Pts',(77.0100625,24.0909375,0.));
#3406=CARTESIAN_POINT('Ctrl Pts',(77.0100625,24.0909375,25.));
#3407=CARTESIAN_POINT('Ctrl Pts',(77.30375,24.2655625,0.));
#3408=CARTESIAN_POINT('Ctrl Pts',(77.30375,24.2655625,25.));
#3409=CARTESIAN_POINT('Ctrl Pts',(77.30375,24.289375,0.));
#3410=CARTESIAN_POINT('Ctrl Pts',(77.30375,24.289375,25.));
#3411=CARTESIAN_POINT('Ctrl Pts',(77.30375,24.289375,2.));
#3412=CARTESIAN_POINT('Ctrl Pts',(77.30375,24.2655625,2.));
#3413=CARTESIAN_POINT('Ctrl Pts',(77.0100625,24.0909375,2.));
#3414=CARTESIAN_POINT('Ctrl Pts',(76.6449375,23.9004375,2.));
#3415=CARTESIAN_POINT('Ctrl Pts',(76.6449375,23.9004375,0.));
#3416=CARTESIAN_POINT('Ctrl Pts',(77.0100625,24.0909375,0.));
#3417=CARTESIAN_POINT('Ctrl Pts',(77.30375,24.2655625,0.));
#3418=CARTESIAN_POINT('Ctrl Pts',(77.30375,24.289375,0.));
#3419=CARTESIAN_POINT('Ctrl Pts',(74.82725,5.525125,0.));
#3420=CARTESIAN_POINT('Ctrl Pts',(74.82725,5.525125,25.));
#3421=CARTESIAN_POINT('Ctrl Pts',(75.5971875,5.7315,0.));
#3422=CARTESIAN_POINT('Ctrl Pts',(75.5971875,5.7315,25.));
#3423=CARTESIAN_POINT('Ctrl Pts',(77.30375,6.303,0.));
#3424=CARTESIAN_POINT('Ctrl Pts',(77.30375,6.303,25.));
#3425=CARTESIAN_POINT('Ctrl Pts',(77.30375,6.350625,0.));
#3426=CARTESIAN_POINT('Ctrl Pts',(77.30375,6.350625,25.));
#3427=CARTESIAN_POINT('',(77.30375,6.350625,2.));
#3428=CARTESIAN_POINT('',(74.82725,5.525125,2.));
#3429=CARTESIAN_POINT('Ctrl Pts',(77.30375,6.350625,2.));
#3430=CARTESIAN_POINT('Ctrl Pts',(77.30375,6.303,2.));
#3431=CARTESIAN_POINT('Ctrl Pts',(75.5971875,5.7315,2.));
#3432=CARTESIAN_POINT('Ctrl Pts',(74.82725,5.525125,2.));
#3433=CARTESIAN_POINT('',(77.30375,6.350625,0.));
#3434=CARTESIAN_POINT('',(77.30375,6.350625,0.));
#3435=CARTESIAN_POINT('',(74.82725,5.525125,0.));
#3436=CARTESIAN_POINT('Ctrl Pts',(74.82725,5.525125,0.));
#3437=CARTESIAN_POINT('Ctrl Pts',(75.5971875,5.7315,0.));
#3438=CARTESIAN_POINT('Ctrl Pts',(77.30375,6.303,0.));
#3439=CARTESIAN_POINT('Ctrl Pts',(77.30375,6.350625,0.));
#3440=CARTESIAN_POINT('',(74.82725,5.525125,0.));
#3441=CARTESIAN_POINT('Ctrl Pts',(74.3113125,5.398125,0.));
#3442=CARTESIAN_POINT('Ctrl Pts',(74.3113125,5.398125,25.));
#3443=CARTESIAN_POINT('Ctrl Pts',(74.351,5.398125,0.));
#3444=CARTESIAN_POINT('Ctrl Pts',(74.351,5.398125,25.));
#3445=CARTESIAN_POINT('Ctrl Pts',(74.5811875,5.4536875,0.));
#3446=CARTESIAN_POINT('Ctrl Pts',(74.5811875,5.4536875,25.));
#3447=CARTESIAN_POINT('Ctrl Pts',(74.82725,5.525125,0.));
#3448=CARTESIAN_POINT('Ctrl Pts',(74.82725,5.525125,25.));
#3449=CARTESIAN_POINT('',(74.3113125,5.398125,2.));
#3450=CARTESIAN_POINT('Ctrl Pts',(74.82725,5.525125,2.));
#3451=CARTESIAN_POINT('Ctrl Pts',(74.5811875,5.4536875,2.));
#3452=CARTESIAN_POINT('Ctrl Pts',(74.351,5.398125,2.));
#3453=CARTESIAN_POINT('Ctrl Pts',(74.3113125,5.398125,2.));
#3454=CARTESIAN_POINT('',(74.3113125,5.398125,0.));
#3455=CARTESIAN_POINT('Ctrl Pts',(74.3113125,5.398125,0.));
#3456=CARTESIAN_POINT('Ctrl Pts',(74.351,5.398125,0.));
#3457=CARTESIAN_POINT('Ctrl Pts',(74.5811875,5.4536875,0.));
#3458=CARTESIAN_POINT('Ctrl Pts',(74.82725,5.525125,0.));
#3459=CARTESIAN_POINT('',(74.3113125,5.398125,0.));
#3460=CARTESIAN_POINT('Ctrl Pts',(73.573125,8.5334375,0.));
#3461=CARTESIAN_POINT('Ctrl Pts',(73.573125,8.5334375,25.));
#3462=CARTESIAN_POINT('Ctrl Pts',(73.573125,8.23975,0.));
#3463=CARTESIAN_POINT('Ctrl Pts',(73.573125,8.23975,25.));
#3464=CARTESIAN_POINT('Ctrl Pts',(74.239875,5.398125,0.));
#3465=CARTESIAN_POINT('Ctrl Pts',(74.239875,5.398125,25.));
#3466=CARTESIAN_POINT('Ctrl Pts',(74.3113125,5.398125,0.));
#3467=CARTESIAN_POINT('Ctrl Pts',(74.3113125,5.398125,25.));
#3468=CARTESIAN_POINT('',(73.573125,8.5334375,2.));
#3469=CARTESIAN_POINT('Ctrl Pts',(74.3113125,5.398125,2.));
#3470=CARTESIAN_POINT('Ctrl Pts',(74.239875,5.398125,2.));
#3471=CARTESIAN_POINT('Ctrl Pts',(73.573125,8.23975,2.));
#3472=CARTESIAN_POINT('Ctrl Pts',(73.573125,8.5334375,2.));
#3473=CARTESIAN_POINT('',(73.573125,8.5334375,0.));
#3474=CARTESIAN_POINT('Ctrl Pts',(73.573125,8.5334375,0.));
#3475=CARTESIAN_POINT('Ctrl Pts',(73.573125,8.23975,0.));
#3476=CARTESIAN_POINT('Ctrl Pts',(74.239875,5.398125,0.));
#3477=CARTESIAN_POINT('Ctrl Pts',(74.3113125,5.398125,0.));
#3478=CARTESIAN_POINT('',(73.573125,8.5334375,0.));
#3479=CARTESIAN_POINT('Ctrl Pts',(74.7875625,7.8349375,0.));
#3480=CARTESIAN_POINT('Ctrl Pts',(74.7875625,7.8349375,25.));
#3481=CARTESIAN_POINT('Ctrl Pts',(74.1208125,8.23975,0.));
#3482=CARTESIAN_POINT('Ctrl Pts',(74.1208125,8.23975,25.));
#3483=CARTESIAN_POINT('Ctrl Pts',(73.573125,8.55725,0.));
#3484=CARTESIAN_POINT('Ctrl Pts',(73.573125,8.55725,25.));
#3485=CARTESIAN_POINT('Ctrl Pts',(73.573125,8.5334375,0.));
#3486=CARTESIAN_POINT('Ctrl Pts',(73.573125,8.5334375,25.));
#3487=CARTESIAN_POINT('',(74.7875625,7.8349375,2.));
#3488=CARTESIAN_POINT('Ctrl Pts',(73.573125,8.5334375,2.));
#3489=CARTESIAN_POINT('Ctrl Pts',(73.573125,8.55725,2.));
#3490=CARTESIAN_POINT('Ctrl Pts',(74.1208125,8.23975,2.));
#3491=CARTESIAN_POINT('Ctrl Pts',(74.7875625,7.8349375,2.));
#3492=CARTESIAN_POINT('',(74.7875625,7.8349375,0.));
#3493=CARTESIAN_POINT('Ctrl Pts',(74.7875625,7.8349375,0.));
#3494=CARTESIAN_POINT('Ctrl Pts',(74.1208125,8.23975,0.));
#3495=CARTESIAN_POINT('Ctrl Pts',(73.573125,8.55725,0.));
#3496=CARTESIAN_POINT('Ctrl Pts',(73.573125,8.5334375,0.));
#3497=CARTESIAN_POINT('',(74.7875625,7.8349375,0.));
#3498=CARTESIAN_POINT('Ctrl Pts',(76.6449375,6.7395625,0.));
#3499=CARTESIAN_POINT('Ctrl Pts',(76.6449375,6.7395625,25.));
#3500=CARTESIAN_POINT('Ctrl Pts',(76.28775,6.938,0.));
#3501=CARTESIAN_POINT('Ctrl Pts',(76.28775,6.938,25.));
#3502=CARTESIAN_POINT('Ctrl Pts',(75.446375,7.4221875,0.));
#3503=CARTESIAN_POINT('Ctrl Pts',(75.446375,7.4221875,25.));
#3504=CARTESIAN_POINT('Ctrl Pts',(74.7875625,7.8349375,0.));
#3505=CARTESIAN_POINT('Ctrl Pts',(74.7875625,7.8349375,25.));
#3506=CARTESIAN_POINT('',(76.6449375,6.7395625,2.));
#3507=CARTESIAN_POINT('Ctrl Pts',(74.7875625,7.8349375,2.));
#3508=CARTESIAN_POINT('Ctrl Pts',(75.446375,7.4221875,2.));
#3509=CARTESIAN_POINT('Ctrl Pts',(76.28775,6.938,2.));
#3510=CARTESIAN_POINT('Ctrl Pts',(76.6449375,6.7395625,2.));
#3511=CARTESIAN_POINT('',(76.6449375,6.7395625,0.));
#3512=CARTESIAN_POINT('Ctrl Pts',(76.6449375,6.7395625,0.));
#3513=CARTESIAN_POINT('Ctrl Pts',(76.28775,6.938,0.));
#3514=CARTESIAN_POINT('Ctrl Pts',(75.446375,7.4221875,0.));
#3515=CARTESIAN_POINT('Ctrl Pts',(74.7875625,7.8349375,0.));
#3516=CARTESIAN_POINT('',(76.6449375,6.7395625,0.));
#3517=CARTESIAN_POINT('Ctrl Pts',(77.30375,6.350625,0.));
#3518=CARTESIAN_POINT('Ctrl Pts',(77.30375,6.350625,25.));
#3519=CARTESIAN_POINT('Ctrl Pts',(77.30375,6.3744375,0.));
#3520=CARTESIAN_POINT('Ctrl Pts',(77.30375,6.3744375,25.));
#3521=CARTESIAN_POINT('Ctrl Pts',(77.0100625,6.5490625,0.));
#3522=CARTESIAN_POINT('Ctrl Pts',(77.0100625,6.5490625,25.));
#3523=CARTESIAN_POINT('Ctrl Pts',(76.6449375,6.7395625,0.));
#3524=CARTESIAN_POINT('Ctrl Pts',(76.6449375,6.7395625,25.));
#3525=CARTESIAN_POINT('Ctrl Pts',(76.6449375,6.7395625,2.));
#3526=CARTESIAN_POINT('Ctrl Pts',(77.0100625,6.5490625,2.));
#3527=CARTESIAN_POINT('Ctrl Pts',(77.30375,6.3744375,2.));
#3528=CARTESIAN_POINT('Ctrl Pts',(77.30375,6.350625,2.));
#3529=CARTESIAN_POINT('Ctrl Pts',(77.30375,6.350625,0.));
#3530=CARTESIAN_POINT('Ctrl Pts',(77.30375,6.3744375,0.));
#3531=CARTESIAN_POINT('Ctrl Pts',(77.0100625,6.5490625,0.));
#3532=CARTESIAN_POINT('Ctrl Pts',(76.6449375,6.7395625,0.));
#3533=CARTESIAN_POINT('Ctrl Pts',(89.9640625,13.6769375,0.));
#3534=CARTESIAN_POINT('Ctrl Pts',(89.9640625,13.6769375,25.));
#3535=CARTESIAN_POINT('Ctrl Pts',(90.273625,13.938875,0.));
#3536=CARTESIAN_POINT('Ctrl Pts',(90.273625,13.938875,25.));
#3537=CARTESIAN_POINT('Ctrl Pts',(90.7895625,14.415125,0.));
#3538=CARTESIAN_POINT('Ctrl Pts',(90.7895625,14.415125,25.));
#3539=CARTESIAN_POINT('Ctrl Pts',(91.1229375,14.732625,0.));
#3540=CARTESIAN_POINT('Ctrl Pts',(91.1229375,14.732625,25.));
#3541=CARTESIAN_POINT('',(91.1229375,14.732625,2.));
#3542=CARTESIAN_POINT('',(89.9640625,13.6769375,2.));
#3543=CARTESIAN_POINT('Ctrl Pts',(91.1229375,14.732625,2.));
#3544=CARTESIAN_POINT('Ctrl Pts',(90.7895625,14.415125,2.));
#3545=CARTESIAN_POINT('Ctrl Pts',(90.273625,13.938875,2.));
#3546=CARTESIAN_POINT('Ctrl Pts',(89.9640625,13.6769375,2.));
#3547=CARTESIAN_POINT('',(91.1229375,14.732625,0.));
#3548=CARTESIAN_POINT('',(91.1229375,14.732625,0.));
#3549=CARTESIAN_POINT('',(89.9640625,13.6769375,0.));
#3550=CARTESIAN_POINT('Ctrl Pts',(89.9640625,13.6769375,0.));
#3551=CARTESIAN_POINT('Ctrl Pts',(90.273625,13.938875,0.));
#3552=CARTESIAN_POINT('Ctrl Pts',(90.7895625,14.415125,0.));
#3553=CARTESIAN_POINT('Ctrl Pts',(91.1229375,14.732625,0.));
#3554=CARTESIAN_POINT('',(89.9640625,13.6769375,0.));
#3555=CARTESIAN_POINT('Ctrl Pts',(89.3131875,13.145125,0.));
#3556=CARTESIAN_POINT('Ctrl Pts',(89.3131875,13.145125,25.));
#3557=CARTESIAN_POINT('Ctrl Pts',(89.3608125,13.176875,0.));
#3558=CARTESIAN_POINT('Ctrl Pts',(89.3608125,13.176875,25.));
#3559=CARTESIAN_POINT('Ctrl Pts',(89.6624375,13.4229375,0.));
#3560=CARTESIAN_POINT('Ctrl Pts',(89.6624375,13.4229375,25.));
#3561=CARTESIAN_POINT('Ctrl Pts',(89.9640625,13.6769375,0.));
#3562=CARTESIAN_POINT('Ctrl Pts',(89.9640625,13.6769375,25.));
#3563=CARTESIAN_POINT('',(89.3131875,13.145125,2.));
#3564=CARTESIAN_POINT('Ctrl Pts',(89.9640625,13.6769375,2.));
#3565=CARTESIAN_POINT('Ctrl Pts',(89.6624375,13.4229375,2.));
#3566=CARTESIAN_POINT('Ctrl Pts',(89.3608125,13.176875,2.));
#3567=CARTESIAN_POINT('Ctrl Pts',(89.3131875,13.145125,2.));
#3568=CARTESIAN_POINT('',(89.3131875,13.145125,0.));
#3569=CARTESIAN_POINT('Ctrl Pts',(89.3131875,13.145125,0.));
#3570=CARTESIAN_POINT('Ctrl Pts',(89.3608125,13.176875,0.));
#3571=CARTESIAN_POINT('Ctrl Pts',(89.6624375,13.4229375,0.));
#3572=CARTESIAN_POINT('Ctrl Pts',(89.9640625,13.6769375,0.));
#3573=CARTESIAN_POINT('',(89.3131875,13.145125,0.));
#3574=CARTESIAN_POINT('Ctrl Pts',(89.21,15.32,0.));
#3575=CARTESIAN_POINT('Ctrl Pts',(89.21,15.32,25.));
#3576=CARTESIAN_POINT('Ctrl Pts',(89.21,13.557875,0.));
#3577=CARTESIAN_POINT('Ctrl Pts',(89.21,13.557875,25.));
#3578=CARTESIAN_POINT('Ctrl Pts',(89.2338125,13.0975,0.));
#3579=CARTESIAN_POINT('Ctrl Pts',(89.2338125,13.0975,25.));
#3580=CARTESIAN_POINT('Ctrl Pts',(89.3131875,13.145125,0.));
#3581=CARTESIAN_POINT('Ctrl Pts',(89.3131875,13.145125,25.));
#3582=CARTESIAN_POINT('',(89.21,15.32,2.));
#3583=CARTESIAN_POINT('Ctrl Pts',(89.3131875,13.145125,2.));
#3584=CARTESIAN_POINT('Ctrl Pts',(89.2338125,13.0975,2.));
#3585=CARTESIAN_POINT('Ctrl Pts',(89.21,13.557875,2.));
#3586=CARTESIAN_POINT('Ctrl Pts',(89.21,15.32,2.));
#3587=CARTESIAN_POINT('',(89.21,15.32,0.));
#3588=CARTESIAN_POINT('Ctrl Pts',(89.21,15.32,0.));
#3589=CARTESIAN_POINT('Ctrl Pts',(89.21,13.557875,0.));
#3590=CARTESIAN_POINT('Ctrl Pts',(89.2338125,13.0975,0.));
#3591=CARTESIAN_POINT('Ctrl Pts',(89.3131875,13.145125,0.));
#3592=CARTESIAN_POINT('',(89.21,15.32,0.));
#3593=CARTESIAN_POINT('Ctrl Pts',(89.3131875,17.494875,0.));
#3594=CARTESIAN_POINT('Ctrl Pts',(89.3131875,17.494875,25.));
#3595=CARTESIAN_POINT('Ctrl Pts',(89.2338125,17.5425,0.));
#3596=CARTESIAN_POINT('Ctrl Pts',(89.2338125,17.5425,25.));
#3597=CARTESIAN_POINT('Ctrl Pts',(89.21,17.082125,0.));
#3598=CARTESIAN_POINT('Ctrl Pts',(89.21,17.082125,25.));
#3599=CARTESIAN_POINT('Ctrl Pts',(89.21,15.32,0.));
#3600=CARTESIAN_POINT('Ctrl Pts',(89.21,15.32,25.));
#3601=CARTESIAN_POINT('',(89.3131875,17.494875,2.));
#3602=CARTESIAN_POINT('Ctrl Pts',(89.21,15.32,2.));
#3603=CARTESIAN_POINT('Ctrl Pts',(89.21,17.082125,2.));
#3604=CARTESIAN_POINT('Ctrl Pts',(89.2338125,17.5425,2.));
#3605=CARTESIAN_POINT('Ctrl Pts',(89.3131875,17.494875,2.));
#3606=CARTESIAN_POINT('',(89.3131875,17.494875,0.));
#3607=CARTESIAN_POINT('Ctrl Pts',(89.3131875,17.494875,0.));
#3608=CARTESIAN_POINT('Ctrl Pts',(89.2338125,17.5425,0.));
#3609=CARTESIAN_POINT('Ctrl Pts',(89.21,17.082125,0.));
#3610=CARTESIAN_POINT('Ctrl Pts',(89.21,15.32,0.));
#3611=CARTESIAN_POINT('',(89.3131875,17.494875,0.));
#3612=CARTESIAN_POINT('Ctrl Pts',(91.1229375,15.907375,0.));
#3613=CARTESIAN_POINT('Ctrl Pts',(91.1229375,15.907375,25.));
#3614=CARTESIAN_POINT('Ctrl Pts',(90.5355625,16.478875,0.));
#3615=CARTESIAN_POINT('Ctrl Pts',(90.5355625,16.478875,25.));
#3616=CARTESIAN_POINT('Ctrl Pts',(89.5036875,17.3758125,0.));
#3617=CARTESIAN_POINT('Ctrl Pts',(89.5036875,17.3758125,25.));
#3618=CARTESIAN_POINT('Ctrl Pts',(89.3131875,17.494875,0.));
#3619=CARTESIAN_POINT('Ctrl Pts',(89.3131875,17.494875,25.));
#3620=CARTESIAN_POINT('',(91.1229375,15.907375,2.));
#3621=CARTESIAN_POINT('Ctrl Pts',(89.3131875,17.494875,2.));
#3622=CARTESIAN_POINT('Ctrl Pts',(89.5036875,17.3758125,2.));
#3623=CARTESIAN_POINT('Ctrl Pts',(90.5355625,16.478875,2.));
#3624=CARTESIAN_POINT('Ctrl Pts',(91.1229375,15.907375,2.));
#3625=CARTESIAN_POINT('',(91.1229375,15.907375,0.));
#3626=CARTESIAN_POINT('Ctrl Pts',(91.1229375,15.907375,0.));
#3627=CARTESIAN_POINT('Ctrl Pts',(90.5355625,16.478875,0.));
#3628=CARTESIAN_POINT('Ctrl Pts',(89.5036875,17.3758125,0.));
#3629=CARTESIAN_POINT('Ctrl Pts',(89.3131875,17.494875,0.));
#3630=CARTESIAN_POINT('',(91.1229375,15.907375,0.));
#3631=CARTESIAN_POINT('Origin',(91.734125,15.32,0.));
#3632=CARTESIAN_POINT('',(91.734125,15.32,2.));
#3633=CARTESIAN_POINT('',(92.5110532277509,14.5733417032004,2.));
#3634=CARTESIAN_POINT('',(91.734125,15.32,0.));
#3635=CARTESIAN_POINT('',(92.5110532277509,14.5733417032004,0.));
#3636=CARTESIAN_POINT('',(91.734125,15.32,0.));
#3637=CARTESIAN_POINT('Origin',(91.1229375,14.732625,0.));
#3638=CARTESIAN_POINT('',(84.5515041949803,8.41722156400701,2.));
#3639=CARTESIAN_POINT('',(84.5515041949803,8.41722156400701,0.));
#3640=CARTESIAN_POINT('Ctrl Pts',(95.448875,10.367,0.));
#3641=CARTESIAN_POINT('Ctrl Pts',(95.448875,10.367,25.));
#3642=CARTESIAN_POINT('Ctrl Pts',(95.0123125,11.2798125,0.));
#3643=CARTESIAN_POINT('Ctrl Pts',(95.0123125,11.2798125,25.));
#3644=CARTESIAN_POINT('Ctrl Pts',(94.464625,12.145,0.));
#3645=CARTESIAN_POINT('Ctrl Pts',(94.464625,12.145,25.));
#3646=CARTESIAN_POINT('Ctrl Pts',(93.7899375,13.00225,0.));
#3647=CARTESIAN_POINT('Ctrl Pts',(93.7899375,13.00225,25.));
#3648=CARTESIAN_POINT('',(93.7899375,13.00225,2.));
#3649=CARTESIAN_POINT('',(95.448875,10.367,2.));
#3650=CARTESIAN_POINT('Ctrl Pts',(93.7899375,13.00225,2.));
#3651=CARTESIAN_POINT('Ctrl Pts',(94.464625,12.145,2.));
#3652=CARTESIAN_POINT('Ctrl Pts',(95.0123125,11.2798125,2.));
#3653=CARTESIAN_POINT('Ctrl Pts',(95.448875,10.367,2.));
#3654=CARTESIAN_POINT('',(93.7899375,13.00225,0.));
#3655=CARTESIAN_POINT('',(93.7899375,13.00225,0.));
#3656=CARTESIAN_POINT('',(95.448875,10.367,0.));
#3657=CARTESIAN_POINT('Ctrl Pts',(95.448875,10.367,0.));
#3658=CARTESIAN_POINT('Ctrl Pts',(95.0123125,11.2798125,0.));
#3659=CARTESIAN_POINT('Ctrl Pts',(94.464625,12.145,0.));
#3660=CARTESIAN_POINT('Ctrl Pts',(93.7899375,13.00225,0.));
#3661=CARTESIAN_POINT('',(95.448875,10.367,0.));
#3662=CARTESIAN_POINT('Ctrl Pts',(96.147375,7.7396875,0.));
#3663=CARTESIAN_POINT('Ctrl Pts',(96.147375,7.7396875,25.));
#3664=CARTESIAN_POINT('Ctrl Pts',(96.1394375,8.6525,0.));
#3665=CARTESIAN_POINT('Ctrl Pts',(96.1394375,8.6525,25.));
#3666=CARTESIAN_POINT('Ctrl Pts',(95.97275,9.2636875,0.));
#3667=CARTESIAN_POINT('Ctrl Pts',(95.97275,9.2636875,25.));
#3668=CARTESIAN_POINT('Ctrl Pts',(95.448875,10.367,0.));
#3669=CARTESIAN_POINT('Ctrl Pts',(95.448875,10.367,25.));
#3670=CARTESIAN_POINT('',(96.147375,7.7396875,2.));
#3671=CARTESIAN_POINT('Ctrl Pts',(95.448875,10.367,2.));
#3672=CARTESIAN_POINT('Ctrl Pts',(95.97275,9.2636875,2.));
#3673=CARTESIAN_POINT('Ctrl Pts',(96.1394375,8.6525,2.));
#3674=CARTESIAN_POINT('Ctrl Pts',(96.147375,7.7396875,2.));
#3675=CARTESIAN_POINT('',(96.147375,7.7396875,0.));
#3676=CARTESIAN_POINT('Ctrl Pts',(96.147375,7.7396875,0.));
#3677=CARTESIAN_POINT('Ctrl Pts',(96.1394375,8.6525,0.));
#3678=CARTESIAN_POINT('Ctrl Pts',(95.97275,9.2636875,0.));
#3679=CARTESIAN_POINT('Ctrl Pts',(95.448875,10.367,0.));
#3680=CARTESIAN_POINT('',(96.147375,7.7396875,0.));
#3681=CARTESIAN_POINT('Ctrl Pts',(95.97275,6.6205,0.));
#3682=CARTESIAN_POINT('Ctrl Pts',(95.97275,6.6205,25.));
#3683=CARTESIAN_POINT('Ctrl Pts',(96.1235625,6.953875,0.));
#3684=CARTESIAN_POINT('Ctrl Pts',(96.1235625,6.953875,25.));
#3685=CARTESIAN_POINT('Ctrl Pts',(96.1553125,7.1523125,0.));
#3686=CARTESIAN_POINT('Ctrl Pts',(96.1553125,7.1523125,25.));
#3687=CARTESIAN_POINT('Ctrl Pts',(96.147375,7.7396875,0.));
#3688=CARTESIAN_POINT('Ctrl Pts',(96.147375,7.7396875,25.));
#3689=CARTESIAN_POINT('',(95.97275,6.6205,2.));
#3690=CARTESIAN_POINT('Ctrl Pts',(96.147375,7.7396875,2.));
#3691=CARTESIAN_POINT('Ctrl Pts',(96.1553125,7.1523125,2.));
#3692=CARTESIAN_POINT('Ctrl Pts',(96.1235625,6.953875,2.));
#3693=CARTESIAN_POINT('Ctrl Pts',(95.97275,6.6205,2.));
#3694=CARTESIAN_POINT('',(95.97275,6.6205,0.));
#3695=CARTESIAN_POINT('Ctrl Pts',(95.97275,6.6205,0.));
#3696=CARTESIAN_POINT('Ctrl Pts',(96.1235625,6.953875,0.));
#3697=CARTESIAN_POINT('Ctrl Pts',(96.1553125,7.1523125,0.));
#3698=CARTESIAN_POINT('Ctrl Pts',(96.147375,7.7396875,0.));
#3699=CARTESIAN_POINT('',(95.97275,6.6205,0.));
#3700=CARTESIAN_POINT('Ctrl Pts',(92.464375,4.763125,0.));
#3701=CARTESIAN_POINT('Ctrl Pts',(92.464375,4.763125,25.));
#3702=CARTESIAN_POINT('Ctrl Pts',(94.38525,5.0091875,0.));
#3703=CARTESIAN_POINT('Ctrl Pts',(94.38525,5.0091875,25.));
#3704=CARTESIAN_POINT('Ctrl Pts',(95.512375,5.6045,0.));
#3705=CARTESIAN_POINT('Ctrl Pts',(95.512375,5.6045,25.));
#3706=CARTESIAN_POINT('Ctrl Pts',(95.97275,6.6205,0.));
#3707=CARTESIAN_POINT('Ctrl Pts',(95.97275,6.6205,25.));
#3708=CARTESIAN_POINT('',(92.464375,4.763125,2.));
#3709=CARTESIAN_POINT('Ctrl Pts',(95.97275,6.6205,2.));
#3710=CARTESIAN_POINT('Ctrl Pts',(95.512375,5.6045,2.));
#3711=CARTESIAN_POINT('Ctrl Pts',(94.38525,5.0091875,2.));
#3712=CARTESIAN_POINT('Ctrl Pts',(92.464375,4.763125,2.));
#3713=CARTESIAN_POINT('',(92.464375,4.763125,0.));
#3714=CARTESIAN_POINT('Ctrl Pts',(92.464375,4.763125,0.));
#3715=CARTESIAN_POINT('Ctrl Pts',(94.38525,5.0091875,0.));
#3716=CARTESIAN_POINT('Ctrl Pts',(95.512375,5.6045,0.));
#3717=CARTESIAN_POINT('Ctrl Pts',(95.97275,6.6205,0.));
#3718=CARTESIAN_POINT('',(92.464375,4.763125,0.));
#3719=CARTESIAN_POINT('Ctrl Pts',(90.400625,4.731375,0.));
#3720=CARTESIAN_POINT('Ctrl Pts',(90.400625,4.731375,25.));
#3721=CARTESIAN_POINT('Ctrl Pts',(90.9959375,4.6758125,0.));
#3722=CARTESIAN_POINT('Ctrl Pts',(90.9959375,4.6758125,25.));
#3723=CARTESIAN_POINT('Ctrl Pts',(91.892875,4.6916875,0.));
#3724=CARTESIAN_POINT('Ctrl Pts',(91.892875,4.6916875,25.));
#3725=CARTESIAN_POINT('Ctrl Pts',(92.464375,4.763125,0.));
#3726=CARTESIAN_POINT('Ctrl Pts',(92.464375,4.763125,25.));
#3727=CARTESIAN_POINT('',(90.400625,4.731375,2.));
#3728=CARTESIAN_POINT('Ctrl Pts',(92.464375,4.763125,2.));
#3729=CARTESIAN_POINT('Ctrl Pts',(91.892875,4.6916875,2.));
#3730=CARTESIAN_POINT('Ctrl Pts',(90.9959375,4.6758125,2.));
#3731=CARTESIAN_POINT('Ctrl Pts',(90.400625,4.731375,2.));
#3732=CARTESIAN_POINT('',(90.400625,4.731375,0.));
#3733=CARTESIAN_POINT('Ctrl Pts',(90.400625,4.731375,0.));
#3734=CARTESIAN_POINT('Ctrl Pts',(90.9959375,4.6758125,0.));
#3735=CARTESIAN_POINT('Ctrl Pts',(91.892875,4.6916875,0.));
#3736=CARTESIAN_POINT('Ctrl Pts',(92.464375,4.763125,0.));
#3737=CARTESIAN_POINT('',(90.400625,4.731375,0.));
#3738=CARTESIAN_POINT('Ctrl Pts',(88.019375,5.080625,0.));
#3739=CARTESIAN_POINT('Ctrl Pts',(88.019375,5.080625,25.));
#3740=CARTESIAN_POINT('Ctrl Pts',(88.019375,5.033,0.));
#3741=CARTESIAN_POINT('Ctrl Pts',(88.019375,5.033,25.));
#3742=CARTESIAN_POINT('Ctrl Pts',(89.4005,4.826625,0.));
#3743=CARTESIAN_POINT('Ctrl Pts',(89.4005,4.826625,25.));
#3744=CARTESIAN_POINT('Ctrl Pts',(90.400625,4.731375,0.));
#3745=CARTESIAN_POINT('Ctrl Pts',(90.400625,4.731375,25.));
#3746=CARTESIAN_POINT('',(88.019375,5.080625,2.));
#3747=CARTESIAN_POINT('Ctrl Pts',(90.400625,4.731375,2.));
#3748=CARTESIAN_POINT('Ctrl Pts',(89.4005,4.826625,2.));
#3749=CARTESIAN_POINT('Ctrl Pts',(88.019375,5.033,2.));
#3750=CARTESIAN_POINT('Ctrl Pts',(88.019375,5.080625,2.));
#3751=CARTESIAN_POINT('',(88.019375,5.080625,0.));
#3752=CARTESIAN_POINT('Ctrl Pts',(88.019375,5.080625,0.));
#3753=CARTESIAN_POINT('Ctrl Pts',(88.019375,5.033,0.));
#3754=CARTESIAN_POINT('Ctrl Pts',(89.4005,4.826625,0.));
#3755=CARTESIAN_POINT('Ctrl Pts',(90.400625,4.731375,0.));
#3756=CARTESIAN_POINT('',(88.019375,5.080625,0.));
#3757=CARTESIAN_POINT('Ctrl Pts',(88.2575,6.1998125,0.));
#3758=CARTESIAN_POINT('Ctrl Pts',(88.2575,6.1998125,25.));
#3759=CARTESIAN_POINT('Ctrl Pts',(88.1305,5.620375,0.));
#3760=CARTESIAN_POINT('Ctrl Pts',(88.1305,5.620375,25.));
#3761=CARTESIAN_POINT('Ctrl Pts',(88.019375,5.112375,0.));
#3762=CARTESIAN_POINT('Ctrl Pts',(88.019375,5.112375,25.));
#3763=CARTESIAN_POINT('Ctrl Pts',(88.019375,5.080625,0.));
#3764=CARTESIAN_POINT('Ctrl Pts',(88.019375,5.080625,25.));
#3765=CARTESIAN_POINT('',(88.2575,6.1998125,2.));
#3766=CARTESIAN_POINT('Ctrl Pts',(88.019375,5.080625,2.));
#3767=CARTESIAN_POINT('Ctrl Pts',(88.019375,5.112375,2.));
#3768=CARTESIAN_POINT('Ctrl Pts',(88.1305,5.620375,2.));
#3769=CARTESIAN_POINT('Ctrl Pts',(88.2575,6.1998125,2.));
#3770=CARTESIAN_POINT('',(88.2575,6.1998125,0.));
#3771=CARTESIAN_POINT('Ctrl Pts',(88.2575,6.1998125,0.));
#3772=CARTESIAN_POINT('Ctrl Pts',(88.1305,5.620375,0.));
#3773=CARTESIAN_POINT('Ctrl Pts',(88.019375,5.112375,0.));
#3774=CARTESIAN_POINT('Ctrl Pts',(88.019375,5.080625,0.));
#3775=CARTESIAN_POINT('',(88.2575,6.1998125,0.));
#3776=CARTESIAN_POINT('Ctrl Pts',(88.6940625,8.4858125,0.));
#3777=CARTESIAN_POINT('Ctrl Pts',(88.6940625,8.4858125,25.));
#3778=CARTESIAN_POINT('Ctrl Pts',(88.590875,7.811125,0.));
#3779=CARTESIAN_POINT('Ctrl Pts',(88.590875,7.811125,25.));
#3780=CARTESIAN_POINT('Ctrl Pts',(88.3924375,6.7871875,0.));
#3781=CARTESIAN_POINT('Ctrl Pts',(88.3924375,6.7871875,25.));
#3782=CARTESIAN_POINT('Ctrl Pts',(88.2575,6.1998125,0.));
#3783=CARTESIAN_POINT('Ctrl Pts',(88.2575,6.1998125,25.));
#3784=CARTESIAN_POINT('',(88.6940625,8.4858125,2.));
#3785=CARTESIAN_POINT('Ctrl Pts',(88.2575,6.1998125,2.));
#3786=CARTESIAN_POINT('Ctrl Pts',(88.3924375,6.7871875,2.));
#3787=CARTESIAN_POINT('Ctrl Pts',(88.590875,7.811125,2.));
#3788=CARTESIAN_POINT('Ctrl Pts',(88.6940625,8.4858125,2.));
#3789=CARTESIAN_POINT('',(88.6940625,8.4858125,0.));
#3790=CARTESIAN_POINT('Ctrl Pts',(88.6940625,8.4858125,0.));
#3791=CARTESIAN_POINT('Ctrl Pts',(88.590875,7.811125,0.));
#3792=CARTESIAN_POINT('Ctrl Pts',(88.3924375,6.7871875,0.));
#3793=CARTESIAN_POINT('Ctrl Pts',(88.2575,6.1998125,0.));
#3794=CARTESIAN_POINT('',(88.6940625,8.4858125,0.));
#3795=CARTESIAN_POINT('Ctrl Pts',(88.9480625,9.76375,0.));
#3796=CARTESIAN_POINT('Ctrl Pts',(88.9480625,9.76375,25.));
#3797=CARTESIAN_POINT('Ctrl Pts',(88.9163125,9.732,0.));
#3798=CARTESIAN_POINT('Ctrl Pts',(88.9163125,9.732,25.));
#3799=CARTESIAN_POINT('Ctrl Pts',(88.79725,9.1605,0.));
#3800=CARTESIAN_POINT('Ctrl Pts',(88.79725,9.1605,25.));
#3801=CARTESIAN_POINT('Ctrl Pts',(88.6940625,8.4858125,0.));
#3802=CARTESIAN_POINT('Ctrl Pts',(88.6940625,8.4858125,25.));
#3803=CARTESIAN_POINT('',(88.9480625,9.76375,2.));
#3804=CARTESIAN_POINT('Ctrl Pts',(88.6940625,8.4858125,2.));
#3805=CARTESIAN_POINT('Ctrl Pts',(88.79725,9.1605,2.));
#3806=CARTESIAN_POINT('Ctrl Pts',(88.9163125,9.732,2.));
#3807=CARTESIAN_POINT('Ctrl Pts',(88.9480625,9.76375,2.));
#3808=CARTESIAN_POINT('',(88.9480625,9.76375,0.));
#3809=CARTESIAN_POINT('Ctrl Pts',(88.9480625,9.76375,0.));
#3810=CARTESIAN_POINT('Ctrl Pts',(88.9163125,9.732,0.));
#3811=CARTESIAN_POINT('Ctrl Pts',(88.79725,9.1605,0.));
#3812=CARTESIAN_POINT('Ctrl Pts',(88.6940625,8.4858125,0.));
#3813=CARTESIAN_POINT('',(88.9480625,9.76375,0.));
#3814=CARTESIAN_POINT('Ctrl Pts',(89.8370625,10.4384375,0.));
#3815=CARTESIAN_POINT('Ctrl Pts',(89.8370625,10.4384375,25.));
#3816=CARTESIAN_POINT('Ctrl Pts',(89.384625,10.097125,0.));
#3817=CARTESIAN_POINT('Ctrl Pts',(89.384625,10.097125,25.));
#3818=CARTESIAN_POINT('Ctrl Pts',(88.9798125,9.7955,0.));
#3819=CARTESIAN_POINT('Ctrl Pts',(88.9798125,9.7955,25.));
#3820=CARTESIAN_POINT('Ctrl Pts',(88.9480625,9.76375,0.));
#3821=CARTESIAN_POINT('Ctrl Pts',(88.9480625,9.76375,25.));
#3822=CARTESIAN_POINT('',(89.8370625,10.4384375,2.));
#3823=CARTESIAN_POINT('Ctrl Pts',(88.9480625,9.76375,2.));
#3824=CARTESIAN_POINT('Ctrl Pts',(88.9798125,9.7955,2.));
#3825=CARTESIAN_POINT('Ctrl Pts',(89.384625,10.097125,2.));
#3826=CARTESIAN_POINT('Ctrl Pts',(89.8370625,10.4384375,2.));
#3827=CARTESIAN_POINT('',(89.8370625,10.4384375,0.));
#3828=CARTESIAN_POINT('Ctrl Pts',(89.8370625,10.4384375,0.));
#3829=CARTESIAN_POINT('Ctrl Pts',(89.384625,10.097125,0.));
#3830=CARTESIAN_POINT('Ctrl Pts',(88.9798125,9.7955,0.));
#3831=CARTESIAN_POINT('Ctrl Pts',(88.9480625,9.76375,0.));
#3832=CARTESIAN_POINT('',(89.8370625,10.4384375,0.));
#3833=CARTESIAN_POINT('Ctrl Pts',(92.8691875,12.9943125,0.));
#3834=CARTESIAN_POINT('Ctrl Pts',(92.8691875,12.9943125,25.));
#3835=CARTESIAN_POINT('Ctrl Pts',(92.09925,12.256125,0.));
#3836=CARTESIAN_POINT('Ctrl Pts',(92.09925,12.256125,25.));
#3837=CARTESIAN_POINT('Ctrl Pts',(90.781625,11.1528125,0.));
#3838=CARTESIAN_POINT('Ctrl Pts',(90.781625,11.1528125,25.));
#3839=CARTESIAN_POINT('Ctrl Pts',(89.8370625,10.4384375,0.));
#3840=CARTESIAN_POINT('Ctrl Pts',(89.8370625,10.4384375,25.));
#3841=CARTESIAN_POINT('',(92.8691875,12.9943125,2.));
#3842=CARTESIAN_POINT('Ctrl Pts',(89.8370625,10.4384375,2.));
#3843=CARTESIAN_POINT('Ctrl Pts',(90.781625,11.1528125,2.));
#3844=CARTESIAN_POINT('Ctrl Pts',(92.09925,12.256125,2.));
#3845=CARTESIAN_POINT('Ctrl Pts',(92.8691875,12.9943125,2.));
#3846=CARTESIAN_POINT('',(92.8691875,12.9943125,0.));
#3847=CARTESIAN_POINT('Ctrl Pts',(92.8691875,12.9943125,0.));
#3848=CARTESIAN_POINT('Ctrl Pts',(92.09925,12.256125,0.));
#3849=CARTESIAN_POINT('Ctrl Pts',(90.781625,11.1528125,0.));
#3850=CARTESIAN_POINT('Ctrl Pts',(89.8370625,10.4384375,0.));
#3851=CARTESIAN_POINT('',(92.8691875,12.9943125,0.));
#3852=CARTESIAN_POINT('Origin',(93.401,13.5023125,0.));
#3853=CARTESIAN_POINT('',(93.401,13.5023125,2.));
#3854=CARTESIAN_POINT('',(86.5253444962143,6.93452216802563,2.));
#3855=CARTESIAN_POINT('',(93.401,13.5023125,0.));
#3856=CARTESIAN_POINT('',(86.5253444962143,6.93452216802563,0.));
#3857=CARTESIAN_POINT('',(93.401,13.5023125,0.));
#3858=CARTESIAN_POINT('Origin',(93.7899375,13.00225,0.));
#3859=CARTESIAN_POINT('',(94.3416098557692,12.2929569711539,2.));
#3860=CARTESIAN_POINT('',(94.3416098557692,12.2929569711539,0.));
#3861=CARTESIAN_POINT('Ctrl Pts',(84.8364375,3.28675,0.));
#3862=CARTESIAN_POINT('Ctrl Pts',(84.8364375,3.28675,25.));
#3863=CARTESIAN_POINT('Ctrl Pts',(84.8205625,3.302625,0.));
#3864=CARTESIAN_POINT('Ctrl Pts',(84.8205625,3.302625,25.));
#3865=CARTESIAN_POINT('Ctrl Pts',(84.431625,3.429625,0.));
#3866=CARTESIAN_POINT('Ctrl Pts',(84.431625,3.429625,25.));
#3867=CARTESIAN_POINT('Ctrl Pts',(83.97125,3.5725,0.));
#3868=CARTESIAN_POINT('Ctrl Pts',(83.97125,3.5725,25.));
#3869=CARTESIAN_POINT('',(83.97125,3.5725,2.));
#3870=CARTESIAN_POINT('',(84.8364375,3.28675,2.));
#3871=CARTESIAN_POINT('Ctrl Pts',(83.97125,3.5725,2.));
#3872=CARTESIAN_POINT('Ctrl Pts',(84.431625,3.429625,2.));
#3873=CARTESIAN_POINT('Ctrl Pts',(84.8205625,3.302625,2.));
#3874=CARTESIAN_POINT('Ctrl Pts',(84.8364375,3.28675,2.));
#3875=CARTESIAN_POINT('',(83.97125,3.5725,0.));
#3876=CARTESIAN_POINT('',(83.97125,3.5725,0.));
#3877=CARTESIAN_POINT('',(84.8364375,3.28675,0.));
#3878=CARTESIAN_POINT('Ctrl Pts',(84.8364375,3.28675,0.));
#3879=CARTESIAN_POINT('Ctrl Pts',(84.8205625,3.302625,0.));
#3880=CARTESIAN_POINT('Ctrl Pts',(84.431625,3.429625,0.));
#3881=CARTESIAN_POINT('Ctrl Pts',(83.97125,3.5725,0.));
#3882=CARTESIAN_POINT('',(84.8364375,3.28675,0.));
#3883=CARTESIAN_POINT('Ctrl Pts',(83.241,-0.0787499999999997,0.));
#3884=CARTESIAN_POINT('Ctrl Pts',(83.241,-0.0787499999999997,25.));
#3885=CARTESIAN_POINT('Ctrl Pts',(83.84425,0.849937499999999,0.));
#3886=CARTESIAN_POINT('Ctrl Pts',(83.84425,0.849937499999999,25.));
#3887=CARTESIAN_POINT('Ctrl Pts',(84.9475625,3.1835625,0.));
#3888=CARTESIAN_POINT('Ctrl Pts',(84.9475625,3.1835625,25.));
#3889=CARTESIAN_POINT('Ctrl Pts',(84.8364375,3.28675,0.));
#3890=CARTESIAN_POINT('Ctrl Pts',(84.8364375,3.28675,25.));
#3891=CARTESIAN_POINT('',(83.241,-0.0787499999999997,2.));
#3892=CARTESIAN_POINT('Ctrl Pts',(84.8364375,3.28675,2.));
#3893=CARTESIAN_POINT('Ctrl Pts',(84.9475625,3.1835625,2.));
#3894=CARTESIAN_POINT('Ctrl Pts',(83.84425,0.849937499999999,2.));
#3895=CARTESIAN_POINT('Ctrl Pts',(83.241,-0.0787499999999997,2.));
#3896=CARTESIAN_POINT('',(83.241,-0.0787499999999997,0.));
#3897=CARTESIAN_POINT('Ctrl Pts',(83.241,-0.0787499999999997,0.));
#3898=CARTESIAN_POINT('Ctrl Pts',(83.84425,0.849937499999999,0.));
#3899=CARTESIAN_POINT('Ctrl Pts',(84.9475625,3.1835625,0.));
#3900=CARTESIAN_POINT('Ctrl Pts',(84.8364375,3.28675,0.));
#3901=CARTESIAN_POINT('',(83.241,-0.0787499999999997,0.));
#3902=CARTESIAN_POINT('Ctrl Pts',(81.0105625,-2.2615625,0.));
#3903=CARTESIAN_POINT('Ctrl Pts',(81.0105625,-2.2615625,25.));
#3904=CARTESIAN_POINT('Ctrl Pts',(81.574125,-1.9916875,0.));
#3905=CARTESIAN_POINT('Ctrl Pts',(81.574125,-1.9916875,25.));
#3906=CARTESIAN_POINT('Ctrl Pts',(82.7568125,-0.8328125,0.));
#3907=CARTESIAN_POINT('Ctrl Pts',(82.7568125,-0.8328125,25.));
#3908=CARTESIAN_POINT('Ctrl Pts',(83.241,-0.0787499999999997,0.));
#3909=CARTESIAN_POINT('Ctrl Pts',(83.241,-0.0787499999999997,25.));
#3910=CARTESIAN_POINT('',(81.0105625,-2.2615625,2.));
#3911=CARTESIAN_POINT('Ctrl Pts',(83.241,-0.0787499999999997,2.));
#3912=CARTESIAN_POINT('Ctrl Pts',(82.7568125,-0.8328125,2.));
#3913=CARTESIAN_POINT('Ctrl Pts',(81.574125,-1.9916875,2.));
#3914=CARTESIAN_POINT('Ctrl Pts',(81.0105625,-2.2615625,2.));
#3915=CARTESIAN_POINT('',(81.0105625,-2.2615625,0.));
#3916=CARTESIAN_POINT('Ctrl Pts',(81.0105625,-2.2615625,0.));
#3917=CARTESIAN_POINT('Ctrl Pts',(81.574125,-1.9916875,0.));
#3918=CARTESIAN_POINT('Ctrl Pts',(82.7568125,-0.8328125,0.));
#3919=CARTESIAN_POINT('Ctrl Pts',(83.241,-0.0787499999999997,0.));
#3920=CARTESIAN_POINT('',(81.0105625,-2.2615625,0.));
#3921=CARTESIAN_POINT('Ctrl Pts',(79.192875,-2.4361875,0.));
#3922=CARTESIAN_POINT('Ctrl Pts',(79.192875,-2.4361875,25.));
#3923=CARTESIAN_POINT('Ctrl Pts',(79.65325,-2.602875,0.));
#3924=CARTESIAN_POINT('Ctrl Pts',(79.65325,-2.602875,25.));
#3925=CARTESIAN_POINT('Ctrl Pts',(80.462875,-2.5235,0.));
#3926=CARTESIAN_POINT('Ctrl Pts',(80.462875,-2.5235,25.));
#3927=CARTESIAN_POINT('Ctrl Pts',(81.0105625,-2.2615625,0.));
#3928=CARTESIAN_POINT('Ctrl Pts',(81.0105625,-2.2615625,25.));
#3929=CARTESIAN_POINT('',(79.192875,-2.4361875,2.));
#3930=CARTESIAN_POINT('Ctrl Pts',(81.0105625,-2.2615625,2.));
#3931=CARTESIAN_POINT('Ctrl Pts',(80.462875,-2.5235,2.));
#3932=CARTESIAN_POINT('Ctrl Pts',(79.65325,-2.602875,2.));
#3933=CARTESIAN_POINT('Ctrl Pts',(79.192875,-2.4361875,2.));
#3934=CARTESIAN_POINT('',(79.192875,-2.4361875,0.));
#3935=CARTESIAN_POINT('Ctrl Pts',(79.192875,-2.4361875,0.));
#3936=CARTESIAN_POINT('Ctrl Pts',(79.65325,-2.602875,0.));
#3937=CARTESIAN_POINT('Ctrl Pts',(80.462875,-2.5235,0.));
#3938=CARTESIAN_POINT('Ctrl Pts',(81.0105625,-2.2615625,0.));
#3939=CARTESIAN_POINT('',(79.192875,-2.4361875,0.));
#3940=CARTESIAN_POINT('Ctrl Pts',(75.27175,2.4056875,0.));
#3941=CARTESIAN_POINT('Ctrl Pts',(75.27175,2.4056875,25.));
#3942=CARTESIAN_POINT('Ctrl Pts',(76.367125,-0.189875000000003,0.));
#3943=CARTESIAN_POINT('Ctrl Pts',(76.367125,-0.189875000000003,25.));
#3944=CARTESIAN_POINT('Ctrl Pts',(77.74825,-1.8885,0.));
#3945=CARTESIAN_POINT('Ctrl Pts',(77.74825,-1.8885,25.));
#3946=CARTESIAN_POINT('Ctrl Pts',(79.192875,-2.4361875,0.));
#3947=CARTESIAN_POINT('Ctrl Pts',(79.192875,-2.4361875,25.));
#3948=CARTESIAN_POINT('',(75.27175,2.4056875,2.));
#3949=CARTESIAN_POINT('Ctrl Pts',(79.192875,-2.4361875,2.));
#3950=CARTESIAN_POINT('Ctrl Pts',(77.74825,-1.8885,2.));
#3951=CARTESIAN_POINT('Ctrl Pts',(76.367125,-0.189875000000003,2.));
#3952=CARTESIAN_POINT('Ctrl Pts',(75.27175,2.4056875,2.));
#3953=CARTESIAN_POINT('',(75.27175,2.4056875,0.));
#3954=CARTESIAN_POINT('Ctrl Pts',(75.27175,2.4056875,0.));
#3955=CARTESIAN_POINT('Ctrl Pts',(76.367125,-0.189875000000003,0.));
#3956=CARTESIAN_POINT('Ctrl Pts',(77.74825,-1.8885,0.));
#3957=CARTESIAN_POINT('Ctrl Pts',(79.192875,-2.4361875,0.));
#3958=CARTESIAN_POINT('',(75.27175,2.4056875,0.));
#3959=CARTESIAN_POINT('Ctrl Pts',(75.1050625,3.0565625,0.));
#3960=CARTESIAN_POINT('Ctrl Pts',(75.1050625,3.0565625,25.));
#3961=CARTESIAN_POINT('Ctrl Pts',(75.0415625,3.03275,0.));
#3962=CARTESIAN_POINT('Ctrl Pts',(75.0415625,3.03275,25.));
#3963=CARTESIAN_POINT('Ctrl Pts',(75.097125,2.826375,0.));
#3964=CARTESIAN_POINT('Ctrl Pts',(75.097125,2.826375,25.));
#3965=CARTESIAN_POINT('Ctrl Pts',(75.27175,2.4056875,0.));
#3966=CARTESIAN_POINT('Ctrl Pts',(75.27175,2.4056875,25.));
#3967=CARTESIAN_POINT('',(75.1050625,3.0565625,2.));
#3968=CARTESIAN_POINT('Ctrl Pts',(75.27175,2.4056875,2.));
#3969=CARTESIAN_POINT('Ctrl Pts',(75.097125,2.826375,2.));
#3970=CARTESIAN_POINT('Ctrl Pts',(75.0415625,3.03275,2.));
#3971=CARTESIAN_POINT('Ctrl Pts',(75.1050625,3.0565625,2.));
#3972=CARTESIAN_POINT('',(75.1050625,3.0565625,0.));
#3973=CARTESIAN_POINT('Ctrl Pts',(75.1050625,3.0565625,0.));
#3974=CARTESIAN_POINT('Ctrl Pts',(75.0415625,3.03275,0.));
#3975=CARTESIAN_POINT('Ctrl Pts',(75.097125,2.826375,0.));
#3976=CARTESIAN_POINT('Ctrl Pts',(75.27175,2.4056875,0.));
#3977=CARTESIAN_POINT('',(75.1050625,3.0565625,0.));
#3978=CARTESIAN_POINT('Ctrl Pts',(75.8353125,3.2629375,0.));
#3979=CARTESIAN_POINT('Ctrl Pts',(75.8353125,3.2629375,25.));
#3980=CARTESIAN_POINT('Ctrl Pts',(75.4860625,3.1676875,0.));
#3981=CARTESIAN_POINT('Ctrl Pts',(75.4860625,3.1676875,25.));
#3982=CARTESIAN_POINT('Ctrl Pts',(75.160625,3.0724375,0.));
#3983=CARTESIAN_POINT('Ctrl Pts',(75.160625,3.0724375,25.));
#3984=CARTESIAN_POINT('Ctrl Pts',(75.1050625,3.0565625,0.));
#3985=CARTESIAN_POINT('Ctrl Pts',(75.1050625,3.0565625,25.));
#3986=CARTESIAN_POINT('',(75.8353125,3.2629375,2.));
#3987=CARTESIAN_POINT('Ctrl Pts',(75.1050625,3.0565625,2.));
#3988=CARTESIAN_POINT('Ctrl Pts',(75.160625,3.0724375,2.));
#3989=CARTESIAN_POINT('Ctrl Pts',(75.4860625,3.1676875,2.));
#3990=CARTESIAN_POINT('Ctrl Pts',(75.8353125,3.2629375,2.));
#3991=CARTESIAN_POINT('',(75.8353125,3.2629375,0.));
#3992=CARTESIAN_POINT('Ctrl Pts',(75.8353125,3.2629375,0.));
#3993=CARTESIAN_POINT('Ctrl Pts',(75.4860625,3.1676875,0.));
#3994=CARTESIAN_POINT('Ctrl Pts',(75.160625,3.0724375,0.));
#3995=CARTESIAN_POINT('Ctrl Pts',(75.1050625,3.0565625,0.));
#3996=CARTESIAN_POINT('',(75.8353125,3.2629375,0.));
#3997=CARTESIAN_POINT('Ctrl Pts',(79.5183125,4.5329375,0.));
#3998=CARTESIAN_POINT('Ctrl Pts',(79.5183125,4.5329375,25.));
#3999=CARTESIAN_POINT('Ctrl Pts',(78.5975625,4.1519375,0.));
#4000=CARTESIAN_POINT('Ctrl Pts',(78.5975625,4.1519375,25.));
#4001=CARTESIAN_POINT('Ctrl Pts',(76.684625,3.493125,0.));
#4002=CARTESIAN_POINT('Ctrl Pts',(76.684625,3.493125,25.));
#4003=CARTESIAN_POINT('Ctrl Pts',(75.8353125,3.2629375,0.));
#4004=CARTESIAN_POINT('Ctrl Pts',(75.8353125,3.2629375,25.));
#4005=CARTESIAN_POINT('',(79.5183125,4.5329375,2.));
#4006=CARTESIAN_POINT('Ctrl Pts',(75.8353125,3.2629375,2.));
#4007=CARTESIAN_POINT('Ctrl Pts',(76.684625,3.493125,2.));
#4008=CARTESIAN_POINT('Ctrl Pts',(78.5975625,4.1519375,2.));
#4009=CARTESIAN_POINT('Ctrl Pts',(79.5183125,4.5329375,2.));
#4010=CARTESIAN_POINT('',(79.5183125,4.5329375,0.));
#4011=CARTESIAN_POINT('Ctrl Pts',(79.5183125,4.5329375,0.));
#4012=CARTESIAN_POINT('Ctrl Pts',(78.5975625,4.1519375,0.));
#4013=CARTESIAN_POINT('Ctrl Pts',(76.684625,3.493125,0.));
#4014=CARTESIAN_POINT('Ctrl Pts',(75.8353125,3.2629375,0.));
#4015=CARTESIAN_POINT('',(79.5183125,4.5329375,0.));
#4016=CARTESIAN_POINT('Ctrl Pts',(80.3835,4.8425,0.));
#4017=CARTESIAN_POINT('Ctrl Pts',(80.3835,4.8425,25.));
#4018=CARTESIAN_POINT('Ctrl Pts',(80.3120625,4.8425,0.));
#4019=CARTESIAN_POINT('Ctrl Pts',(80.3120625,4.8425,25.));
#4020=CARTESIAN_POINT('Ctrl Pts',(79.923125,4.7075625,0.));
#4021=CARTESIAN_POINT('Ctrl Pts',(79.923125,4.7075625,25.));
#4022=CARTESIAN_POINT('Ctrl Pts',(79.5183125,4.5329375,0.));
#4023=CARTESIAN_POINT('Ctrl Pts',(79.5183125,4.5329375,25.));
#4024=CARTESIAN_POINT('',(80.3835,4.8425,2.));
#4025=CARTESIAN_POINT('Ctrl Pts',(79.5183125,4.5329375,2.));
#4026=CARTESIAN_POINT('Ctrl Pts',(79.923125,4.7075625,2.));
#4027=CARTESIAN_POINT('Ctrl Pts',(80.3120625,4.8425,2.));
#4028=CARTESIAN_POINT('Ctrl Pts',(80.3835,4.8425,2.));
#4029=CARTESIAN_POINT('',(80.3835,4.8425,0.));
#4030=CARTESIAN_POINT('Ctrl Pts',(80.3835,4.8425,0.));
#4031=CARTESIAN_POINT('Ctrl Pts',(80.3120625,4.8425,0.));
#4032=CARTESIAN_POINT('Ctrl Pts',(79.923125,4.7075625,0.));
#4033=CARTESIAN_POINT('Ctrl Pts',(79.5183125,4.5329375,0.));
#4034=CARTESIAN_POINT('',(80.3835,4.8425,0.));
#4035=CARTESIAN_POINT('Ctrl Pts',(81.8201875,4.3345,0.));
#4036=CARTESIAN_POINT('Ctrl Pts',(81.8201875,4.3345,25.));
#4037=CARTESIAN_POINT('Ctrl Pts',(81.097875,4.6123125,0.));
#4038=CARTESIAN_POINT('Ctrl Pts',(81.097875,4.6123125,25.));
#4039=CARTESIAN_POINT('Ctrl Pts',(80.447,4.8425,0.));
#4040=CARTESIAN_POINT('Ctrl Pts',(80.447,4.8425,25.));
#4041=CARTESIAN_POINT('Ctrl Pts',(80.3835,4.8425,0.));
#4042=CARTESIAN_POINT('Ctrl Pts',(80.3835,4.8425,25.));
#4043=CARTESIAN_POINT('',(81.8201875,4.3345,2.));
#4044=CARTESIAN_POINT('Ctrl Pts',(80.3835,4.8425,2.));
#4045=CARTESIAN_POINT('Ctrl Pts',(80.447,4.8425,2.));
#4046=CARTESIAN_POINT('Ctrl Pts',(81.097875,4.6123125,2.));
#4047=CARTESIAN_POINT('Ctrl Pts',(81.8201875,4.3345,2.));
#4048=CARTESIAN_POINT('',(81.8201875,4.3345,0.));
#4049=CARTESIAN_POINT('Ctrl Pts',(81.8201875,4.3345,0.));
#4050=CARTESIAN_POINT('Ctrl Pts',(81.097875,4.6123125,0.));
#4051=CARTESIAN_POINT('Ctrl Pts',(80.447,4.8425,0.));
#4052=CARTESIAN_POINT('Ctrl Pts',(80.3835,4.8425,0.));
#4053=CARTESIAN_POINT('',(81.8201875,4.3345,0.));
#4054=CARTESIAN_POINT('Ctrl Pts',(83.97125,3.5725,0.));
#4055=CARTESIAN_POINT('Ctrl Pts',(83.97125,3.5725,25.));
#4056=CARTESIAN_POINT('Ctrl Pts',(83.510875,3.7074375,0.));
#4057=CARTESIAN_POINT('Ctrl Pts',(83.510875,3.7074375,25.));
#4058=CARTESIAN_POINT('Ctrl Pts',(82.5425,4.0566875,0.));
#4059=CARTESIAN_POINT('Ctrl Pts',(82.5425,4.0566875,25.));
#4060=CARTESIAN_POINT('Ctrl Pts',(81.8201875,4.3345,0.));
#4061=CARTESIAN_POINT('Ctrl Pts',(81.8201875,4.3345,25.));
#4062=CARTESIAN_POINT('Ctrl Pts',(81.8201875,4.3345,2.));
#4063=CARTESIAN_POINT('Ctrl Pts',(82.5425,4.0566875,2.));
#4064=CARTESIAN_POINT('Ctrl Pts',(83.510875,3.7074375,2.));
#4065=CARTESIAN_POINT('Ctrl Pts',(83.97125,3.5725,2.));
#4066=CARTESIAN_POINT('Ctrl Pts',(83.97125,3.5725,0.));
#4067=CARTESIAN_POINT('Ctrl Pts',(83.510875,3.7074375,0.));
#4068=CARTESIAN_POINT('Ctrl Pts',(82.5425,4.0566875,0.));
#4069=CARTESIAN_POINT('Ctrl Pts',(81.8201875,4.3345,0.));
#4070=CARTESIAN_POINT('Ctrl Pts',(70.9458125,21.0111875,0.));
#4071=CARTESIAN_POINT('Ctrl Pts',(70.9458125,21.0111875,25.));
#4072=CARTESIAN_POINT('Ctrl Pts',(71.064875,22.0430625,0.));
#4073=CARTESIAN_POINT('Ctrl Pts',(71.064875,22.0430625,25.));
#4074=CARTESIAN_POINT('Ctrl Pts',(71.3665,23.7099375,0.));
#4075=CARTESIAN_POINT('Ctrl Pts',(71.3665,23.7099375,25.));
#4076=CARTESIAN_POINT('Ctrl Pts',(71.6284375,24.829125,0.));
#4077=CARTESIAN_POINT('Ctrl Pts',(71.6284375,24.829125,25.));
#4078=CARTESIAN_POINT('',(71.6284375,24.829125,2.));
#4079=CARTESIAN_POINT('',(70.9458125,21.0111875,2.));
#4080=CARTESIAN_POINT('Ctrl Pts',(71.6284375,24.829125,2.));
#4081=CARTESIAN_POINT('Ctrl Pts',(71.3665,23.7099375,2.));
#4082=CARTESIAN_POINT('Ctrl Pts',(71.064875,22.0430625,2.));
#4083=CARTESIAN_POINT('Ctrl Pts',(70.9458125,21.0111875,2.));
#4084=CARTESIAN_POINT('',(71.6284375,24.829125,0.));
#4085=CARTESIAN_POINT('',(71.6284375,24.829125,0.));
#4086=CARTESIAN_POINT('',(70.9458125,21.0111875,0.));
#4087=CARTESIAN_POINT('Ctrl Pts',(70.9458125,21.0111875,0.));
#4088=CARTESIAN_POINT('Ctrl Pts',(71.064875,22.0430625,0.));
#4089=CARTESIAN_POINT('Ctrl Pts',(71.3665,23.7099375,0.));
#4090=CARTESIAN_POINT('Ctrl Pts',(71.6284375,24.829125,0.));
#4091=CARTESIAN_POINT('',(70.9458125,21.0111875,0.));
#4092=CARTESIAN_POINT('Origin',(70.842625,20.146,0.));
#4093=CARTESIAN_POINT('',(70.842625,20.146,2.));
#4094=CARTESIAN_POINT('',(69.7223226919087,10.7526960321577,2.));
#4095=CARTESIAN_POINT('',(70.842625,20.146,0.));
#4096=CARTESIAN_POINT('',(69.7223226919087,10.7526960321577,0.));
#4097=CARTESIAN_POINT('',(70.842625,20.146,0.));
#4098=CARTESIAN_POINT('Origin',(69.9695,19.4236875,0.));
#4099=CARTESIAN_POINT('',(69.9695,19.4236875,2.));
#4100=CARTESIAN_POINT('',(68.1770937913988,17.94087872743,2.));
#4101=CARTESIAN_POINT('',(69.9695,19.4236875,0.));
#4102=CARTESIAN_POINT('',(68.1770937913988,17.94087872743,0.));
#4103=CARTESIAN_POINT('',(69.9695,19.4236875,0.));
#4104=CARTESIAN_POINT('Ctrl Pts',(68.2470625,17.9235,0.));
#4105=CARTESIAN_POINT('Ctrl Pts',(68.2470625,17.9235,25.));
#4106=CARTESIAN_POINT('Ctrl Pts',(68.7074375,18.352125,0.));
#4107=CARTESIAN_POINT('Ctrl Pts',(68.7074375,18.352125,25.));
#4108=CARTESIAN_POINT('Ctrl Pts',(69.4853125,19.0268125,0.));
#4109=CARTESIAN_POINT('Ctrl Pts',(69.4853125,19.0268125,25.));
#4110=CARTESIAN_POINT('Ctrl Pts',(69.9695,19.4236875,0.));
#4111=CARTESIAN_POINT('Ctrl Pts',(69.9695,19.4236875,25.));
#4112=CARTESIAN_POINT('',(68.2470625,17.9235,2.));
#4113=CARTESIAN_POINT('Ctrl Pts',(69.9695,19.4236875,2.));
#4114=CARTESIAN_POINT('Ctrl Pts',(69.4853125,19.0268125,2.));
#4115=CARTESIAN_POINT('Ctrl Pts',(68.7074375,18.352125,2.));
#4116=CARTESIAN_POINT('Ctrl Pts',(68.2470625,17.9235,2.));
#4117=CARTESIAN_POINT('',(68.2470625,17.9235,0.));
#4118=CARTESIAN_POINT('Ctrl Pts',(68.2470625,17.9235,0.));
#4119=CARTESIAN_POINT('Ctrl Pts',(68.7074375,18.352125,0.));
#4120=CARTESIAN_POINT('Ctrl Pts',(69.4853125,19.0268125,0.));
#4121=CARTESIAN_POINT('Ctrl Pts',(69.9695,19.4236875,0.));
#4122=CARTESIAN_POINT('',(68.2470625,17.9235,0.));
#4123=CARTESIAN_POINT('Origin',(67.39775,17.145625,0.));
#4124=CARTESIAN_POINT('',(67.39775,17.145625,2.));
#4125=CARTESIAN_POINT('',(66.5545004987413,16.3733030268846,2.));
#4126=CARTESIAN_POINT('',(67.39775,17.145625,0.));
#4127=CARTESIAN_POINT('',(66.5545004987413,16.3733030268846,0.));
#4128=CARTESIAN_POINT('',(67.39775,17.145625,0.));
#4129=CARTESIAN_POINT('Origin',(67.08025,17.5186875,0.));
#4130=CARTESIAN_POINT('',(67.08025,17.5186875,2.));
#4131=CARTESIAN_POINT('',(74.1171012076659,9.25038733099224,2.));
#4132=CARTESIAN_POINT('',(67.08025,17.5186875,0.));
#4133=CARTESIAN_POINT('',(74.1171012076659,9.25038733099225,0.));
#4134=CARTESIAN_POINT('',(67.08025,17.5186875,0.));
#4135=CARTESIAN_POINT('Ctrl Pts',(64.826,21.51125,0.));
#4136=CARTESIAN_POINT('Ctrl Pts',(64.826,21.51125,25.));
#4137=CARTESIAN_POINT('Ctrl Pts',(65.1990625,20.3285625,0.));
#4138=CARTESIAN_POINT('Ctrl Pts',(65.1990625,20.3285625,25.));
#4139=CARTESIAN_POINT('Ctrl Pts',(66.1515625,18.637875,0.));
#4140=CARTESIAN_POINT('Ctrl Pts',(66.1515625,18.637875,25.));
#4141=CARTESIAN_POINT('Ctrl Pts',(67.08025,17.5186875,0.));
#4142=CARTESIAN_POINT('Ctrl Pts',(67.08025,17.5186875,25.));
#4143=CARTESIAN_POINT('',(64.826,21.51125,2.));
#4144=CARTESIAN_POINT('Ctrl Pts',(67.08025,17.5186875,2.));
#4145=CARTESIAN_POINT('Ctrl Pts',(66.1515625,18.637875,2.));
#4146=CARTESIAN_POINT('Ctrl Pts',(65.1990625,20.3285625,2.));
#4147=CARTESIAN_POINT('Ctrl Pts',(64.826,21.51125,2.));
#4148=CARTESIAN_POINT('',(64.826,21.51125,0.));
#4149=CARTESIAN_POINT('Ctrl Pts',(64.826,21.51125,0.));
#4150=CARTESIAN_POINT('Ctrl Pts',(65.1990625,20.3285625,0.));
#4151=CARTESIAN_POINT('Ctrl Pts',(66.1515625,18.637875,0.));
#4152=CARTESIAN_POINT('Ctrl Pts',(67.08025,17.5186875,0.));
#4153=CARTESIAN_POINT('',(64.826,21.51125,0.));
#4154=CARTESIAN_POINT('Ctrl Pts',(64.85775,24.098875,0.));
#4155=CARTESIAN_POINT('Ctrl Pts',(64.85775,24.098875,25.));
#4156=CARTESIAN_POINT('Ctrl Pts',(64.572,23.5353125,0.));
#4157=CARTESIAN_POINT('Ctrl Pts',(64.572,23.5353125,25.));
#4158=CARTESIAN_POINT('Ctrl Pts',(64.556125,22.384375,0.));
#4159=CARTESIAN_POINT('Ctrl Pts',(64.556125,22.384375,25.));
#4160=CARTESIAN_POINT('Ctrl Pts',(64.826,21.51125,0.));
#4161=CARTESIAN_POINT('Ctrl Pts',(64.826,21.51125,25.));
#4162=CARTESIAN_POINT('',(64.85775,24.098875,2.));
#4163=CARTESIAN_POINT('Ctrl Pts',(64.826,21.51125,2.));
#4164=CARTESIAN_POINT('Ctrl Pts',(64.556125,22.384375,2.));
#4165=CARTESIAN_POINT('Ctrl Pts',(64.572,23.5353125,2.));
#4166=CARTESIAN_POINT('Ctrl Pts',(64.85775,24.098875,2.));
#4167=CARTESIAN_POINT('',(64.85775,24.098875,0.));
#4168=CARTESIAN_POINT('Ctrl Pts',(64.85775,24.098875,0.));
#4169=CARTESIAN_POINT('Ctrl Pts',(64.572,23.5353125,0.));
#4170=CARTESIAN_POINT('Ctrl Pts',(64.556125,22.384375,0.));
#4171=CARTESIAN_POINT('Ctrl Pts',(64.826,21.51125,0.));
#4172=CARTESIAN_POINT('',(64.85775,24.098875,0.));
#4173=CARTESIAN_POINT('Ctrl Pts',(70.668,25.876875,0.));
#4174=CARTESIAN_POINT('Ctrl Pts',(70.668,25.876875,25.));
#4175=CARTESIAN_POINT('Ctrl Pts',(67.7073125,26.130875,0.));
#4176=CARTESIAN_POINT('Ctrl Pts',(67.7073125,26.130875,25.));
#4177=CARTESIAN_POINT('Ctrl Pts',(65.572125,25.48,0.));
#4178=CARTESIAN_POINT('Ctrl Pts',(65.572125,25.48,25.));
#4179=CARTESIAN_POINT('Ctrl Pts',(64.85775,24.098875,0.));
#4180=CARTESIAN_POINT('Ctrl Pts',(64.85775,24.098875,25.));
#4181=CARTESIAN_POINT('',(70.668,25.876875,2.));
#4182=CARTESIAN_POINT('Ctrl Pts',(64.85775,24.098875,2.));
#4183=CARTESIAN_POINT('Ctrl Pts',(65.572125,25.48,2.));
#4184=CARTESIAN_POINT('Ctrl Pts',(67.7073125,26.130875,2.));
#4185=CARTESIAN_POINT('Ctrl Pts',(70.668,25.876875,2.));
#4186=CARTESIAN_POINT('',(70.668,25.876875,0.));
#4187=CARTESIAN_POINT('Ctrl Pts',(70.668,25.876875,0.));
#4188=CARTESIAN_POINT('Ctrl Pts',(67.7073125,26.130875,0.));
#4189=CARTESIAN_POINT('Ctrl Pts',(65.572125,25.48,0.));
#4190=CARTESIAN_POINT('Ctrl Pts',(64.85775,24.098875,0.));
#4191=CARTESIAN_POINT('',(70.668,25.876875,0.));
#4192=CARTESIAN_POINT('Ctrl Pts',(71.826875,25.718125,0.));
#4193=CARTESIAN_POINT('Ctrl Pts',(71.826875,25.718125,25.));
#4194=CARTESIAN_POINT('Ctrl Pts',(71.826875,25.749875,0.));
#4195=CARTESIAN_POINT('Ctrl Pts',(71.826875,25.749875,25.));
#4196=CARTESIAN_POINT('Ctrl Pts',(71.303,25.8213125,0.));
#4197=CARTESIAN_POINT('Ctrl Pts',(71.303,25.8213125,25.));
#4198=CARTESIAN_POINT('Ctrl Pts',(70.668,25.876875,0.));
#4199=CARTESIAN_POINT('Ctrl Pts',(70.668,25.876875,25.));
#4200=CARTESIAN_POINT('',(71.826875,25.718125,2.));
#4201=CARTESIAN_POINT('Ctrl Pts',(70.668,25.876875,2.));
#4202=CARTESIAN_POINT('Ctrl Pts',(71.303,25.8213125,2.));
#4203=CARTESIAN_POINT('Ctrl Pts',(71.826875,25.749875,2.));
#4204=CARTESIAN_POINT('Ctrl Pts',(71.826875,25.718125,2.));
#4205=CARTESIAN_POINT('',(71.826875,25.718125,0.));
#4206=CARTESIAN_POINT('Ctrl Pts',(71.826875,25.718125,0.));
#4207=CARTESIAN_POINT('Ctrl Pts',(71.826875,25.749875,0.));
#4208=CARTESIAN_POINT('Ctrl Pts',(71.303,25.8213125,0.));
#4209=CARTESIAN_POINT('Ctrl Pts',(70.668,25.876875,0.));
#4210=CARTESIAN_POINT('',(71.826875,25.718125,0.));
#4211=CARTESIAN_POINT('Ctrl Pts',(71.6284375,24.829125,0.));
#4212=CARTESIAN_POINT('Ctrl Pts',(71.6284375,24.829125,25.));
#4213=CARTESIAN_POINT('Ctrl Pts',(71.7395625,25.2815625,0.));
#4214=CARTESIAN_POINT('Ctrl Pts',(71.7395625,25.2815625,25.));
#4215=CARTESIAN_POINT('Ctrl Pts',(71.826875,25.6784375,0.));
#4216=CARTESIAN_POINT('Ctrl Pts',(71.826875,25.6784375,25.));
#4217=CARTESIAN_POINT('Ctrl Pts',(71.826875,25.718125,0.));
#4218=CARTESIAN_POINT('Ctrl Pts',(71.826875,25.718125,25.));
#4219=CARTESIAN_POINT('Ctrl Pts',(71.826875,25.718125,2.));
#4220=CARTESIAN_POINT('Ctrl Pts',(71.826875,25.6784375,2.));
#4221=CARTESIAN_POINT('Ctrl Pts',(71.7395625,25.2815625,2.));
#4222=CARTESIAN_POINT('Ctrl Pts',(71.6284375,24.829125,2.));
#4223=CARTESIAN_POINT('Ctrl Pts',(71.6284375,24.829125,0.));
#4224=CARTESIAN_POINT('Ctrl Pts',(71.7395625,25.2815625,0.));
#4225=CARTESIAN_POINT('Ctrl Pts',(71.826875,25.6784375,0.));
#4226=CARTESIAN_POINT('Ctrl Pts',(71.826875,25.718125,0.));
#4227=CARTESIAN_POINT('Ctrl Pts',(86.0746875,23.03525,0.));
#4228=CARTESIAN_POINT('Ctrl Pts',(86.0746875,23.03525,25.));
#4229=CARTESIAN_POINT('Ctrl Pts',(85.908,23.86075,0.));
#4230=CARTESIAN_POINT('Ctrl Pts',(85.908,23.86075,25.));
#4231=CARTESIAN_POINT('Ctrl Pts',(85.6143125,25.00375,0.));
#4232=CARTESIAN_POINT('Ctrl Pts',(85.6143125,25.00375,25.));
#4233=CARTESIAN_POINT('Ctrl Pts',(85.574625,25.00375,0.));
#4234=CARTESIAN_POINT('Ctrl Pts',(85.574625,25.00375,25.));
#4235=CARTESIAN_POINT('',(85.574625,25.00375,2.));
#4236=CARTESIAN_POINT('',(86.0746875,23.03525,2.));
#4237=CARTESIAN_POINT('Ctrl Pts',(85.574625,25.00375,2.));
#4238=CARTESIAN_POINT('Ctrl Pts',(85.6143125,25.00375,2.));
#4239=CARTESIAN_POINT('Ctrl Pts',(85.908,23.86075,2.));
#4240=CARTESIAN_POINT('Ctrl Pts',(86.0746875,23.03525,2.));
#4241=CARTESIAN_POINT('',(85.574625,25.00375,0.));
#4242=CARTESIAN_POINT('',(85.574625,25.00375,0.));
#4243=CARTESIAN_POINT('',(86.0746875,23.03525,0.));
#4244=CARTESIAN_POINT('Ctrl Pts',(86.0746875,23.03525,0.));
#4245=CARTESIAN_POINT('Ctrl Pts',(85.908,23.86075,0.));
#4246=CARTESIAN_POINT('Ctrl Pts',(85.6143125,25.00375,0.));
#4247=CARTESIAN_POINT('Ctrl Pts',(85.574625,25.00375,0.));
#4248=CARTESIAN_POINT('',(86.0746875,23.03525,0.));
#4249=CARTESIAN_POINT('Ctrl Pts',(86.0985,22.78125,0.));
#4250=CARTESIAN_POINT('Ctrl Pts',(86.0985,22.78125,25.));
#4251=CARTESIAN_POINT('Ctrl Pts',(86.114375,22.78125,0.));
#4252=CARTESIAN_POINT('Ctrl Pts',(86.114375,22.78125,25.));
#4253=CARTESIAN_POINT('Ctrl Pts',(86.1064375,22.9003125,0.));
#4254=CARTESIAN_POINT('Ctrl Pts',(86.1064375,22.9003125,25.));
#4255=CARTESIAN_POINT('Ctrl Pts',(86.0746875,23.03525,0.));
#4256=CARTESIAN_POINT('Ctrl Pts',(86.0746875,23.03525,25.));
#4257=CARTESIAN_POINT('',(86.0985,22.78125,2.));
#4258=CARTESIAN_POINT('Ctrl Pts',(86.0746875,23.03525,2.));
#4259=CARTESIAN_POINT('Ctrl Pts',(86.1064375,22.9003125,2.));
#4260=CARTESIAN_POINT('Ctrl Pts',(86.114375,22.78125,2.));
#4261=CARTESIAN_POINT('Ctrl Pts',(86.0985,22.78125,2.));
#4262=CARTESIAN_POINT('',(86.0985,22.78125,0.));
#4263=CARTESIAN_POINT('Ctrl Pts',(86.0985,22.78125,0.));
#4264=CARTESIAN_POINT('Ctrl Pts',(86.114375,22.78125,0.));
#4265=CARTESIAN_POINT('Ctrl Pts',(86.1064375,22.9003125,0.));
#4266=CARTESIAN_POINT('Ctrl Pts',(86.0746875,23.03525,0.));
#4267=CARTESIAN_POINT('',(86.0985,22.78125,0.));
#4268=CARTESIAN_POINT('Ctrl Pts',(85.4396875,23.16225,0.));
#4269=CARTESIAN_POINT('Ctrl Pts',(85.4396875,23.16225,25.));
#4270=CARTESIAN_POINT('Ctrl Pts',(85.7889375,22.955875,0.));
#4271=CARTESIAN_POINT('Ctrl Pts',(85.7889375,22.955875,25.));
#4272=CARTESIAN_POINT('Ctrl Pts',(86.082625,22.7891875,0.));
#4273=CARTESIAN_POINT('Ctrl Pts',(86.082625,22.7891875,25.));
#4274=CARTESIAN_POINT('Ctrl Pts',(86.0985,22.78125,0.));
#4275=CARTESIAN_POINT('Ctrl Pts',(86.0985,22.78125,25.));
#4276=CARTESIAN_POINT('',(85.4396875,23.16225,2.));
#4277=CARTESIAN_POINT('Ctrl Pts',(86.0985,22.78125,2.));
#4278=CARTESIAN_POINT('Ctrl Pts',(86.082625,22.7891875,2.));
#4279=CARTESIAN_POINT('Ctrl Pts',(85.7889375,22.955875,2.));
#4280=CARTESIAN_POINT('Ctrl Pts',(85.4396875,23.16225,2.));
#4281=CARTESIAN_POINT('',(85.4396875,23.16225,0.));
#4282=CARTESIAN_POINT('Ctrl Pts',(85.4396875,23.16225,0.));
#4283=CARTESIAN_POINT('Ctrl Pts',(85.7889375,22.955875,0.));
#4284=CARTESIAN_POINT('Ctrl Pts',(86.082625,22.7891875,0.));
#4285=CARTESIAN_POINT('Ctrl Pts',(86.0985,22.78125,0.));
#4286=CARTESIAN_POINT('',(85.4396875,23.16225,0.));
#4287=CARTESIAN_POINT('Ctrl Pts',(84.1538125,23.8925,0.));
#4288=CARTESIAN_POINT('Ctrl Pts',(84.1538125,23.8925,25.));
#4289=CARTESIAN_POINT('Ctrl Pts',(84.511,23.702,0.));
#4290=CARTESIAN_POINT('Ctrl Pts',(84.511,23.702,25.));
#4291=CARTESIAN_POINT('Ctrl Pts',(85.0904375,23.3765625,0.));
#4292=CARTESIAN_POINT('Ctrl Pts',(85.0904375,23.3765625,25.));
#4293=CARTESIAN_POINT('Ctrl Pts',(85.4396875,23.16225,0.));
#4294=CARTESIAN_POINT('Ctrl Pts',(85.4396875,23.16225,25.));
#4295=CARTESIAN_POINT('',(84.1538125,23.8925,2.));
#4296=CARTESIAN_POINT('Ctrl Pts',(85.4396875,23.16225,2.));
#4297=CARTESIAN_POINT('Ctrl Pts',(85.0904375,23.3765625,2.));
#4298=CARTESIAN_POINT('Ctrl Pts',(84.511,23.702,2.));
#4299=CARTESIAN_POINT('Ctrl Pts',(84.1538125,23.8925,2.));
#4300=CARTESIAN_POINT('',(84.1538125,23.8925,0.));
#4301=CARTESIAN_POINT('Ctrl Pts',(84.1538125,23.8925,0.));
#4302=CARTESIAN_POINT('Ctrl Pts',(84.511,23.702,0.));
#4303=CARTESIAN_POINT('Ctrl Pts',(85.0904375,23.3765625,0.));
#4304=CARTESIAN_POINT('Ctrl Pts',(85.4396875,23.16225,0.));
#4305=CARTESIAN_POINT('',(84.1538125,23.8925,0.));
#4306=CARTESIAN_POINT('Ctrl Pts',(83.495,24.30525,0.));
#4307=CARTESIAN_POINT('Ctrl Pts',(83.495,24.30525,25.));
#4308=CARTESIAN_POINT('Ctrl Pts',(83.495,24.2735,0.));
#4309=CARTESIAN_POINT('Ctrl Pts',(83.495,24.2735,25.));
#4310=CARTESIAN_POINT('Ctrl Pts',(83.7886875,24.0909375,0.));
#4311=CARTESIAN_POINT('Ctrl Pts',(83.7886875,24.0909375,25.));
#4312=CARTESIAN_POINT('Ctrl Pts',(84.1538125,23.8925,0.));
#4313=CARTESIAN_POINT('Ctrl Pts',(84.1538125,23.8925,25.));
#4314=CARTESIAN_POINT('',(83.495,24.30525,2.));
#4315=CARTESIAN_POINT('Ctrl Pts',(84.1538125,23.8925,2.));
#4316=CARTESIAN_POINT('Ctrl Pts',(83.7886875,24.0909375,2.));
#4317=CARTESIAN_POINT('Ctrl Pts',(83.495,24.2735,2.));
#4318=CARTESIAN_POINT('Ctrl Pts',(83.495,24.30525,2.));
#4319=CARTESIAN_POINT('',(83.495,24.30525,0.));
#4320=CARTESIAN_POINT('Ctrl Pts',(83.495,24.30525,0.));
#4321=CARTESIAN_POINT('Ctrl Pts',(83.495,24.2735,0.));
#4322=CARTESIAN_POINT('Ctrl Pts',(83.7886875,24.0909375,0.));
#4323=CARTESIAN_POINT('Ctrl Pts',(84.1538125,23.8925,0.));
#4324=CARTESIAN_POINT('',(83.495,24.30525,0.));
#4325=CARTESIAN_POINT('Ctrl Pts',(85.574625,25.00375,0.));
#4326=CARTESIAN_POINT('Ctrl Pts',(85.574625,25.00375,25.));
#4327=CARTESIAN_POINT('Ctrl Pts',(85.4396875,25.00375,0.));
#4328=CARTESIAN_POINT('Ctrl Pts',(85.4396875,25.00375,25.));
#4329=CARTESIAN_POINT('Ctrl Pts',(83.495,24.3449375,0.));
#4330=CARTESIAN_POINT('Ctrl Pts',(83.495,24.3449375,25.));
#4331=CARTESIAN_POINT('Ctrl Pts',(83.495,24.30525,0.));
#4332=CARTESIAN_POINT('Ctrl Pts',(83.495,24.30525,25.));
#4333=CARTESIAN_POINT('Ctrl Pts',(83.495,24.30525,2.));
#4334=CARTESIAN_POINT('Ctrl Pts',(83.495,24.3449375,2.));
#4335=CARTESIAN_POINT('Ctrl Pts',(85.4396875,25.00375,2.));
#4336=CARTESIAN_POINT('Ctrl Pts',(85.574625,25.00375,2.));
#4337=CARTESIAN_POINT('Ctrl Pts',(85.574625,25.00375,0.));
#4338=CARTESIAN_POINT('Ctrl Pts',(85.4396875,25.00375,0.));
#4339=CARTESIAN_POINT('Ctrl Pts',(83.495,24.3449375,0.));
#4340=CARTESIAN_POINT('Ctrl Pts',(83.495,24.30525,0.));
#4341=CARTESIAN_POINT('Ctrl Pts',(71.6284375,5.810875,0.));
#4342=CARTESIAN_POINT('Ctrl Pts',(71.6284375,5.810875,25.));
#4343=CARTESIAN_POINT('Ctrl Pts',(71.3665,6.9300625,0.));
#4344=CARTESIAN_POINT('Ctrl Pts',(71.3665,6.9300625,25.));
#4345=CARTESIAN_POINT('Ctrl Pts',(71.064875,8.5969375,0.));
#4346=CARTESIAN_POINT('Ctrl Pts',(71.064875,8.5969375,25.));
#4347=CARTESIAN_POINT('Ctrl Pts',(70.9458125,9.63675,0.));
#4348=CARTESIAN_POINT('Ctrl Pts',(70.9458125,9.63675,25.));
#4349=CARTESIAN_POINT('',(70.9458125,9.63675,2.));
#4350=CARTESIAN_POINT('',(71.6284375,5.810875,2.));
#4351=CARTESIAN_POINT('Ctrl Pts',(70.9458125,9.63675,2.));
#4352=CARTESIAN_POINT('Ctrl Pts',(71.064875,8.5969375,2.));
#4353=CARTESIAN_POINT('Ctrl Pts',(71.3665,6.9300625,2.));
#4354=CARTESIAN_POINT('Ctrl Pts',(71.6284375,5.810875,2.));
#4355=CARTESIAN_POINT('',(70.9458125,9.63675,0.));
#4356=CARTESIAN_POINT('',(70.9458125,9.63675,0.));
#4357=CARTESIAN_POINT('',(71.6284375,5.810875,0.));
#4358=CARTESIAN_POINT('Ctrl Pts',(71.6284375,5.810875,0.));
#4359=CARTESIAN_POINT('Ctrl Pts',(71.3665,6.9300625,0.));
#4360=CARTESIAN_POINT('Ctrl Pts',(71.064875,8.5969375,0.));
#4361=CARTESIAN_POINT('Ctrl Pts',(70.9458125,9.63675,0.));
#4362=CARTESIAN_POINT('',(71.6284375,5.810875,0.));
#4363=CARTESIAN_POINT('Ctrl Pts',(71.826875,4.9298125,0.));
#4364=CARTESIAN_POINT('Ctrl Pts',(71.826875,4.9298125,25.));
#4365=CARTESIAN_POINT('Ctrl Pts',(71.826875,4.9615625,0.));
#4366=CARTESIAN_POINT('Ctrl Pts',(71.826875,4.9615625,25.));
#4367=CARTESIAN_POINT('Ctrl Pts',(71.7395625,5.3584375,0.));
#4368=CARTESIAN_POINT('Ctrl Pts',(71.7395625,5.3584375,25.));
#4369=CARTESIAN_POINT('Ctrl Pts',(71.6284375,5.810875,0.));
#4370=CARTESIAN_POINT('Ctrl Pts',(71.6284375,5.810875,25.));
#4371=CARTESIAN_POINT('',(71.826875,4.9298125,2.));
#4372=CARTESIAN_POINT('Ctrl Pts',(71.6284375,5.810875,2.));
#4373=CARTESIAN_POINT('Ctrl Pts',(71.7395625,5.3584375,2.));
#4374=CARTESIAN_POINT('Ctrl Pts',(71.826875,4.9615625,2.));
#4375=CARTESIAN_POINT('Ctrl Pts',(71.826875,4.9298125,2.));
#4376=CARTESIAN_POINT('',(71.826875,4.9298125,0.));
#4377=CARTESIAN_POINT('Ctrl Pts',(71.826875,4.9298125,0.));
#4378=CARTESIAN_POINT('Ctrl Pts',(71.826875,4.9615625,0.));
#4379=CARTESIAN_POINT('Ctrl Pts',(71.7395625,5.3584375,0.));
#4380=CARTESIAN_POINT('Ctrl Pts',(71.6284375,5.810875,0.));
#4381=CARTESIAN_POINT('',(71.826875,4.9298125,0.));
#4382=CARTESIAN_POINT('Ctrl Pts',(70.8188125,4.7710625,0.));
#4383=CARTESIAN_POINT('Ctrl Pts',(70.8188125,4.7710625,25.));
#4384=CARTESIAN_POINT('Ctrl Pts',(71.3744375,4.826625,0.));
#4385=CARTESIAN_POINT('Ctrl Pts',(71.3744375,4.826625,25.));
#4386=CARTESIAN_POINT('Ctrl Pts',(71.826875,4.890125,0.));
#4387=CARTESIAN_POINT('Ctrl Pts',(71.826875,4.890125,25.));
#4388=CARTESIAN_POINT('Ctrl Pts',(71.826875,4.9298125,0.));
#4389=CARTESIAN_POINT('Ctrl Pts',(71.826875,4.9298125,25.));
#4390=CARTESIAN_POINT('',(70.8188125,4.7710625,2.));
#4391=CARTESIAN_POINT('Ctrl Pts',(71.826875,4.9298125,2.));
#4392=CARTESIAN_POINT('Ctrl Pts',(71.826875,4.890125,2.));
#4393=CARTESIAN_POINT('Ctrl Pts',(71.3744375,4.826625,2.));
#4394=CARTESIAN_POINT('Ctrl Pts',(70.8188125,4.7710625,2.));
#4395=CARTESIAN_POINT('',(70.8188125,4.7710625,0.));
#4396=CARTESIAN_POINT('Ctrl Pts',(70.8188125,4.7710625,0.));
#4397=CARTESIAN_POINT('Ctrl Pts',(71.3744375,4.826625,0.));
#4398=CARTESIAN_POINT('Ctrl Pts',(71.826875,4.890125,0.));
#4399=CARTESIAN_POINT('Ctrl Pts',(71.826875,4.9298125,0.));
#4400=CARTESIAN_POINT('',(70.8188125,4.7710625,0.));
#4401=CARTESIAN_POINT('Ctrl Pts',(64.85775,6.541125,0.));
#4402=CARTESIAN_POINT('Ctrl Pts',(64.85775,6.541125,25.));
#4403=CARTESIAN_POINT('Ctrl Pts',(65.5959375,5.1203125,0.));
#4404=CARTESIAN_POINT('Ctrl Pts',(65.5959375,5.1203125,25.));
#4405=CARTESIAN_POINT('Ctrl Pts',(67.71525,4.49325,0.));
#4406=CARTESIAN_POINT('Ctrl Pts',(67.71525,4.49325,25.));
#4407=CARTESIAN_POINT('Ctrl Pts',(70.8188125,4.7710625,0.));
#4408=CARTESIAN_POINT('Ctrl Pts',(70.8188125,4.7710625,25.));
#4409=CARTESIAN_POINT('',(64.85775,6.541125,2.));
#4410=CARTESIAN_POINT('Ctrl Pts',(70.8188125,4.7710625,2.));
#4411=CARTESIAN_POINT('Ctrl Pts',(67.71525,4.49325,2.));
#4412=CARTESIAN_POINT('Ctrl Pts',(65.5959375,5.1203125,2.));
#4413=CARTESIAN_POINT('Ctrl Pts',(64.85775,6.541125,2.));
#4414=CARTESIAN_POINT('',(64.85775,6.541125,0.));
#4415=CARTESIAN_POINT('Ctrl Pts',(64.85775,6.541125,0.));
#4416=CARTESIAN_POINT('Ctrl Pts',(65.5959375,5.1203125,0.));
#4417=CARTESIAN_POINT('Ctrl Pts',(67.71525,4.49325,0.));
#4418=CARTESIAN_POINT('Ctrl Pts',(70.8188125,4.7710625,0.));
#4419=CARTESIAN_POINT('',(64.85775,6.541125,0.));
#4420=CARTESIAN_POINT('Ctrl Pts',(64.826,9.12875,0.));
#4421=CARTESIAN_POINT('Ctrl Pts',(64.826,9.12875,25.));
#4422=CARTESIAN_POINT('Ctrl Pts',(64.556125,8.255625,0.));
#4423=CARTESIAN_POINT('Ctrl Pts',(64.556125,8.255625,25.));
#4424=CARTESIAN_POINT('Ctrl Pts',(64.572,7.1046875,0.));
#4425=CARTESIAN_POINT('Ctrl Pts',(64.572,7.1046875,25.));
#4426=CARTESIAN_POINT('Ctrl Pts',(64.85775,6.541125,0.));
#4427=CARTESIAN_POINT('Ctrl Pts',(64.85775,6.541125,25.));
#4428=CARTESIAN_POINT('',(64.826,9.12875,2.));
#4429=CARTESIAN_POINT('Ctrl Pts',(64.85775,6.541125,2.));
#4430=CARTESIAN_POINT('Ctrl Pts',(64.572,7.1046875,2.));
#4431=CARTESIAN_POINT('Ctrl Pts',(64.556125,8.255625,2.));
#4432=CARTESIAN_POINT('Ctrl Pts',(64.826,9.12875,2.));
#4433=CARTESIAN_POINT('',(64.826,9.12875,0.));
#4434=CARTESIAN_POINT('Ctrl Pts',(64.826,9.12875,0.));
#4435=CARTESIAN_POINT('Ctrl Pts',(64.556125,8.255625,0.));
#4436=CARTESIAN_POINT('Ctrl Pts',(64.572,7.1046875,0.));
#4437=CARTESIAN_POINT('Ctrl Pts',(64.85775,6.541125,0.));
#4438=CARTESIAN_POINT('',(64.826,9.12875,0.));
#4439=CARTESIAN_POINT('Ctrl Pts',(67.08025,13.1213125,0.));
#4440=CARTESIAN_POINT('Ctrl Pts',(67.08025,13.1213125,25.));
#4441=CARTESIAN_POINT('Ctrl Pts',(66.1515625,12.002125,0.));
#4442=CARTESIAN_POINT('Ctrl Pts',(66.1515625,12.002125,25.));
#4443=CARTESIAN_POINT('Ctrl Pts',(65.1990625,10.3114375,0.));
#4444=CARTESIAN_POINT('Ctrl Pts',(65.1990625,10.3114375,25.));
#4445=CARTESIAN_POINT('Ctrl Pts',(64.826,9.12875,0.));
#4446=CARTESIAN_POINT('Ctrl Pts',(64.826,9.12875,25.));
#4447=CARTESIAN_POINT('',(67.08025,13.1213125,2.));
#4448=CARTESIAN_POINT('Ctrl Pts',(64.826,9.12875,2.));
#4449=CARTESIAN_POINT('Ctrl Pts',(65.1990625,10.3114375,2.));
#4450=CARTESIAN_POINT('Ctrl Pts',(66.1515625,12.002125,2.));
#4451=CARTESIAN_POINT('Ctrl Pts',(67.08025,13.1213125,2.));
#4452=CARTESIAN_POINT('',(67.08025,13.1213125,0.));
#4453=CARTESIAN_POINT('Ctrl Pts',(67.08025,13.1213125,0.));
#4454=CARTESIAN_POINT('Ctrl Pts',(66.1515625,12.002125,0.));
#4455=CARTESIAN_POINT('Ctrl Pts',(65.1990625,10.3114375,0.));
#4456=CARTESIAN_POINT('Ctrl Pts',(64.826,9.12875,0.));
#4457=CARTESIAN_POINT('',(67.08025,13.1213125,0.));
#4458=CARTESIAN_POINT('Origin',(67.39775,13.494375,0.));
#4459=CARTESIAN_POINT('',(67.39775,13.494375,2.));
#4460=CARTESIAN_POINT('',(66.7143915069573,12.6914287706748,2.));
#4461=CARTESIAN_POINT('',(67.39775,13.494375,0.));
#4462=CARTESIAN_POINT('',(66.7143915069573,12.6914287706748,0.));
#4463=CARTESIAN_POINT('',(67.39775,13.494375,0.));
#4464=CARTESIAN_POINT('Origin',(68.1915,12.764125,0.));
#4465=CARTESIAN_POINT('',(68.1915,12.764125,2.));
#4466=CARTESIAN_POINT('',(74.5691795385615,6.89665982452338,2.));
#4467=CARTESIAN_POINT('',(68.1915,12.764125,0.));
#4468=CARTESIAN_POINT('',(74.5691795385615,6.89665982452339,0.));
#4469=CARTESIAN_POINT('',(68.1915,12.764125,0.));
#4470=CARTESIAN_POINT('Ctrl Pts',(69.9139375,11.2639375,0.));
#4471=CARTESIAN_POINT('Ctrl Pts',(69.9139375,11.2639375,25.));
#4472=CARTESIAN_POINT('Ctrl Pts',(69.4059375,11.684625,0.));
#4473=CARTESIAN_POINT('Ctrl Pts',(69.4059375,11.684625,25.));
#4474=CARTESIAN_POINT('Ctrl Pts',(68.6280625,12.3593125,0.));
#4475=CARTESIAN_POINT('Ctrl Pts',(68.6280625,12.3593125,25.));
#4476=CARTESIAN_POINT('Ctrl Pts',(68.1915,12.764125,0.));
#4477=CARTESIAN_POINT('Ctrl Pts',(68.1915,12.764125,25.));
#4478=CARTESIAN_POINT('',(69.9139375,11.2639375,2.));
#4479=CARTESIAN_POINT('Ctrl Pts',(68.1915,12.764125,2.));
#4480=CARTESIAN_POINT('Ctrl Pts',(68.6280625,12.3593125,2.));
#4481=CARTESIAN_POINT('Ctrl Pts',(69.4059375,11.684625,2.));
#4482=CARTESIAN_POINT('Ctrl Pts',(69.9139375,11.2639375,2.));
#4483=CARTESIAN_POINT('',(69.9139375,11.2639375,0.));
#4484=CARTESIAN_POINT('Ctrl Pts',(69.9139375,11.2639375,0.));
#4485=CARTESIAN_POINT('Ctrl Pts',(69.4059375,11.684625,0.));
#4486=CARTESIAN_POINT('Ctrl Pts',(68.6280625,12.3593125,0.));
#4487=CARTESIAN_POINT('Ctrl Pts',(68.1915,12.764125,0.));
#4488=CARTESIAN_POINT('',(69.9139375,11.2639375,0.));
#4489=CARTESIAN_POINT('Origin',(70.842625,10.494,0.));
#4490=CARTESIAN_POINT('',(70.842625,10.494,2.));
#4491=CARTESIAN_POINT('',(76.1342457545026,6.1069298018227,2.));
#4492=CARTESIAN_POINT('',(70.842625,10.494,0.));
#4493=CARTESIAN_POINT('',(76.1342457545026,6.10692980182271,0.));
#4494=CARTESIAN_POINT('',(70.842625,10.494,0.));
#4495=CARTESIAN_POINT('Origin',(70.9458125,9.63675,0.));
#4496=CARTESIAN_POINT('',(71.5821749899645,4.35004623721796,2.));
#4497=CARTESIAN_POINT('',(71.5821749899645,4.35004623721797,0.));
#4498=CARTESIAN_POINT('Ctrl Pts',(83.1060625,18.33625,0.));
#4499=CARTESIAN_POINT('Ctrl Pts',(83.1060625,18.33625,25.));
#4500=CARTESIAN_POINT('Ctrl Pts',(82.240875,19.257,0.));
#4501=CARTESIAN_POINT('Ctrl Pts',(82.240875,19.257,25.));
#4502=CARTESIAN_POINT('Ctrl Pts',(81.193125,19.7094375,0.));
#4503=CARTESIAN_POINT('Ctrl Pts',(81.193125,19.7094375,25.));
#4504=CARTESIAN_POINT('Ctrl Pts',(79.8834375,19.7094375,0.));
#4505=CARTESIAN_POINT('Ctrl Pts',(79.8834375,19.7094375,25.));
#4506=CARTESIAN_POINT('',(79.8834375,19.7094375,2.));
#4507=CARTESIAN_POINT('',(83.1060625,18.33625,2.));
#4508=CARTESIAN_POINT('Ctrl Pts',(79.8834375,19.7094375,2.));
#4509=CARTESIAN_POINT('Ctrl Pts',(81.193125,19.7094375,2.));
#4510=CARTESIAN_POINT('Ctrl Pts',(82.240875,19.257,2.));
#4511=CARTESIAN_POINT('Ctrl Pts',(83.1060625,18.33625,2.));
#4512=CARTESIAN_POINT('',(79.8834375,19.7094375,0.));
#4513=CARTESIAN_POINT('',(79.8834375,19.7094375,0.));
#4514=CARTESIAN_POINT('',(83.1060625,18.33625,0.));
#4515=CARTESIAN_POINT('Ctrl Pts',(83.1060625,18.33625,0.));
#4516=CARTESIAN_POINT('Ctrl Pts',(82.240875,19.257,0.));
#4517=CARTESIAN_POINT('Ctrl Pts',(81.193125,19.7094375,0.));
#4518=CARTESIAN_POINT('Ctrl Pts',(79.8834375,19.7094375,0.));
#4519=CARTESIAN_POINT('',(83.1060625,18.33625,0.));
#4520=CARTESIAN_POINT('Ctrl Pts',(84.28875,15.32,0.));
#4521=CARTESIAN_POINT('Ctrl Pts',(84.28875,15.32,25.));
#4522=CARTESIAN_POINT('Ctrl Pts',(84.28875,16.5265,0.));
#4523=CARTESIAN_POINT('Ctrl Pts',(84.28875,16.5265,25.));
#4524=CARTESIAN_POINT('Ctrl Pts',(83.9156875,17.4710625,0.));
#4525=CARTESIAN_POINT('Ctrl Pts',(83.9156875,17.4710625,25.));
#4526=CARTESIAN_POINT('Ctrl Pts',(83.1060625,18.33625,0.));
#4527=CARTESIAN_POINT('Ctrl Pts',(83.1060625,18.33625,25.));
#4528=CARTESIAN_POINT('',(84.28875,15.32,2.));
#4529=CARTESIAN_POINT('Ctrl Pts',(83.1060625,18.33625,2.));
#4530=CARTESIAN_POINT('Ctrl Pts',(83.9156875,17.4710625,2.));
#4531=CARTESIAN_POINT('Ctrl Pts',(84.28875,16.5265,2.));
#4532=CARTESIAN_POINT('Ctrl Pts',(84.28875,15.32,2.));
#4533=CARTESIAN_POINT('',(84.28875,15.32,0.));
#4534=CARTESIAN_POINT('Ctrl Pts',(84.28875,15.32,0.));
#4535=CARTESIAN_POINT('Ctrl Pts',(84.28875,16.5265,0.));
#4536=CARTESIAN_POINT('Ctrl Pts',(83.9156875,17.4710625,0.));
#4537=CARTESIAN_POINT('Ctrl Pts',(83.1060625,18.33625,0.));
#4538=CARTESIAN_POINT('',(84.28875,15.32,0.));
#4539=CARTESIAN_POINT('Ctrl Pts',(83.01875,12.224375,0.));
#4540=CARTESIAN_POINT('Ctrl Pts',(83.01875,12.224375,25.));
#4541=CARTESIAN_POINT('Ctrl Pts',(83.891875,13.0975,0.));
#4542=CARTESIAN_POINT('Ctrl Pts',(83.891875,13.0975,25.));
#4543=CARTESIAN_POINT('Ctrl Pts',(84.28875,14.065875,0.));
#4544=CARTESIAN_POINT('Ctrl Pts',(84.28875,14.065875,25.));
#4545=CARTESIAN_POINT('Ctrl Pts',(84.28875,15.32,0.));
#4546=CARTESIAN_POINT('Ctrl Pts',(84.28875,15.32,25.));
#4547=CARTESIAN_POINT('',(83.01875,12.224375,2.));
#4548=CARTESIAN_POINT('Ctrl Pts',(84.28875,15.32,2.));
#4549=CARTESIAN_POINT('Ctrl Pts',(84.28875,14.065875,2.));
#4550=CARTESIAN_POINT('Ctrl Pts',(83.891875,13.0975,2.));
#4551=CARTESIAN_POINT('Ctrl Pts',(83.01875,12.224375,2.));
#4552=CARTESIAN_POINT('',(83.01875,12.224375,0.));
#4553=CARTESIAN_POINT('Ctrl Pts',(83.01875,12.224375,0.));
#4554=CARTESIAN_POINT('Ctrl Pts',(83.891875,13.0975,0.));
#4555=CARTESIAN_POINT('Ctrl Pts',(84.28875,14.065875,0.));
#4556=CARTESIAN_POINT('Ctrl Pts',(84.28875,15.32,0.));
#4557=CARTESIAN_POINT('',(83.01875,12.224375,0.));
#4558=CARTESIAN_POINT('Ctrl Pts',(79.2008125,10.954375,0.));
#4559=CARTESIAN_POINT('Ctrl Pts',(79.2008125,10.954375,25.));
#4560=CARTESIAN_POINT('Ctrl Pts',(80.5819375,10.7400625,0.));
#4561=CARTESIAN_POINT('Ctrl Pts',(80.5819375,10.7400625,25.));
#4562=CARTESIAN_POINT('Ctrl Pts',(82.0106875,11.2163125,0.));
#4563=CARTESIAN_POINT('Ctrl Pts',(82.0106875,11.2163125,25.));
#4564=CARTESIAN_POINT('Ctrl Pts',(83.01875,12.224375,0.));
#4565=CARTESIAN_POINT('Ctrl Pts',(83.01875,12.224375,25.));
#4566=CARTESIAN_POINT('',(79.2008125,10.954375,2.));
#4567=CARTESIAN_POINT('Ctrl Pts',(83.01875,12.224375,2.));
#4568=CARTESIAN_POINT('Ctrl Pts',(82.0106875,11.2163125,2.));
#4569=CARTESIAN_POINT('Ctrl Pts',(80.5819375,10.7400625,2.));
#4570=CARTESIAN_POINT('Ctrl Pts',(79.2008125,10.954375,2.));
#4571=CARTESIAN_POINT('',(79.2008125,10.954375,0.));
#4572=CARTESIAN_POINT('Ctrl Pts',(79.2008125,10.954375,0.));
#4573=CARTESIAN_POINT('Ctrl Pts',(80.5819375,10.7400625,0.));
#4574=CARTESIAN_POINT('Ctrl Pts',(82.0106875,11.2163125,0.));
#4575=CARTESIAN_POINT('Ctrl Pts',(83.01875,12.224375,0.));
#4576=CARTESIAN_POINT('',(79.2008125,10.954375,0.));
#4577=CARTESIAN_POINT('Ctrl Pts',(76.66875,12.351375,0.));
#4578=CARTESIAN_POINT('Ctrl Pts',(76.66875,12.351375,25.));
#4579=CARTESIAN_POINT('Ctrl Pts',(77.36725,11.5973125,0.));
#4580=CARTESIAN_POINT('Ctrl Pts',(77.36725,11.5973125,25.));
#4581=CARTESIAN_POINT('Ctrl Pts',(78.25625,11.1051875,0.));
#4582=CARTESIAN_POINT('Ctrl Pts',(78.25625,11.1051875,25.));
#4583=CARTESIAN_POINT('Ctrl Pts',(79.2008125,10.954375,0.));
#4584=CARTESIAN_POINT('Ctrl Pts',(79.2008125,10.954375,25.));
#4585=CARTESIAN_POINT('',(76.66875,12.351375,2.));
#4586=CARTESIAN_POINT('Ctrl Pts',(79.2008125,10.954375,2.));
#4587=CARTESIAN_POINT('Ctrl Pts',(78.25625,11.1051875,2.));
#4588=CARTESIAN_POINT('Ctrl Pts',(77.36725,11.5973125,2.));
#4589=CARTESIAN_POINT('Ctrl Pts',(76.66875,12.351375,2.));
#4590=CARTESIAN_POINT('',(76.66875,12.351375,0.));
#4591=CARTESIAN_POINT('Ctrl Pts',(76.66875,12.351375,0.));
#4592=CARTESIAN_POINT('Ctrl Pts',(77.36725,11.5973125,0.));
#4593=CARTESIAN_POINT('Ctrl Pts',(78.25625,11.1051875,0.));
#4594=CARTESIAN_POINT('Ctrl Pts',(79.2008125,10.954375,0.));
#4595=CARTESIAN_POINT('',(76.66875,12.351375,0.));
#4596=CARTESIAN_POINT('Ctrl Pts',(75.636875,14.256375,0.));
#4597=CARTESIAN_POINT('Ctrl Pts',(75.636875,14.256375,25.));
#4598=CARTESIAN_POINT('Ctrl Pts',(75.8353125,13.4705625,0.));
#4599=CARTESIAN_POINT('Ctrl Pts',(75.8353125,13.4705625,25.));
#4600=CARTESIAN_POINT('Ctrl Pts',(76.1210625,12.9466875,0.));
#4601=CARTESIAN_POINT('Ctrl Pts',(76.1210625,12.9466875,25.));
#4602=CARTESIAN_POINT('Ctrl Pts',(76.66875,12.351375,0.));
#4603=CARTESIAN_POINT('Ctrl Pts',(76.66875,12.351375,25.));
#4604=CARTESIAN_POINT('',(75.636875,14.256375,2.));
#4605=CARTESIAN_POINT('Ctrl Pts',(76.66875,12.351375,2.));
#4606=CARTESIAN_POINT('Ctrl Pts',(76.1210625,12.9466875,2.));
#4607=CARTESIAN_POINT('Ctrl Pts',(75.8353125,13.4705625,2.));
#4608=CARTESIAN_POINT('Ctrl Pts',(75.636875,14.256375,2.));
#4609=CARTESIAN_POINT('',(75.636875,14.256375,0.));
#4610=CARTESIAN_POINT('Ctrl Pts',(75.636875,14.256375,0.));
#4611=CARTESIAN_POINT('Ctrl Pts',(75.8353125,13.4705625,0.));
#4612=CARTESIAN_POINT('Ctrl Pts',(76.1210625,12.9466875,0.));
#4613=CARTESIAN_POINT('Ctrl Pts',(76.66875,12.351375,0.));
#4614=CARTESIAN_POINT('',(75.636875,14.256375,0.));
#4615=CARTESIAN_POINT('Ctrl Pts',(75.636875,16.383625,0.));
#4616=CARTESIAN_POINT('Ctrl Pts',(75.636875,16.383625,25.));
#4617=CARTESIAN_POINT('Ctrl Pts',(75.4384375,15.60575,0.));
#4618=CARTESIAN_POINT('Ctrl Pts',(75.4384375,15.60575,25.));
#4619=CARTESIAN_POINT('Ctrl Pts',(75.4384375,15.03425,0.));
#4620=CARTESIAN_POINT('Ctrl Pts',(75.4384375,15.03425,25.));
#4621=CARTESIAN_POINT('Ctrl Pts',(75.636875,14.256375,0.));
#4622=CARTESIAN_POINT('Ctrl Pts',(75.636875,14.256375,25.));
#4623=CARTESIAN_POINT('',(75.636875,16.383625,2.));
#4624=CARTESIAN_POINT('Ctrl Pts',(75.636875,14.256375,2.));
#4625=CARTESIAN_POINT('Ctrl Pts',(75.4384375,15.03425,2.));
#4626=CARTESIAN_POINT('Ctrl Pts',(75.4384375,15.60575,2.));
#4627=CARTESIAN_POINT('Ctrl Pts',(75.636875,16.383625,2.));
#4628=CARTESIAN_POINT('',(75.636875,16.383625,0.));
#4629=CARTESIAN_POINT('Ctrl Pts',(75.636875,16.383625,0.));
#4630=CARTESIAN_POINT('Ctrl Pts',(75.4384375,15.60575,0.));
#4631=CARTESIAN_POINT('Ctrl Pts',(75.4384375,15.03425,0.));
#4632=CARTESIAN_POINT('Ctrl Pts',(75.636875,14.256375,0.));
#4633=CARTESIAN_POINT('',(75.636875,16.383625,0.));
#4634=CARTESIAN_POINT('Ctrl Pts',(76.7005,18.3124375,0.));
#4635=CARTESIAN_POINT('Ctrl Pts',(76.7005,18.3124375,25.));
#4636=CARTESIAN_POINT('Ctrl Pts',(76.1210625,17.6933125,0.));
#4637=CARTESIAN_POINT('Ctrl Pts',(76.1210625,17.6933125,25.));
#4638=CARTESIAN_POINT('Ctrl Pts',(75.8353125,17.177375,0.));
#4639=CARTESIAN_POINT('Ctrl Pts',(75.8353125,17.177375,25.));
#4640=CARTESIAN_POINT('Ctrl Pts',(75.636875,16.383625,0.));
#4641=CARTESIAN_POINT('Ctrl Pts',(75.636875,16.383625,25.));
#4642=CARTESIAN_POINT('',(76.7005,18.3124375,2.));
#4643=CARTESIAN_POINT('Ctrl Pts',(75.636875,16.383625,2.));
#4644=CARTESIAN_POINT('Ctrl Pts',(75.8353125,17.177375,2.));
#4645=CARTESIAN_POINT('Ctrl Pts',(76.1210625,17.6933125,2.));
#4646=CARTESIAN_POINT('Ctrl Pts',(76.7005,18.3124375,2.));
#4647=CARTESIAN_POINT('',(76.7005,18.3124375,0.));
#4648=CARTESIAN_POINT('Ctrl Pts',(76.7005,18.3124375,0.));
#4649=CARTESIAN_POINT('Ctrl Pts',(76.1210625,17.6933125,0.));
#4650=CARTESIAN_POINT('Ctrl Pts',(75.8353125,17.177375,0.));
#4651=CARTESIAN_POINT('Ctrl Pts',(75.636875,16.383625,0.));
#4652=CARTESIAN_POINT('',(76.7005,18.3124375,0.));
#4653=CARTESIAN_POINT('Ctrl Pts',(79.8834375,19.7094375,0.));
#4654=CARTESIAN_POINT('Ctrl Pts',(79.8834375,19.7094375,25.));
#4655=CARTESIAN_POINT('Ctrl Pts',(78.589625,19.7094375,0.));
#4656=CARTESIAN_POINT('Ctrl Pts',(78.589625,19.7094375,25.));
#4657=CARTESIAN_POINT('Ctrl Pts',(77.5895,19.2649375,0.));
#4658=CARTESIAN_POINT('Ctrl Pts',(77.5895,19.2649375,25.));
#4659=CARTESIAN_POINT('Ctrl Pts',(76.7005,18.3124375,0.));
#4660=CARTESIAN_POINT('Ctrl Pts',(76.7005,18.3124375,25.));
#4661=CARTESIAN_POINT('Ctrl Pts',(76.7005,18.3124375,2.));
#4662=CARTESIAN_POINT('Ctrl Pts',(77.5895,19.2649375,2.));
#4663=CARTESIAN_POINT('Ctrl Pts',(78.589625,19.7094375,2.));
#4664=CARTESIAN_POINT('Ctrl Pts',(79.8834375,19.7094375,2.));
#4665=CARTESIAN_POINT('Ctrl Pts',(79.8834375,19.7094375,0.));
#4666=CARTESIAN_POINT('Ctrl Pts',(78.589625,19.7094375,0.));
#4667=CARTESIAN_POINT('Ctrl Pts',(77.5895,19.2649375,0.));
#4668=CARTESIAN_POINT('Ctrl Pts',(76.7005,18.3124375,0.));
#4669=CARTESIAN_POINT('Ctrl Pts',(95.97275,24.0195,0.));
#4670=CARTESIAN_POINT('Ctrl Pts',(95.97275,24.0195,25.));
#4671=CARTESIAN_POINT('Ctrl Pts',(95.2425,25.63875,0.));
#4672=CARTESIAN_POINT('Ctrl Pts',(95.2425,25.63875,25.));
#4673=CARTESIAN_POINT('Ctrl Pts',(92.7104375,26.2658125,0.));
#4674=CARTESIAN_POINT('Ctrl Pts',(92.7104375,26.2658125,25.));
#4675=CARTESIAN_POINT('Ctrl Pts',(88.956,25.7419375,0.));
#4676=CARTESIAN_POINT('Ctrl Pts',(88.956,25.7419375,25.));
#4677=CARTESIAN_POINT('',(88.956,25.7419375,2.));
#4678=CARTESIAN_POINT('',(95.97275,24.0195,2.));
#4679=CARTESIAN_POINT('Ctrl Pts',(88.956,25.7419375,2.));
#4680=CARTESIAN_POINT('Ctrl Pts',(92.7104375,26.2658125,2.));
#4681=CARTESIAN_POINT('Ctrl Pts',(95.2425,25.63875,2.));
#4682=CARTESIAN_POINT('Ctrl Pts',(95.97275,24.0195,2.));
#4683=CARTESIAN_POINT('',(88.956,25.7419375,0.));
#4684=CARTESIAN_POINT('',(88.956,25.7419375,0.));
#4685=CARTESIAN_POINT('',(95.97275,24.0195,0.));
#4686=CARTESIAN_POINT('Ctrl Pts',(95.97275,24.0195,0.));
#4687=CARTESIAN_POINT('Ctrl Pts',(95.2425,25.63875,0.));
#4688=CARTESIAN_POINT('Ctrl Pts',(92.7104375,26.2658125,0.));
#4689=CARTESIAN_POINT('Ctrl Pts',(88.956,25.7419375,0.));
#4690=CARTESIAN_POINT('',(95.97275,24.0195,0.));
#4691=CARTESIAN_POINT('Ctrl Pts',(96.147375,22.9003125,0.));
#4692=CARTESIAN_POINT('Ctrl Pts',(96.147375,22.9003125,25.));
#4693=CARTESIAN_POINT('Ctrl Pts',(96.1553125,23.4876875,0.));
#4694=CARTESIAN_POINT('Ctrl Pts',(96.1553125,23.4876875,25.));
#4695=CARTESIAN_POINT('Ctrl Pts',(96.1235625,23.686125,0.));
#4696=CARTESIAN_POINT('Ctrl Pts',(96.1235625,23.686125,25.));
#4697=CARTESIAN_POINT('Ctrl Pts',(95.97275,24.0195,0.));
#4698=CARTESIAN_POINT('Ctrl Pts',(95.97275,24.0195,25.));
#4699=CARTESIAN_POINT('',(96.147375,22.9003125,2.));
#4700=CARTESIAN_POINT('Ctrl Pts',(95.97275,24.0195,2.));
#4701=CARTESIAN_POINT('Ctrl Pts',(96.1235625,23.686125,2.));
#4702=CARTESIAN_POINT('Ctrl Pts',(96.1553125,23.4876875,2.));
#4703=CARTESIAN_POINT('Ctrl Pts',(96.147375,22.9003125,2.));
#4704=CARTESIAN_POINT('',(96.147375,22.9003125,0.));
#4705=CARTESIAN_POINT('Ctrl Pts',(96.147375,22.9003125,0.));
#4706=CARTESIAN_POINT('Ctrl Pts',(96.1553125,23.4876875,0.));
#4707=CARTESIAN_POINT('Ctrl Pts',(96.1235625,23.686125,0.));
#4708=CARTESIAN_POINT('Ctrl Pts',(95.97275,24.0195,0.));
#4709=CARTESIAN_POINT('',(96.147375,22.9003125,0.));
#4710=CARTESIAN_POINT('Ctrl Pts',(96.0045,21.67,0.));
#4711=CARTESIAN_POINT('Ctrl Pts',(96.0045,21.67,25.));
#4712=CARTESIAN_POINT('Ctrl Pts',(96.0759375,21.95575,0.));
#4713=CARTESIAN_POINT('Ctrl Pts',(96.0759375,21.95575,25.));
#4714=CARTESIAN_POINT('Ctrl Pts',(96.1394375,22.5034375,0.));
#4715=CARTESIAN_POINT('Ctrl Pts',(96.1394375,22.5034375,25.));
#4716=CARTESIAN_POINT('Ctrl Pts',(96.147375,22.9003125,0.));
#4717=CARTESIAN_POINT('Ctrl Pts',(96.147375,22.9003125,25.));
#4718=CARTESIAN_POINT('',(96.0045,21.67,2.));
#4719=CARTESIAN_POINT('Ctrl Pts',(96.147375,22.9003125,2.));
#4720=CARTESIAN_POINT('Ctrl Pts',(96.1394375,22.5034375,2.));
#4721=CARTESIAN_POINT('Ctrl Pts',(96.0759375,21.95575,2.));
#4722=CARTESIAN_POINT('Ctrl Pts',(96.0045,21.67,2.));
#4723=CARTESIAN_POINT('',(96.0045,21.67,0.));
#4724=CARTESIAN_POINT('Ctrl Pts',(96.0045,21.67,0.));
#4725=CARTESIAN_POINT('Ctrl Pts',(96.0759375,21.95575,0.));
#4726=CARTESIAN_POINT('Ctrl Pts',(96.1394375,22.5034375,0.));
#4727=CARTESIAN_POINT('Ctrl Pts',(96.147375,22.9003125,0.));
#4728=CARTESIAN_POINT('',(96.0045,21.67,0.));
#4729=CARTESIAN_POINT('Ctrl Pts',(94.4566875,18.5585,0.));
#4730=CARTESIAN_POINT('Ctrl Pts',(94.4566875,18.5585,25.));
#4731=CARTESIAN_POINT('Ctrl Pts',(95.099625,19.495125,0.));
#4732=CARTESIAN_POINT('Ctrl Pts',(95.099625,19.495125,25.));
#4733=CARTESIAN_POINT('Ctrl Pts',(95.8060625,20.9159375,0.));
#4734=CARTESIAN_POINT('Ctrl Pts',(95.8060625,20.9159375,25.));
#4735=CARTESIAN_POINT('Ctrl Pts',(96.0045,21.67,0.));
#4736=CARTESIAN_POINT('Ctrl Pts',(96.0045,21.67,25.));
#4737=CARTESIAN_POINT('',(94.4566875,18.5585,2.));
#4738=CARTESIAN_POINT('Ctrl Pts',(96.0045,21.67,2.));
#4739=CARTESIAN_POINT('Ctrl Pts',(95.8060625,20.9159375,2.));
#4740=CARTESIAN_POINT('Ctrl Pts',(95.099625,19.495125,2.));
#4741=CARTESIAN_POINT('Ctrl Pts',(94.4566875,18.5585,2.));
#4742=CARTESIAN_POINT('',(94.4566875,18.5585,0.));
#4743=CARTESIAN_POINT('Ctrl Pts',(94.4566875,18.5585,0.));
#4744=CARTESIAN_POINT('Ctrl Pts',(95.099625,19.495125,0.));
#4745=CARTESIAN_POINT('Ctrl Pts',(95.8060625,20.9159375,0.));
#4746=CARTESIAN_POINT('Ctrl Pts',(96.0045,21.67,0.));
#4747=CARTESIAN_POINT('',(94.4566875,18.5585,0.));
#4748=CARTESIAN_POINT('Ctrl Pts',(93.639125,17.4393125,0.));
#4749=CARTESIAN_POINT('Ctrl Pts',(93.639125,17.4393125,25.));
#4750=CARTESIAN_POINT('Ctrl Pts',(93.782,17.606,0.));
#4751=CARTESIAN_POINT('Ctrl Pts',(93.782,17.606,25.));
#4752=CARTESIAN_POINT('Ctrl Pts',(94.147125,18.1060625,0.));
#4753=CARTESIAN_POINT('Ctrl Pts',(94.147125,18.1060625,25.));
#4754=CARTESIAN_POINT('Ctrl Pts',(94.4566875,18.5585,0.));
#4755=CARTESIAN_POINT('Ctrl Pts',(94.4566875,18.5585,25.));
#4756=CARTESIAN_POINT('',(93.639125,17.4393125,2.));
#4757=CARTESIAN_POINT('Ctrl Pts',(94.4566875,18.5585,2.));
#4758=CARTESIAN_POINT('Ctrl Pts',(94.147125,18.1060625,2.));
#4759=CARTESIAN_POINT('Ctrl Pts',(93.782,17.606,2.));
#4760=CARTESIAN_POINT('Ctrl Pts',(93.639125,17.4393125,2.));
#4761=CARTESIAN_POINT('',(93.639125,17.4393125,0.));
#4762=CARTESIAN_POINT('Ctrl Pts',(93.639125,17.4393125,0.));
#4763=CARTESIAN_POINT('Ctrl Pts',(93.782,17.606,0.));
#4764=CARTESIAN_POINT('Ctrl Pts',(94.147125,18.1060625,0.));
#4765=CARTESIAN_POINT('Ctrl Pts',(94.4566875,18.5585,0.));
#4766=CARTESIAN_POINT('',(93.639125,17.4393125,0.));
#4767=CARTESIAN_POINT('Origin',(93.3771875,17.1376875,0.));
#4768=CARTESIAN_POINT('',(93.3771875,17.1376875,2.));
#4769=CARTESIAN_POINT('',(86.2594580660283,8.94151421239645,2.));
#4770=CARTESIAN_POINT('',(93.3771875,17.1376875,0.));
#4771=CARTESIAN_POINT('',(86.2594580660283,8.94151421239646,0.));
#4772=CARTESIAN_POINT('',(93.3771875,17.1376875,0.));
#4773=CARTESIAN_POINT('Origin',(93.099375,17.4234375,0.));
#4774=CARTESIAN_POINT('',(93.099375,17.4234375,2.));
#4775=CARTESIAN_POINT('',(94.2708936186035,16.218446920865,2.));
#4776=CARTESIAN_POINT('',(93.099375,17.4234375,0.));
#4777=CARTESIAN_POINT('',(94.2708936186035,16.218446920865,0.));
#4778=CARTESIAN_POINT('',(93.099375,17.4234375,0.));
#4779=CARTESIAN_POINT('Ctrl Pts',(89.845,20.193625,0.));
#4780=CARTESIAN_POINT('Ctrl Pts',(89.845,20.193625,25.));
#4781=CARTESIAN_POINT('Ctrl Pts',(90.734,19.526875,0.));
#4782=CARTESIAN_POINT('Ctrl Pts',(90.734,19.526875,25.));
#4783=CARTESIAN_POINT('Ctrl Pts',(92.639,17.907625,0.));
#4784=CARTESIAN_POINT('Ctrl Pts',(92.639,17.907625,25.));
#4785=CARTESIAN_POINT('Ctrl Pts',(93.099375,17.4234375,0.));
#4786=CARTESIAN_POINT('Ctrl Pts',(93.099375,17.4234375,25.));
#4787=CARTESIAN_POINT('',(89.845,20.193625,2.));
#4788=CARTESIAN_POINT('Ctrl Pts',(93.099375,17.4234375,2.));
#4789=CARTESIAN_POINT('Ctrl Pts',(92.639,17.907625,2.));
#4790=CARTESIAN_POINT('Ctrl Pts',(90.734,19.526875,2.));
#4791=CARTESIAN_POINT('Ctrl Pts',(89.845,20.193625,2.));
#4792=CARTESIAN_POINT('',(89.845,20.193625,0.));
#4793=CARTESIAN_POINT('Ctrl Pts',(89.845,20.193625,0.));
#4794=CARTESIAN_POINT('Ctrl Pts',(90.734,19.526875,0.));
#4795=CARTESIAN_POINT('Ctrl Pts',(92.639,17.907625,0.));
#4796=CARTESIAN_POINT('Ctrl Pts',(93.099375,17.4234375,0.));
#4797=CARTESIAN_POINT('',(89.845,20.193625,0.));
#4798=CARTESIAN_POINT('Ctrl Pts',(88.9480625,20.87625,0.));
#4799=CARTESIAN_POINT('Ctrl Pts',(88.9480625,20.87625,25.));
#4800=CARTESIAN_POINT('Ctrl Pts',(88.9798125,20.8445,0.));
#4801=CARTESIAN_POINT('Ctrl Pts',(88.9798125,20.8445,25.));
#4802=CARTESIAN_POINT('Ctrl Pts',(89.384625,20.542875,0.));
#4803=CARTESIAN_POINT('Ctrl Pts',(89.384625,20.542875,25.));
#4804=CARTESIAN_POINT('Ctrl Pts',(89.845,20.193625,0.));
#4805=CARTESIAN_POINT('Ctrl Pts',(89.845,20.193625,25.));
#4806=CARTESIAN_POINT('',(88.9480625,20.87625,2.));
#4807=CARTESIAN_POINT('Ctrl Pts',(89.845,20.193625,2.));
#4808=CARTESIAN_POINT('Ctrl Pts',(89.384625,20.542875,2.));
#4809=CARTESIAN_POINT('Ctrl Pts',(88.9798125,20.8445,2.));
#4810=CARTESIAN_POINT('Ctrl Pts',(88.9480625,20.87625,2.));
#4811=CARTESIAN_POINT('',(88.9480625,20.87625,0.));
#4812=CARTESIAN_POINT('Ctrl Pts',(88.9480625,20.87625,0.));
#4813=CARTESIAN_POINT('Ctrl Pts',(88.9798125,20.8445,0.));
#4814=CARTESIAN_POINT('Ctrl Pts',(89.384625,20.542875,0.));
#4815=CARTESIAN_POINT('Ctrl Pts',(89.845,20.193625,0.));
#4816=CARTESIAN_POINT('',(88.9480625,20.87625,0.));
#4817=CARTESIAN_POINT('Ctrl Pts',(88.6940625,22.1541875,0.));
#4818=CARTESIAN_POINT('Ctrl Pts',(88.6940625,22.1541875,25.));
#4819=CARTESIAN_POINT('Ctrl Pts',(88.79725,21.4795,0.));
#4820=CARTESIAN_POINT('Ctrl Pts',(88.79725,21.4795,25.));
#4821=CARTESIAN_POINT('Ctrl Pts',(88.9163125,20.908,0.));
#4822=CARTESIAN_POINT('Ctrl Pts',(88.9163125,20.908,25.));
#4823=CARTESIAN_POINT('Ctrl Pts',(88.9480625,20.87625,0.));
#4824=CARTESIAN_POINT('Ctrl Pts',(88.9480625,20.87625,25.));
#4825=CARTESIAN_POINT('',(88.6940625,22.1541875,2.));
#4826=CARTESIAN_POINT('Ctrl Pts',(88.9480625,20.87625,2.));
#4827=CARTESIAN_POINT('Ctrl Pts',(88.9163125,20.908,2.));
#4828=CARTESIAN_POINT('Ctrl Pts',(88.79725,21.4795,2.));
#4829=CARTESIAN_POINT('Ctrl Pts',(88.6940625,22.1541875,2.));
#4830=CARTESIAN_POINT('',(88.6940625,22.1541875,0.));
#4831=CARTESIAN_POINT('Ctrl Pts',(88.6940625,22.1541875,0.));
#4832=CARTESIAN_POINT('Ctrl Pts',(88.79725,21.4795,0.));
#4833=CARTESIAN_POINT('Ctrl Pts',(88.9163125,20.908,0.));
#4834=CARTESIAN_POINT('Ctrl Pts',(88.9480625,20.87625,0.));
#4835=CARTESIAN_POINT('',(88.6940625,22.1541875,0.));
#4836=CARTESIAN_POINT('Ctrl Pts',(88.2575,24.4401875,0.));
#4837=CARTESIAN_POINT('Ctrl Pts',(88.2575,24.4401875,25.));
#4838=CARTESIAN_POINT('Ctrl Pts',(88.3924375,23.8528125,0.));
#4839=CARTESIAN_POINT('Ctrl Pts',(88.3924375,23.8528125,25.));
#4840=CARTESIAN_POINT('Ctrl Pts',(88.590875,22.828875,0.));
#4841=CARTESIAN_POINT('Ctrl Pts',(88.590875,22.828875,25.));
#4842=CARTESIAN_POINT('Ctrl Pts',(88.6940625,22.1541875,0.));
#4843=CARTESIAN_POINT('Ctrl Pts',(88.6940625,22.1541875,25.));
#4844=CARTESIAN_POINT('',(88.2575,24.4401875,2.));
#4845=CARTESIAN_POINT('Ctrl Pts',(88.6940625,22.1541875,2.));
#4846=CARTESIAN_POINT('Ctrl Pts',(88.590875,22.828875,2.));
#4847=CARTESIAN_POINT('Ctrl Pts',(88.3924375,23.8528125,2.));
#4848=CARTESIAN_POINT('Ctrl Pts',(88.2575,24.4401875,2.));
#4849=CARTESIAN_POINT('',(88.2575,24.4401875,0.));
#4850=CARTESIAN_POINT('Ctrl Pts',(88.2575,24.4401875,0.));
#4851=CARTESIAN_POINT('Ctrl Pts',(88.3924375,23.8528125,0.));
#4852=CARTESIAN_POINT('Ctrl Pts',(88.590875,22.828875,0.));
#4853=CARTESIAN_POINT('Ctrl Pts',(88.6940625,22.1541875,0.));
#4854=CARTESIAN_POINT('',(88.2575,24.4401875,0.));
#4855=CARTESIAN_POINT('Ctrl Pts',(88.019375,25.5514375,0.));
#4856=CARTESIAN_POINT('Ctrl Pts',(88.019375,25.5514375,25.));
#4857=CARTESIAN_POINT('Ctrl Pts',(88.019375,25.5196875,0.));
#4858=CARTESIAN_POINT('Ctrl Pts',(88.019375,25.5196875,25.));
#4859=CARTESIAN_POINT('Ctrl Pts',(88.1305,25.019625,0.));
#4860=CARTESIAN_POINT('Ctrl Pts',(88.1305,25.019625,25.));
#4861=CARTESIAN_POINT('Ctrl Pts',(88.2575,24.4401875,0.));
#4862=CARTESIAN_POINT('Ctrl Pts',(88.2575,24.4401875,25.));
#4863=CARTESIAN_POINT('',(88.019375,25.5514375,2.));
#4864=CARTESIAN_POINT('Ctrl Pts',(88.2575,24.4401875,2.));
#4865=CARTESIAN_POINT('Ctrl Pts',(88.1305,25.019625,2.));
#4866=CARTESIAN_POINT('Ctrl Pts',(88.019375,25.5196875,2.));
#4867=CARTESIAN_POINT('Ctrl Pts',(88.019375,25.5514375,2.));
#4868=CARTESIAN_POINT('',(88.019375,25.5514375,0.));
#4869=CARTESIAN_POINT('Ctrl Pts',(88.019375,25.5514375,0.));
#4870=CARTESIAN_POINT('Ctrl Pts',(88.019375,25.5196875,0.));
#4871=CARTESIAN_POINT('Ctrl Pts',(88.1305,25.019625,0.));
#4872=CARTESIAN_POINT('Ctrl Pts',(88.2575,24.4401875,0.));
#4873=CARTESIAN_POINT('',(88.019375,25.5514375,0.));
#4874=CARTESIAN_POINT('Ctrl Pts',(88.956,25.7419375,0.));
#4875=CARTESIAN_POINT('Ctrl Pts',(88.956,25.7419375,25.));
#4876=CARTESIAN_POINT('Ctrl Pts',(88.4400625,25.6705,0.));
#4877=CARTESIAN_POINT('Ctrl Pts',(88.4400625,25.6705,25.));
#4878=CARTESIAN_POINT('Ctrl Pts',(88.019375,25.5831875,0.));
#4879=CARTESIAN_POINT('Ctrl Pts',(88.019375,25.5831875,25.));
#4880=CARTESIAN_POINT('Ctrl Pts',(88.019375,25.5514375,0.));
#4881=CARTESIAN_POINT('Ctrl Pts',(88.019375,25.5514375,25.));
#4882=CARTESIAN_POINT('Ctrl Pts',(88.019375,25.5514375,2.));
#4883=CARTESIAN_POINT('Ctrl Pts',(88.019375,25.5831875,2.));
#4884=CARTESIAN_POINT('Ctrl Pts',(88.4400625,25.6705,2.));
#4885=CARTESIAN_POINT('Ctrl Pts',(88.956,25.7419375,2.));
#4886=CARTESIAN_POINT('Ctrl Pts',(88.956,25.7419375,0.));
#4887=CARTESIAN_POINT('Ctrl Pts',(88.4400625,25.6705,0.));
#4888=CARTESIAN_POINT('Ctrl Pts',(88.019375,25.5831875,0.));
#4889=CARTESIAN_POINT('Ctrl Pts',(88.019375,25.5514375,0.));
#4890=CARTESIAN_POINT('Ctrl Pts',(85.8206875,6.4855625,0.));
#4891=CARTESIAN_POINT('Ctrl Pts',(85.8206875,6.4855625,25.));
#4892=CARTESIAN_POINT('Ctrl Pts',(85.9318125,6.9618125,0.));
#4893=CARTESIAN_POINT('Ctrl Pts',(85.9318125,6.9618125,25.));
#4894=CARTESIAN_POINT('Ctrl Pts',(86.050875,7.461875,0.));
#4895=CARTESIAN_POINT('Ctrl Pts',(86.050875,7.461875,25.));
#4896=CARTESIAN_POINT('Ctrl Pts',(86.0746875,7.6126875,0.));
#4897=CARTESIAN_POINT('Ctrl Pts',(86.0746875,7.6126875,25.));
#4898=CARTESIAN_POINT('',(86.0746875,7.6126875,2.));
#4899=CARTESIAN_POINT('',(85.8206875,6.4855625,2.));
#4900=CARTESIAN_POINT('Ctrl Pts',(86.0746875,7.6126875,2.));
#4901=CARTESIAN_POINT('Ctrl Pts',(86.050875,7.461875,2.));
#4902=CARTESIAN_POINT('Ctrl Pts',(85.9318125,6.9618125,2.));
#4903=CARTESIAN_POINT('Ctrl Pts',(85.8206875,6.4855625,2.));
#4904=CARTESIAN_POINT('',(86.0746875,7.6126875,0.));
#4905=CARTESIAN_POINT('',(86.0746875,7.6126875,0.));
#4906=CARTESIAN_POINT('',(85.8206875,6.4855625,0.));
#4907=CARTESIAN_POINT('Ctrl Pts',(85.8206875,6.4855625,0.));
#4908=CARTESIAN_POINT('Ctrl Pts',(85.9318125,6.9618125,0.));
#4909=CARTESIAN_POINT('Ctrl Pts',(86.050875,7.461875,0.));
#4910=CARTESIAN_POINT('Ctrl Pts',(86.0746875,7.6126875,0.));
#4911=CARTESIAN_POINT('',(85.8206875,6.4855625,0.));
#4912=CARTESIAN_POINT('Ctrl Pts',(85.5349375,5.6441875,0.));
#4913=CARTESIAN_POINT('Ctrl Pts',(85.5349375,5.6441875,25.));
#4914=CARTESIAN_POINT('Ctrl Pts',(85.5825625,5.63625,0.));
#4915=CARTESIAN_POINT('Ctrl Pts',(85.5825625,5.63625,25.));
#4916=CARTESIAN_POINT('Ctrl Pts',(85.7095625,5.9934375,0.));
#4917=CARTESIAN_POINT('Ctrl Pts',(85.7095625,5.9934375,25.));
#4918=CARTESIAN_POINT('Ctrl Pts',(85.8206875,6.4855625,0.));
#4919=CARTESIAN_POINT('Ctrl Pts',(85.8206875,6.4855625,25.));
#4920=CARTESIAN_POINT('',(85.5349375,5.6441875,2.));
#4921=CARTESIAN_POINT('Ctrl Pts',(85.8206875,6.4855625,2.));
#4922=CARTESIAN_POINT('Ctrl Pts',(85.7095625,5.9934375,2.));
#4923=CARTESIAN_POINT('Ctrl Pts',(85.5825625,5.63625,2.));
#4924=CARTESIAN_POINT('Ctrl Pts',(85.5349375,5.6441875,2.));
#4925=CARTESIAN_POINT('',(85.5349375,5.6441875,0.));
#4926=CARTESIAN_POINT('Ctrl Pts',(85.5349375,5.6441875,0.));
#4927=CARTESIAN_POINT('Ctrl Pts',(85.5825625,5.63625,0.));
#4928=CARTESIAN_POINT('Ctrl Pts',(85.7095625,5.9934375,0.));
#4929=CARTESIAN_POINT('Ctrl Pts',(85.8206875,6.4855625,0.));
#4930=CARTESIAN_POINT('',(85.5349375,5.6441875,0.));
#4931=CARTESIAN_POINT('Ctrl Pts',(83.495,6.33475,0.));
#4932=CARTESIAN_POINT('Ctrl Pts',(83.495,6.33475,25.));
#4933=CARTESIAN_POINT('Ctrl Pts',(83.495,6.287125,0.));
#4934=CARTESIAN_POINT('Ctrl Pts',(83.495,6.287125,25.));
#4935=CARTESIAN_POINT('Ctrl Pts',(85.352375,5.652125,0.));
#4936=CARTESIAN_POINT('Ctrl Pts',(85.352375,5.652125,25.));
#4937=CARTESIAN_POINT('Ctrl Pts',(85.5349375,5.6441875,0.));
#4938=CARTESIAN_POINT('Ctrl Pts',(85.5349375,5.6441875,25.));
#4939=CARTESIAN_POINT('',(83.495,6.33475,2.));
#4940=CARTESIAN_POINT('Ctrl Pts',(85.5349375,5.6441875,2.));
#4941=CARTESIAN_POINT('Ctrl Pts',(85.352375,5.652125,2.));
#4942=CARTESIAN_POINT('Ctrl Pts',(83.495,6.287125,2.));
#4943=CARTESIAN_POINT('Ctrl Pts',(83.495,6.33475,2.));
#4944=CARTESIAN_POINT('',(83.495,6.33475,0.));
#4945=CARTESIAN_POINT('Ctrl Pts',(83.495,6.33475,0.));
#4946=CARTESIAN_POINT('Ctrl Pts',(83.495,6.287125,0.));
#4947=CARTESIAN_POINT('Ctrl Pts',(85.352375,5.652125,0.));
#4948=CARTESIAN_POINT('Ctrl Pts',(85.5349375,5.6441875,0.));
#4949=CARTESIAN_POINT('',(83.495,6.33475,0.));
#4950=CARTESIAN_POINT('Ctrl Pts',(84.0744375,6.699875,0.));
#4951=CARTESIAN_POINT('Ctrl Pts',(84.0744375,6.699875,25.));
#4952=CARTESIAN_POINT('Ctrl Pts',(83.7569375,6.5331875,0.));
#4953=CARTESIAN_POINT('Ctrl Pts',(83.7569375,6.5331875,25.));
#4954=CARTESIAN_POINT('Ctrl Pts',(83.495,6.3665,0.));
#4955=CARTESIAN_POINT('Ctrl Pts',(83.495,6.3665,25.));
#4956=CARTESIAN_POINT('Ctrl Pts',(83.495,6.33475,0.));
#4957=CARTESIAN_POINT('Ctrl Pts',(83.495,6.33475,25.));
#4958=CARTESIAN_POINT('',(84.0744375,6.699875,2.));
#4959=CARTESIAN_POINT('Ctrl Pts',(83.495,6.33475,2.));
#4960=CARTESIAN_POINT('Ctrl Pts',(83.495,6.3665,2.));
#4961=CARTESIAN_POINT('Ctrl Pts',(83.7569375,6.5331875,2.));
#4962=CARTESIAN_POINT('Ctrl Pts',(84.0744375,6.699875,2.));
#4963=CARTESIAN_POINT('',(84.0744375,6.699875,0.));
#4964=CARTESIAN_POINT('Ctrl Pts',(84.0744375,6.699875,0.));
#4965=CARTESIAN_POINT('Ctrl Pts',(83.7569375,6.5331875,0.));
#4966=CARTESIAN_POINT('Ctrl Pts',(83.495,6.3665,0.));
#4967=CARTESIAN_POINT('Ctrl Pts',(83.495,6.33475,0.));
#4968=CARTESIAN_POINT('',(84.0744375,6.699875,0.));
#4969=CARTESIAN_POINT('Ctrl Pts',(85.8683125,7.7238125,0.));
#4970=CARTESIAN_POINT('Ctrl Pts',(85.8683125,7.7238125,25.));
#4971=CARTESIAN_POINT('Ctrl Pts',(85.130125,7.28725,0.));
#4972=CARTESIAN_POINT('Ctrl Pts',(85.130125,7.28725,25.));
#4973=CARTESIAN_POINT('Ctrl Pts',(84.590375,6.9776875,0.));
#4974=CARTESIAN_POINT('Ctrl Pts',(84.590375,6.9776875,25.));
#4975=CARTESIAN_POINT('Ctrl Pts',(84.0744375,6.699875,0.));
#4976=CARTESIAN_POINT('Ctrl Pts',(84.0744375,6.699875,25.));
#4977=CARTESIAN_POINT('',(85.8683125,7.7238125,2.));
#4978=CARTESIAN_POINT('Ctrl Pts',(84.0744375,6.699875,2.));
#4979=CARTESIAN_POINT('Ctrl Pts',(84.590375,6.9776875,2.));
#4980=CARTESIAN_POINT('Ctrl Pts',(85.130125,7.28725,2.));
#4981=CARTESIAN_POINT('Ctrl Pts',(85.8683125,7.7238125,2.));
#4982=CARTESIAN_POINT('',(85.8683125,7.7238125,0.));
#4983=CARTESIAN_POINT('Ctrl Pts',(85.8683125,7.7238125,0.));
#4984=CARTESIAN_POINT('Ctrl Pts',(85.130125,7.28725,0.));
#4985=CARTESIAN_POINT('Ctrl Pts',(84.590375,6.9776875,0.));
#4986=CARTESIAN_POINT('Ctrl Pts',(84.0744375,6.699875,0.));
#4987=CARTESIAN_POINT('',(85.8683125,7.7238125,0.));
#4988=CARTESIAN_POINT('Origin',(86.13025,7.8825625,0.));
#4989=CARTESIAN_POINT('',(86.13025,7.8825625,2.));
#4990=CARTESIAN_POINT('',(82.1415550705171,5.4651716336468,2.));
#4991=CARTESIAN_POINT('',(86.13025,7.8825625,0.));
#4992=CARTESIAN_POINT('',(82.1415550705171,5.4651716336468,0.));
#4993=CARTESIAN_POINT('',(86.13025,7.8825625,0.));
#4994=CARTESIAN_POINT('Origin',(86.0746875,7.6126875,0.));
#4995=CARTESIAN_POINT('',(85.1993848807055,3.36121763485478,2.));
#4996=CARTESIAN_POINT('',(85.1993848807054,3.36121763485479,0.));
#4997=CARTESIAN_POINT('Origin',(70.5965625,15.3120625,0.));
#4998=CARTESIAN_POINT('',(70.5965625,16.732875,2.));
#4999=CARTESIAN_POINT('',(70.5965625,15.3120625,2.));
#5000=CARTESIAN_POINT('',(70.5965625,7.65603125,2.));
#5001=CARTESIAN_POINT('',(70.5965625,16.732875,0.));
#5002=CARTESIAN_POINT('',(70.5965625,16.732875,0.));
#5003=CARTESIAN_POINT('',(70.5965625,15.3120625,0.));
#5004=CARTESIAN_POINT('',(70.5965625,7.65603125000001,0.));
#5005=CARTESIAN_POINT('',(70.5965625,15.3120625,0.));
#5006=CARTESIAN_POINT('Ctrl Pts',(70.588625,13.89125,0.));
#5007=CARTESIAN_POINT('Ctrl Pts',(70.588625,13.89125,25.));
#5008=CARTESIAN_POINT('Ctrl Pts',(70.5965625,14.52625,0.));
#5009=CARTESIAN_POINT('Ctrl Pts',(70.5965625,14.52625,25.));
#5010=CARTESIAN_POINT('Ctrl Pts',(70.5965625,15.3120625,0.));
#5011=CARTESIAN_POINT('Ctrl Pts',(70.5965625,15.3120625,25.));
#5012=CARTESIAN_POINT('',(70.588625,13.89125,2.));
#5013=CARTESIAN_POINT('Ctrl Pts',(70.5965625,15.3120625,2.));
#5014=CARTESIAN_POINT('Ctrl Pts',(70.5965625,14.7881875,2.));
#5015=CARTESIAN_POINT('Ctrl Pts',(70.5939166666667,14.3145833333333,2.));
#5016=CARTESIAN_POINT('Ctrl Pts',(70.588625,13.89125,2.));
#5017=CARTESIAN_POINT('',(70.588625,13.89125,0.));
#5018=CARTESIAN_POINT('Ctrl Pts',(70.588625,13.89125,0.));
#5019=CARTESIAN_POINT('Ctrl Pts',(70.5965625,14.52625,0.));
#5020=CARTESIAN_POINT('Ctrl Pts',(70.5965625,15.3120625,0.));
#5021=CARTESIAN_POINT('',(70.588625,13.89125,0.));
#5022=CARTESIAN_POINT('Ctrl Pts',(69.8345625,14.5818125,0.));
#5023=CARTESIAN_POINT('Ctrl Pts',(69.8345625,14.5818125,25.));
#5024=CARTESIAN_POINT('Ctrl Pts',(70.239375,14.2008125,0.));
#5025=CARTESIAN_POINT('Ctrl Pts',(70.239375,14.2008125,25.));
#5026=CARTESIAN_POINT('Ctrl Pts',(70.5806875,13.89125,0.));
#5027=CARTESIAN_POINT('Ctrl Pts',(70.5806875,13.89125,25.));
#5028=CARTESIAN_POINT('Ctrl Pts',(70.588625,13.89125,0.));
#5029=CARTESIAN_POINT('Ctrl Pts',(70.588625,13.89125,25.));
#5030=CARTESIAN_POINT('',(69.8345625,14.5818125,2.));
#5031=CARTESIAN_POINT('Ctrl Pts',(70.588625,13.89125,2.));
#5032=CARTESIAN_POINT('Ctrl Pts',(70.5806875,13.89125,2.));
#5033=CARTESIAN_POINT('Ctrl Pts',(70.239375,14.2008125,2.));
#5034=CARTESIAN_POINT('Ctrl Pts',(69.8345625,14.5818125,2.));
#5035=CARTESIAN_POINT('',(69.8345625,14.5818125,0.));
#5036=CARTESIAN_POINT('Ctrl Pts',(69.8345625,14.5818125,0.));
#5037=CARTESIAN_POINT('Ctrl Pts',(70.239375,14.2008125,0.));
#5038=CARTESIAN_POINT('Ctrl Pts',(70.5806875,13.89125,0.));
#5039=CARTESIAN_POINT('Ctrl Pts',(70.588625,13.89125,0.));
#5040=CARTESIAN_POINT('',(69.8345625,14.5818125,0.));
#5041=CARTESIAN_POINT('Ctrl Pts',(69.064625,15.28825,0.));
#5042=CARTESIAN_POINT('Ctrl Pts',(69.064625,15.28825,25.));
#5043=CARTESIAN_POINT('Ctrl Pts',(69.0725625,15.272375,0.));
#5044=CARTESIAN_POINT('Ctrl Pts',(69.0725625,15.272375,25.));
#5045=CARTESIAN_POINT('Ctrl Pts',(69.4218125,14.954875,0.));
#5046=CARTESIAN_POINT('Ctrl Pts',(69.4218125,14.954875,25.));
#5047=CARTESIAN_POINT('Ctrl Pts',(69.8345625,14.5818125,0.));
#5048=CARTESIAN_POINT('Ctrl Pts',(69.8345625,14.5818125,25.));
#5049=CARTESIAN_POINT('',(69.064625,15.28825,2.));
#5050=CARTESIAN_POINT('Ctrl Pts',(69.8345625,14.5818125,2.));
#5051=CARTESIAN_POINT('Ctrl Pts',(69.4218125,14.954875,2.));
#5052=CARTESIAN_POINT('Ctrl Pts',(69.0725625,15.272375,2.));
#5053=CARTESIAN_POINT('Ctrl Pts',(69.064625,15.28825,2.));
#5054=CARTESIAN_POINT('',(69.064625,15.28825,0.));
#5055=CARTESIAN_POINT('Ctrl Pts',(69.064625,15.28825,0.));
#5056=CARTESIAN_POINT('Ctrl Pts',(69.0725625,15.272375,0.));
#5057=CARTESIAN_POINT('Ctrl Pts',(69.4218125,14.954875,0.));
#5058=CARTESIAN_POINT('Ctrl Pts',(69.8345625,14.5818125,0.));
#5059=CARTESIAN_POINT('',(69.064625,15.28825,0.));
#5060=CARTESIAN_POINT('Ctrl Pts',(70.4060625,16.5820625,0.));
#5061=CARTESIAN_POINT('Ctrl Pts',(70.4060625,16.5820625,25.));
#5062=CARTESIAN_POINT('Ctrl Pts',(70.112375,16.351875,0.));
#5063=CARTESIAN_POINT('Ctrl Pts',(70.112375,16.351875,25.));
#5064=CARTESIAN_POINT('Ctrl Pts',(69.032875,15.3120625,0.));
#5065=CARTESIAN_POINT('Ctrl Pts',(69.032875,15.3120625,25.));
#5066=CARTESIAN_POINT('Ctrl Pts',(69.064625,15.28825,0.));
#5067=CARTESIAN_POINT('Ctrl Pts',(69.064625,15.28825,25.));
#5068=CARTESIAN_POINT('',(70.4060625,16.5820625,2.));
#5069=CARTESIAN_POINT('Ctrl Pts',(69.064625,15.28825,2.));
#5070=CARTESIAN_POINT('Ctrl Pts',(69.032875,15.3120625,2.));
#5071=CARTESIAN_POINT('Ctrl Pts',(70.112375,16.351875,2.));
#5072=CARTESIAN_POINT('Ctrl Pts',(70.4060625,16.5820625,2.));
#5073=CARTESIAN_POINT('',(70.4060625,16.5820625,0.));
#5074=CARTESIAN_POINT('Ctrl Pts',(70.4060625,16.5820625,0.));
#5075=CARTESIAN_POINT('Ctrl Pts',(70.112375,16.351875,0.));
#5076=CARTESIAN_POINT('Ctrl Pts',(69.032875,15.3120625,0.));
#5077=CARTESIAN_POINT('Ctrl Pts',(69.064625,15.28825,0.));
#5078=CARTESIAN_POINT('',(70.4060625,16.5820625,0.));
#5079=CARTESIAN_POINT('Origin',(70.5965625,16.732875,0.));
#5080=CARTESIAN_POINT('',(69.4152332577375,15.7976560165422,2.));
#5081=CARTESIAN_POINT('',(69.4152332577375,15.7976560165422,0.));
#5082=CARTESIAN_POINT('Ctrl Pts',(84.003,29.369375,0.));
#5083=CARTESIAN_POINT('Ctrl Pts',(84.003,29.369375,25.));
#5084=CARTESIAN_POINT('Ctrl Pts',(83.3759375,30.607625,0.));
#5085=CARTESIAN_POINT('Ctrl Pts',(83.3759375,30.607625,25.));
#5086=CARTESIAN_POINT('Ctrl Pts',(82.987,31.1553125,0.));
#5087=CARTESIAN_POINT('Ctrl Pts',(82.987,31.1553125,25.));
#5088=CARTESIAN_POINT('Ctrl Pts',(82.19325,31.957,0.));
#5089=CARTESIAN_POINT('Ctrl Pts',(82.19325,31.957,25.));
#5090=CARTESIAN_POINT('',(82.19325,31.957,2.));
#5091=CARTESIAN_POINT('',(84.003,29.369375,2.));
#5092=CARTESIAN_POINT('Ctrl Pts',(82.19325,31.957,2.));
#5093=CARTESIAN_POINT('Ctrl Pts',(82.987,31.1553125,2.));
#5094=CARTESIAN_POINT('Ctrl Pts',(83.3759375,30.607625,2.));
#5095=CARTESIAN_POINT('Ctrl Pts',(84.003,29.369375,2.));
#5096=CARTESIAN_POINT('',(82.19325,31.957,0.));
#5097=CARTESIAN_POINT('',(82.19325,31.957,0.));
#5098=CARTESIAN_POINT('',(84.003,29.369375,0.));
#5099=CARTESIAN_POINT('Ctrl Pts',(84.003,29.369375,0.));
#5100=CARTESIAN_POINT('Ctrl Pts',(83.3759375,30.607625,0.));
#5101=CARTESIAN_POINT('Ctrl Pts',(82.987,31.1553125,0.));
#5102=CARTESIAN_POINT('Ctrl Pts',(82.19325,31.957,0.));
#5103=CARTESIAN_POINT('',(84.003,29.369375,0.));
#5104=CARTESIAN_POINT('Ctrl Pts',(84.8364375,27.35325,0.));
#5105=CARTESIAN_POINT('Ctrl Pts',(84.8364375,27.35325,25.));
#5106=CARTESIAN_POINT('Ctrl Pts',(84.892,27.4088125,0.));
#5107=CARTESIAN_POINT('Ctrl Pts',(84.892,27.4088125,25.));
#5108=CARTESIAN_POINT('Ctrl Pts',(84.431625,28.5200625,0.));
#5109=CARTESIAN_POINT('Ctrl Pts',(84.431625,28.5200625,25.));
#5110=CARTESIAN_POINT('Ctrl Pts',(84.003,29.369375,0.));
#5111=CARTESIAN_POINT('Ctrl Pts',(84.003,29.369375,25.));
#5112=CARTESIAN_POINT('',(84.8364375,27.35325,2.));
#5113=CARTESIAN_POINT('Ctrl Pts',(84.003,29.369375,2.));
#5114=CARTESIAN_POINT('Ctrl Pts',(84.431625,28.5200625,2.));
#5115=CARTESIAN_POINT('Ctrl Pts',(84.892,27.4088125,2.));
#5116=CARTESIAN_POINT('Ctrl Pts',(84.8364375,27.35325,2.));
#5117=CARTESIAN_POINT('',(84.8364375,27.35325,0.));
#5118=CARTESIAN_POINT('Ctrl Pts',(84.8364375,27.35325,0.));
#5119=CARTESIAN_POINT('Ctrl Pts',(84.892,27.4088125,0.));
#5120=CARTESIAN_POINT('Ctrl Pts',(84.431625,28.5200625,0.));
#5121=CARTESIAN_POINT('Ctrl Pts',(84.003,29.369375,0.));
#5122=CARTESIAN_POINT('',(84.8364375,27.35325,0.));
#5123=CARTESIAN_POINT('Ctrl Pts',(83.97125,27.0675,0.));
#5124=CARTESIAN_POINT('Ctrl Pts',(83.97125,27.0675,25.));
#5125=CARTESIAN_POINT('Ctrl Pts',(84.431625,27.210375,0.));
#5126=CARTESIAN_POINT('Ctrl Pts',(84.431625,27.210375,25.));
#5127=CARTESIAN_POINT('Ctrl Pts',(84.8205625,27.337375,0.));
#5128=CARTESIAN_POINT('Ctrl Pts',(84.8205625,27.337375,25.));
#5129=CARTESIAN_POINT('Ctrl Pts',(84.8364375,27.35325,0.));
#5130=CARTESIAN_POINT('Ctrl Pts',(84.8364375,27.35325,25.));
#5131=CARTESIAN_POINT('',(83.97125,27.0675,2.));
#5132=CARTESIAN_POINT('Ctrl Pts',(84.8364375,27.35325,2.));
#5133=CARTESIAN_POINT('Ctrl Pts',(84.8205625,27.337375,2.));
#5134=CARTESIAN_POINT('Ctrl Pts',(84.431625,27.210375,2.));
#5135=CARTESIAN_POINT('Ctrl Pts',(83.97125,27.0675,2.));
#5136=CARTESIAN_POINT('',(83.97125,27.0675,0.));
#5137=CARTESIAN_POINT('Ctrl Pts',(83.97125,27.0675,0.));
#5138=CARTESIAN_POINT('Ctrl Pts',(84.431625,27.210375,0.));
#5139=CARTESIAN_POINT('Ctrl Pts',(84.8205625,27.337375,0.));
#5140=CARTESIAN_POINT('Ctrl Pts',(84.8364375,27.35325,0.));
#5141=CARTESIAN_POINT('',(83.97125,27.0675,0.));
#5142=CARTESIAN_POINT('Ctrl Pts',(81.8201875,26.3055,0.));
#5143=CARTESIAN_POINT('Ctrl Pts',(81.8201875,26.3055,25.));
#5144=CARTESIAN_POINT('Ctrl Pts',(82.5425,26.5833125,0.));
#5145=CARTESIAN_POINT('Ctrl Pts',(82.5425,26.5833125,25.));
#5146=CARTESIAN_POINT('Ctrl Pts',(83.510875,26.9325625,0.));
#5147=CARTESIAN_POINT('Ctrl Pts',(83.510875,26.9325625,25.));
#5148=CARTESIAN_POINT('Ctrl Pts',(83.97125,27.0675,0.));
#5149=CARTESIAN_POINT('Ctrl Pts',(83.97125,27.0675,25.));
#5150=CARTESIAN_POINT('',(81.8201875,26.3055,2.));
#5151=CARTESIAN_POINT('Ctrl Pts',(83.97125,27.0675,2.));
#5152=CARTESIAN_POINT('Ctrl Pts',(83.510875,26.9325625,2.));
#5153=CARTESIAN_POINT('Ctrl Pts',(82.5425,26.5833125,2.));
#5154=CARTESIAN_POINT('Ctrl Pts',(81.8201875,26.3055,2.));
#5155=CARTESIAN_POINT('',(81.8201875,26.3055,0.));
#5156=CARTESIAN_POINT('Ctrl Pts',(81.8201875,26.3055,0.));
#5157=CARTESIAN_POINT('Ctrl Pts',(82.5425,26.5833125,0.));
#5158=CARTESIAN_POINT('Ctrl Pts',(83.510875,26.9325625,0.));
#5159=CARTESIAN_POINT('Ctrl Pts',(83.97125,27.0675,0.));
#5160=CARTESIAN_POINT('',(81.8201875,26.3055,0.));
#5161=CARTESIAN_POINT('Ctrl Pts',(80.35175,25.8054375,0.));
#5162=CARTESIAN_POINT('Ctrl Pts',(80.35175,25.8054375,25.));
#5163=CARTESIAN_POINT('Ctrl Pts',(80.431125,25.7975,0.));
#5164=CARTESIAN_POINT('Ctrl Pts',(80.431125,25.7975,25.));
#5165=CARTESIAN_POINT('Ctrl Pts',(81.097875,26.0276875,0.));
#5166=CARTESIAN_POINT('Ctrl Pts',(81.097875,26.0276875,25.));
#5167=CARTESIAN_POINT('Ctrl Pts',(81.8201875,26.3055,0.));
#5168=CARTESIAN_POINT('Ctrl Pts',(81.8201875,26.3055,25.));
#5169=CARTESIAN_POINT('',(80.35175,25.8054375,2.));
#5170=CARTESIAN_POINT('Ctrl Pts',(81.8201875,26.3055,2.));
#5171=CARTESIAN_POINT('Ctrl Pts',(81.097875,26.0276875,2.));
#5172=CARTESIAN_POINT('Ctrl Pts',(80.431125,25.7975,2.));
#5173=CARTESIAN_POINT('Ctrl Pts',(80.35175,25.8054375,2.));
#5174=CARTESIAN_POINT('',(80.35175,25.8054375,0.));
#5175=CARTESIAN_POINT('Ctrl Pts',(80.35175,25.8054375,0.));
#5176=CARTESIAN_POINT('Ctrl Pts',(80.431125,25.7975,0.));
#5177=CARTESIAN_POINT('Ctrl Pts',(81.097875,26.0276875,0.));
#5178=CARTESIAN_POINT('Ctrl Pts',(81.8201875,26.3055,0.));
#5179=CARTESIAN_POINT('',(80.35175,25.8054375,0.));
#5180=CARTESIAN_POINT('Ctrl Pts',(79.6453125,26.0515,0.));
#5181=CARTESIAN_POINT('Ctrl Pts',(79.6453125,26.0515,25.));
#5182=CARTESIAN_POINT('Ctrl Pts',(79.954875,25.9165625,0.));
#5183=CARTESIAN_POINT('Ctrl Pts',(79.954875,25.9165625,25.));
#5184=CARTESIAN_POINT('Ctrl Pts',(80.272375,25.8054375,0.));
#5185=CARTESIAN_POINT('Ctrl Pts',(80.272375,25.8054375,25.));
#5186=CARTESIAN_POINT('Ctrl Pts',(80.35175,25.8054375,0.));
#5187=CARTESIAN_POINT('Ctrl Pts',(80.35175,25.8054375,25.));
#5188=CARTESIAN_POINT('',(79.6453125,26.0515,2.));
#5189=CARTESIAN_POINT('Ctrl Pts',(80.35175,25.8054375,2.));
#5190=CARTESIAN_POINT('Ctrl Pts',(80.272375,25.8054375,2.));
#5191=CARTESIAN_POINT('Ctrl Pts',(79.954875,25.9165625,2.));
#5192=CARTESIAN_POINT('Ctrl Pts',(79.6453125,26.0515,2.));
#5193=CARTESIAN_POINT('',(79.6453125,26.0515,0.));
#5194=CARTESIAN_POINT('Ctrl Pts',(79.6453125,26.0515,0.));
#5195=CARTESIAN_POINT('Ctrl Pts',(79.954875,25.9165625,0.));
#5196=CARTESIAN_POINT('Ctrl Pts',(80.272375,25.8054375,0.));
#5197=CARTESIAN_POINT('Ctrl Pts',(80.35175,25.8054375,0.));
#5198=CARTESIAN_POINT('',(79.6453125,26.0515,0.));
#5199=CARTESIAN_POINT('Ctrl Pts',(75.9305625,27.35325,0.));
#5200=CARTESIAN_POINT('Ctrl Pts',(75.9305625,27.35325,25.));
#5201=CARTESIAN_POINT('Ctrl Pts',(76.811625,27.1071875,0.));
#5202=CARTESIAN_POINT('Ctrl Pts',(76.811625,27.1071875,25.));
#5203=CARTESIAN_POINT('Ctrl Pts',(78.875375,26.384875,0.));
#5204=CARTESIAN_POINT('Ctrl Pts',(78.875375,26.384875,25.));
#5205=CARTESIAN_POINT('Ctrl Pts',(79.6453125,26.0515,0.));
#5206=CARTESIAN_POINT('Ctrl Pts',(79.6453125,26.0515,25.));
#5207=CARTESIAN_POINT('',(75.9305625,27.35325,2.));
#5208=CARTESIAN_POINT('Ctrl Pts',(79.6453125,26.0515,2.));
#5209=CARTESIAN_POINT('Ctrl Pts',(78.875375,26.384875,2.));
#5210=CARTESIAN_POINT('Ctrl Pts',(76.811625,27.1071875,2.));
#5211=CARTESIAN_POINT('Ctrl Pts',(75.9305625,27.35325,2.));
#5212=CARTESIAN_POINT('',(75.9305625,27.35325,0.));
#5213=CARTESIAN_POINT('Ctrl Pts',(75.9305625,27.35325,0.));
#5214=CARTESIAN_POINT('Ctrl Pts',(76.811625,27.1071875,0.));
#5215=CARTESIAN_POINT('Ctrl Pts',(78.875375,26.384875,0.));
#5216=CARTESIAN_POINT('Ctrl Pts',(79.6453125,26.0515,0.));
#5217=CARTESIAN_POINT('',(75.9305625,27.35325,0.));
#5218=CARTESIAN_POINT('Ctrl Pts',(75.1050625,27.5834375,0.));
#5219=CARTESIAN_POINT('Ctrl Pts',(75.1050625,27.5834375,25.));
#5220=CARTESIAN_POINT('Ctrl Pts',(75.160625,27.5675625,0.));
#5221=CARTESIAN_POINT('Ctrl Pts',(75.160625,27.5675625,25.));
#5222=CARTESIAN_POINT('Ctrl Pts',(75.5336875,27.464375,0.));
#5223=CARTESIAN_POINT('Ctrl Pts',(75.5336875,27.464375,25.));
#5224=CARTESIAN_POINT('Ctrl Pts',(75.9305625,27.35325,0.));
#5225=CARTESIAN_POINT('Ctrl Pts',(75.9305625,27.35325,25.));
#5226=CARTESIAN_POINT('',(75.1050625,27.5834375,2.));
#5227=CARTESIAN_POINT('Ctrl Pts',(75.9305625,27.35325,2.));
#5228=CARTESIAN_POINT('Ctrl Pts',(75.5336875,27.464375,2.));
#5229=CARTESIAN_POINT('Ctrl Pts',(75.160625,27.5675625,2.));
#5230=CARTESIAN_POINT('Ctrl Pts',(75.1050625,27.5834375,2.));
#5231=CARTESIAN_POINT('',(75.1050625,27.5834375,0.));
#5232=CARTESIAN_POINT('Ctrl Pts',(75.1050625,27.5834375,0.));
#5233=CARTESIAN_POINT('Ctrl Pts',(75.160625,27.5675625,0.));
#5234=CARTESIAN_POINT('Ctrl Pts',(75.5336875,27.464375,0.));
#5235=CARTESIAN_POINT('Ctrl Pts',(75.9305625,27.35325,0.));
#5236=CARTESIAN_POINT('',(75.1050625,27.5834375,0.));
#5237=CARTESIAN_POINT('Ctrl Pts',(75.8353125,29.44875,0.));
#5238=CARTESIAN_POINT('Ctrl Pts',(75.8353125,29.44875,25.));
#5239=CARTESIAN_POINT('Ctrl Pts',(75.319375,28.416875,0.));
#5240=CARTESIAN_POINT('Ctrl Pts',(75.319375,28.416875,25.));
#5241=CARTESIAN_POINT('Ctrl Pts',(75.001875,27.6151875,0.));
#5242=CARTESIAN_POINT('Ctrl Pts',(75.001875,27.6151875,25.));
#5243=CARTESIAN_POINT('Ctrl Pts',(75.1050625,27.5834375,0.));
#5244=CARTESIAN_POINT('Ctrl Pts',(75.1050625,27.5834375,25.));
#5245=CARTESIAN_POINT('',(75.8353125,29.44875,2.));
#5246=CARTESIAN_POINT('Ctrl Pts',(75.1050625,27.5834375,2.));
#5247=CARTESIAN_POINT('Ctrl Pts',(75.001875,27.6151875,2.));
#5248=CARTESIAN_POINT('Ctrl Pts',(75.319375,28.416875,2.));
#5249=CARTESIAN_POINT('Ctrl Pts',(75.8353125,29.44875,2.));
#5250=CARTESIAN_POINT('',(75.8353125,29.44875,0.));
#5251=CARTESIAN_POINT('Ctrl Pts',(75.8353125,29.44875,0.));
#5252=CARTESIAN_POINT('Ctrl Pts',(75.319375,28.416875,0.));
#5253=CARTESIAN_POINT('Ctrl Pts',(75.001875,27.6151875,0.));
#5254=CARTESIAN_POINT('Ctrl Pts',(75.1050625,27.5834375,0.));
#5255=CARTESIAN_POINT('',(75.8353125,29.44875,0.));
#5256=CARTESIAN_POINT('Ctrl Pts',(78.7325,32.861875,0.));
#5257=CARTESIAN_POINT('Ctrl Pts',(78.7325,32.861875,25.));
#5258=CARTESIAN_POINT('Ctrl Pts',(77.7561875,32.338,0.));
#5259=CARTESIAN_POINT('Ctrl Pts',(77.7561875,32.338,25.));
#5260=CARTESIAN_POINT('Ctrl Pts',(76.6131875,30.988625,0.));
#5261=CARTESIAN_POINT('Ctrl Pts',(76.6131875,30.988625,25.));
#5262=CARTESIAN_POINT('Ctrl Pts',(75.8353125,29.44875,0.));
#5263=CARTESIAN_POINT('Ctrl Pts',(75.8353125,29.44875,25.));
#5264=CARTESIAN_POINT('',(78.7325,32.861875,2.));
#5265=CARTESIAN_POINT('Ctrl Pts',(75.8353125,29.44875,2.));
#5266=CARTESIAN_POINT('Ctrl Pts',(76.6131875,30.988625,2.));
#5267=CARTESIAN_POINT('Ctrl Pts',(77.7561875,32.338,2.));
#5268=CARTESIAN_POINT('Ctrl Pts',(78.7325,32.861875,2.));
#5269=CARTESIAN_POINT('',(78.7325,32.861875,0.));
#5270=CARTESIAN_POINT('Ctrl Pts',(78.7325,32.861875,0.));
#5271=CARTESIAN_POINT('Ctrl Pts',(77.7561875,32.338,0.));
#5272=CARTESIAN_POINT('Ctrl Pts',(76.6131875,30.988625,0.));
#5273=CARTESIAN_POINT('Ctrl Pts',(75.8353125,29.44875,0.));
#5274=CARTESIAN_POINT('',(78.7325,32.861875,0.));
#5275=CARTESIAN_POINT('Ctrl Pts',(79.8834375,33.1396875,0.));
#5276=CARTESIAN_POINT('Ctrl Pts',(79.8834375,33.1396875,25.));
#5277=CARTESIAN_POINT('Ctrl Pts',(79.3119375,33.1396875,0.));
#5278=CARTESIAN_POINT('Ctrl Pts',(79.3119375,33.1396875,25.));
#5279=CARTESIAN_POINT('Ctrl Pts',(79.2008125,33.115875,0.));
#5280=CARTESIAN_POINT('Ctrl Pts',(79.2008125,33.115875,25.));
#5281=CARTESIAN_POINT('Ctrl Pts',(78.7325,32.861875,0.));
#5282=CARTESIAN_POINT('Ctrl Pts',(78.7325,32.861875,25.));
#5283=CARTESIAN_POINT('',(79.8834375,33.1396875,2.));
#5284=CARTESIAN_POINT('Ctrl Pts',(78.7325,32.861875,2.));
#5285=CARTESIAN_POINT('Ctrl Pts',(79.2008125,33.115875,2.));
#5286=CARTESIAN_POINT('Ctrl Pts',(79.3119375,33.1396875,2.));
#5287=CARTESIAN_POINT('Ctrl Pts',(79.8834375,33.1396875,2.));
#5288=CARTESIAN_POINT('',(79.8834375,33.1396875,0.));
#5289=CARTESIAN_POINT('Ctrl Pts',(79.8834375,33.1396875,0.));
#5290=CARTESIAN_POINT('Ctrl Pts',(79.3119375,33.1396875,0.));
#5291=CARTESIAN_POINT('Ctrl Pts',(79.2008125,33.115875,0.));
#5292=CARTESIAN_POINT('Ctrl Pts',(78.7325,32.861875,0.));
#5293=CARTESIAN_POINT('',(79.8834375,33.1396875,0.));
#5294=CARTESIAN_POINT('Ctrl Pts',(82.19325,31.957,0.));
#5295=CARTESIAN_POINT('Ctrl Pts',(82.19325,31.957,25.));
#5296=CARTESIAN_POINT('Ctrl Pts',(81.2486875,32.9015625,0.));
#5297=CARTESIAN_POINT('Ctrl Pts',(81.2486875,32.9015625,25.));
#5298=CARTESIAN_POINT('Ctrl Pts',(80.780375,33.1396875,0.));
#5299=CARTESIAN_POINT('Ctrl Pts',(80.780375,33.1396875,25.));
#5300=CARTESIAN_POINT('Ctrl Pts',(79.8834375,33.1396875,0.));
#5301=CARTESIAN_POINT('Ctrl Pts',(79.8834375,33.1396875,25.));
#5302=CARTESIAN_POINT('Ctrl Pts',(79.8834375,33.1396875,2.));
#5303=CARTESIAN_POINT('Ctrl Pts',(80.780375,33.1396875,2.));
#5304=CARTESIAN_POINT('Ctrl Pts',(81.2486875,32.9015625,2.));
#5305=CARTESIAN_POINT('Ctrl Pts',(82.19325,31.957,2.));
#5306=CARTESIAN_POINT('Ctrl Pts',(82.19325,31.957,0.));
#5307=CARTESIAN_POINT('Ctrl Pts',(81.2486875,32.9015625,0.));
#5308=CARTESIAN_POINT('Ctrl Pts',(80.780375,33.1396875,0.));
#5309=CARTESIAN_POINT('Ctrl Pts',(79.8834375,33.1396875,0.));
#5310=CARTESIAN_POINT('Origin',(80.,1.77635683940025E-14,19.));
#5311=CARTESIAN_POINT('',(52.,-40.4999999999999,19.));
#5312=CARTESIAN_POINT('',(50.,-40.4999999999999,19.));
#5313=CARTESIAN_POINT('',(65.,-40.4999999999999,19.));
#5314=CARTESIAN_POINT('',(50.,-60.4999999999999,19.));
#5315=CARTESIAN_POINT('',(50.,-60.4999999999999,19.));
#5316=CARTESIAN_POINT('',(60.0000008940697,-60.5,19.0000002235174));
#5317=CARTESIAN_POINT('',(110.,-60.5,19.));
#5318=CARTESIAN_POINT('',(60.0000008940697,-58.,19.0000002235174));
#5319=CARTESIAN_POINT('',(60.0000008940697,-30.25,19.));
#5320=CARTESIAN_POINT('',(52.,-58.,19.));
#5321=CARTESIAN_POINT('',(94.,-58.,19.));
#5322=CARTESIAN_POINT('',(52.,-29.,19.));
#5323=CARTESIAN_POINT('Origin',(80.,1.77635683940025E-14,19.));
#5324=CARTESIAN_POINT('',(50.,45.5000000000001,19.));
#5325=CARTESIAN_POINT('',(52.,45.5000000000001,19.));
#5326=CARTESIAN_POINT('',(65.,45.5000000000001,19.));
#5327=CARTESIAN_POINT('',(52.,58.,19.));
#5328=CARTESIAN_POINT('',(52.,-29.,19.));
#5329=CARTESIAN_POINT('',(108.,58.,19.));
#5330=CARTESIAN_POINT('',(66.,58.,19.));
#5331=CARTESIAN_POINT('',(108.,-58.,19.));
#5332=CARTESIAN_POINT('',(108.,29.,19.));
#5333=CARTESIAN_POINT('',(100.000001490116,-58.,19.0000002235174));
#5334=CARTESIAN_POINT('',(94.,-58.,19.));
#5335=CARTESIAN_POINT('',(100.000001490116,-60.5,19.0000002235174));
#5336=CARTESIAN_POINT('',(100.000001490116,-30.25,19.));
#5337=CARTESIAN_POINT('',(110.,-60.5,19.));
#5338=CARTESIAN_POINT('',(110.,-60.5,19.));
#5339=CARTESIAN_POINT('',(110.,60.5,19.));
#5340=CARTESIAN_POINT('',(110.,60.5,19.));
#5341=CARTESIAN_POINT('',(50.0000000000001,60.5000000000001,19.));
#5342=CARTESIAN_POINT('',(50.0000000000001,60.5000000000001,19.));
#5343=CARTESIAN_POINT('',(50.,-60.4999999999999,19.));
#5344=CARTESIAN_POINT('Origin',(56.3,-53.72,2.));
#5345=CARTESIAN_POINT('',(58.3,-53.72,15.));
#5346=CARTESIAN_POINT('Origin',(56.3,-53.72,15.));
#5347=CARTESIAN_POINT('',(58.3,-53.72,2.));
#5348=CARTESIAN_POINT('',(58.3,-53.72,2.));
#5349=CARTESIAN_POINT('Origin',(56.3,-53.72,2.));
#5350=CARTESIAN_POINT('Origin',(56.3,-53.72,2.));
#5351=CARTESIAN_POINT('',(59.3000000149012,-53.72,15.));
#5352=CARTESIAN_POINT('Origin',(56.3,-53.72,15.));
#5353=CARTESIAN_POINT('',(59.3000000149012,-53.72,2.));
#5354=CARTESIAN_POINT('',(59.3000000149012,-53.72,2.));
#5355=CARTESIAN_POINT('Origin',(56.3,-53.72,2.));
#5356=CARTESIAN_POINT('Origin',(56.3,-53.72,15.));
#5357=CARTESIAN_POINT('Origin',(80.,0.,2.));
#5358=CARTESIAN_POINT('',(52.,-58.,2.));
#5359=CARTESIAN_POINT('',(52.,-40.4999999999999,2.));
#5360=CARTESIAN_POINT('',(52.,-58.,2.));
#5361=CARTESIAN_POINT('',(108.,-58.,2.));
#5362=CARTESIAN_POINT('',(108.,-58.,2.));
#5363=CARTESIAN_POINT('',(108.,58.,2.));
#5364=CARTESIAN_POINT('',(108.,58.,2.));
#5365=CARTESIAN_POINT('',(52.,58.,2.));
#5366=CARTESIAN_POINT('',(52.,58.,2.));
#5367=CARTESIAN_POINT('',(52.,45.5000000000001,2.));
#5368=CARTESIAN_POINT('',(52.,-58.,2.));
#5369=CARTESIAN_POINT('',(50.,45.5000000000001,2.));
#5370=CARTESIAN_POINT('',(50.,45.5000000000001,2.));
#5371=CARTESIAN_POINT('',(50.,-40.4999999999999,2.));
#5372=CARTESIAN_POINT('',(50.,10.0000000000001,2.));
#5373=CARTESIAN_POINT('',(50.,-40.4999999999999,2.));
#5374=CARTESIAN_POINT('',(104.470000014901,-53.59,2.));
#5375=CARTESIAN_POINT('Origin',(101.47,-53.59,2.));
#5376=CARTESIAN_POINT('',(58.4400000149012,46.07,2.));
#5377=CARTESIAN_POINT('Origin',(55.44,46.07,2.));
#5378=CARTESIAN_POINT('',(103.610000014901,46.07,2.));
#5379=CARTESIAN_POINT('Origin',(100.61,46.07,2.));
#5380=CARTESIAN_POINT('Origin',(101.47,-53.59,2.));
#5381=CARTESIAN_POINT('',(103.47,-53.59,15.));
#5382=CARTESIAN_POINT('Origin',(101.47,-53.59,15.));
#5383=CARTESIAN_POINT('',(103.47,-53.59,2.));
#5384=CARTESIAN_POINT('',(103.47,-53.59,2.));
#5385=CARTESIAN_POINT('Origin',(101.47,-53.59,2.));
#5386=CARTESIAN_POINT('Origin',(101.47,-53.59,2.));
#5387=CARTESIAN_POINT('',(104.470000014901,-53.59,15.));
#5388=CARTESIAN_POINT('Origin',(101.47,-53.59,15.));
#5389=CARTESIAN_POINT('',(104.470000014901,-53.59,2.));
#5390=CARTESIAN_POINT('Origin',(101.47,-53.59,15.));
#5391=CARTESIAN_POINT('Origin',(80.,0.,2.));
#5392=CARTESIAN_POINT('Origin',(100.61,46.07,2.));
#5393=CARTESIAN_POINT('',(102.61,46.07,15.));
#5394=CARTESIAN_POINT('Origin',(100.61,46.07,15.));
#5395=CARTESIAN_POINT('',(102.61,46.07,2.));
#5396=CARTESIAN_POINT('',(102.61,46.07,2.));
#5397=CARTESIAN_POINT('Origin',(100.61,46.07,2.));
#5398=CARTESIAN_POINT('Origin',(100.61,46.07,2.));
#5399=CARTESIAN_POINT('',(103.610000014901,46.07,15.));
#5400=CARTESIAN_POINT('Origin',(100.61,46.07,15.));
#5401=CARTESIAN_POINT('',(103.610000014901,46.07,2.));
#5402=CARTESIAN_POINT('Origin',(100.61,46.07,15.));
#5403=CARTESIAN_POINT('Origin',(80.,0.,2.));
#5404=CARTESIAN_POINT('',(99.77,-53.59,2.));
#5405=CARTESIAN_POINT('Origin',(101.47,-53.59,2.));
#5406=CARTESIAN_POINT('Origin',(55.44,46.07,2.));
#5407=CARTESIAN_POINT('',(57.44,46.07,15.));
#5408=CARTESIAN_POINT('Origin',(55.44,46.07,15.));
#5409=CARTESIAN_POINT('',(57.44,46.07,2.));
#5410=CARTESIAN_POINT('',(57.44,46.07,2.));
#5411=CARTESIAN_POINT('Origin',(55.44,46.07,2.));
#5412=CARTESIAN_POINT('Origin',(55.44,46.07,2.));
#5413=CARTESIAN_POINT('',(58.4400000149012,46.07,15.));
#5414=CARTESIAN_POINT('Origin',(55.44,46.07,15.));
#5415=CARTESIAN_POINT('',(58.4400000149012,46.07,2.));
#5416=CARTESIAN_POINT('Origin',(55.44,46.07,15.));
#5417=CARTESIAN_POINT('Origin',(80.,0.,2.));
#5418=CARTESIAN_POINT('Origin',(101.47,-53.59,1.48926847382657));
#5419=CARTESIAN_POINT('',(101.47,-53.59,0.978536947653146));
#5420=CARTESIAN_POINT('',(100.62,-53.59,1.48926847382657));
#5421=CARTESIAN_POINT('Origin',(50.,-40.4999999999999,15.));
#5422=CARTESIAN_POINT('',(52.,-40.4999999999999,15.));
#5423=CARTESIAN_POINT('',(50.,-40.4999999999999,7.5));
#5424=CARTESIAN_POINT('Origin',(50.,45.5000000000001,2.));
#5425=CARTESIAN_POINT('',(52.,45.5000000000001,8.5));
#5426=CARTESIAN_POINT('',(50.0000000000001,45.5000000000001,1.));
#5427=CARTESIAN_POINT('Origin',(80.,0.,2.));
#5428=CARTESIAN_POINT('Origin',(52.,-58.,15.));
#5429=CARTESIAN_POINT('',(52.,-58.,15.));
#5430=CARTESIAN_POINT('Origin',(100.000001490116,-60.5,3.00000004470348));
#5431=CARTESIAN_POINT('',(60.0000008940697,-58.,3.00000004470348));
#5432=CARTESIAN_POINT('',(100.000001490116,-58.,3.00000004470348));
#5433=CARTESIAN_POINT('',(104.000000745058,-58.,3.00000004470348));
#5434=CARTESIAN_POINT('',(60.0000008940697,-60.5,3.00000004470348));
#5435=CARTESIAN_POINT('',(60.0000008940697,-60.5,3.00000004470348));
#5436=CARTESIAN_POINT('',(100.000001490116,-60.5,3.00000004470348));
#5437=CARTESIAN_POINT('',(75.000000745058,-60.5,3.00000004470348));
#5438=CARTESIAN_POINT('',(100.000001490116,-60.5,3.00000004470348));
#5439=CARTESIAN_POINT('Origin',(100.000001490116,-60.5,15.0000002235174));
#5440=CARTESIAN_POINT('',(100.000001490116,-58.,15.0000001117587));
#5441=CARTESIAN_POINT('',(100.000001490116,-60.5,7.50000011175871));
#5442=CARTESIAN_POINT('Origin',(60.0000008940697,-60.5,3.00000004470348));
#5443=CARTESIAN_POINT('',(60.0000008940697,-58.,9.00000002235174));
#5444=CARTESIAN_POINT('',(60.0000008940697,-60.5,1.50000002235174));
#5445=CARTESIAN_POINT('Origin',(108.,-58.,15.));
#5446=CARTESIAN_POINT('',(108.,-58.,15.));
#5447=CARTESIAN_POINT('Origin',(52.,-58.,15.));
#5448=CARTESIAN_POINT('',(52.,58.,15.));
#5449=CARTESIAN_POINT('Origin',(108.,58.,15.));
#5450=CARTESIAN_POINT('',(108.,58.,15.));
#5451=CARTESIAN_POINT('Origin',(52.,58.,15.));
#5452=CARTESIAN_POINT('Origin',(50.0000000000001,60.5000000000001,0.));
#5453=CARTESIAN_POINT('',(50.0000000000001,60.5000000000001,0.));
#5454=CARTESIAN_POINT('',(50.0000000000001,60.5000000000001,0.));
#5455=CARTESIAN_POINT('',(50.,-60.4999999999999,0.));
#5456=CARTESIAN_POINT('',(50.,-60.4999999999999,0.));
#5457=CARTESIAN_POINT('',(50.,-60.4999999999999,0.));
#5458=CARTESIAN_POINT('Origin',(110.,60.5,0.));
#5459=CARTESIAN_POINT('',(110.,60.5,0.));
#5460=CARTESIAN_POINT('',(50.0000000000001,60.5000000000001,0.));
#5461=CARTESIAN_POINT('',(110.,60.5,0.));
#5462=CARTESIAN_POINT('Origin',(110.,-60.5,0.));
#5463=CARTESIAN_POINT('',(110.,-60.5,0.));
#5464=CARTESIAN_POINT('',(110.,60.5,0.));
#5465=CARTESIAN_POINT('',(110.,-60.5,0.));
#5466=CARTESIAN_POINT('Origin',(50.,-60.4999999999999,0.));
#5467=CARTESIAN_POINT('',(110.,-60.5,0.));
#5468=CARTESIAN_POINT('Origin',(80.,1.77635683940025E-14,0.));
#5469=UNCERTAINTY_MEASURE_WITH_UNIT(LENGTH_MEASURE(0.01),#5473,
'DISTANCE_ACCURACY_VALUE',
'Maximum model space distance between geometric entities at asserted c
onnectivities');
#5470=UNCERTAINTY_MEASURE_WITH_UNIT(LENGTH_MEASURE(0.01),#5473,
'DISTANCE_ACCURACY_VALUE',
'Maximum model space distance between geometric entities at asserted c
onnectivities');
#5471=(
GEOMETRIC_REPRESENTATION_CONTEXT(3)
GLOBAL_UNCERTAINTY_ASSIGNED_CONTEXT((#5469))
GLOBAL_UNIT_ASSIGNED_CONTEXT((#5473,#5475,#5476))
REPRESENTATION_CONTEXT('','3D')
);
#5472=(
GEOMETRIC_REPRESENTATION_CONTEXT(3)
GLOBAL_UNCERTAINTY_ASSIGNED_CONTEXT((#5470))
GLOBAL_UNIT_ASSIGNED_CONTEXT((#5473,#5475,#5476))
REPRESENTATION_CONTEXT('','3D')
);
#5473=(
LENGTH_UNIT()
NAMED_UNIT(*)
SI_UNIT(.MILLI.,.METRE.)
);
#5474=(
LENGTH_UNIT()
NAMED_UNIT(*)
SI_UNIT($,.METRE.)
);
#5475=(
NAMED_UNIT(*)
PLANE_ANGLE_UNIT()
SI_UNIT($,.RADIAN.)
);
#5476=(
NAMED_UNIT(*)
SI_UNIT($,.STERADIAN.)
SOLID_ANGLE_UNIT()
);
#5477=SHAPE_DEFINITION_REPRESENTATION(#5478,#5479);
#5478=PRODUCT_DEFINITION_SHAPE('',$,#5481);
#5479=SHAPE_REPRESENTATION('',(#2900),#5471);
#5480=PRODUCT_DEFINITION_CONTEXT('part definition',#5485,'design');
#5481=PRODUCT_DEFINITION('FusionComponent','FusionComponent',#5482,#5480);
#5482=PRODUCT_DEFINITION_FORMATION('',$,#5487);
#5483=PRODUCT_RELATED_PRODUCT_CATEGORY('FusionComponent',
'FusionComponent',(#5487));
#5484=APPLICATION_PROTOCOL_DEFINITION('international standard',
'automotive_design',2009,#5485);
#5485=APPLICATION_CONTEXT(
'Core Data for Automotive Mechanical Design Process');
#5486=PRODUCT_CONTEXT('part definition',#5485,'mechanical');
#5487=PRODUCT('FusionComponent','FusionComponent',$,(#5486));
#5488=PRESENTATION_STYLE_ASSIGNMENT((#5489));
#5489=SURFACE_STYLE_USAGE(.BOTH.,#5490);
#5490=SURFACE_SIDE_STYLE('',(#5491));
#5491=SURFACE_STYLE_FILL_AREA(#5492);
#5492=FILL_AREA_STYLE('Steel - Satin',(#5493));
#5493=FILL_AREA_STYLE_COLOUR('Steel - Satin',#5494);
#5494=COLOUR_RGB('Steel - Satin',0.627450980392157,0.627450980392157,0.627450980392157);
ENDSEC;
END-ISO-10303-21;
